study_id,study_title,study_description,accession_reference,study_type,inclusion_exclusion_criteria,grants,collected_by,lab_name,lab_address,study_contact,submitted_by,pub_ids,keywords_study,subject_id,synthetic,species,sex,age_min,age_max,age_unit,age_event,ancestry_population,ethnicity,race,strain_name,linked_subjects,link_type,study_group_description,disease_diagnosis,disease_length,disease_stage,prior_therapies,immunogen,intervention,medical_history,sample_id,sample_type,tissue,anatomic_site,disease_state_sample,collection_time_point_relative,collection_time_point_relative_unit,collection_time_point_reference,biomaterial_provider,tissue_processing,cell_subset,cell_phenotype,cell_species,single_cell,cell_number,cells_per_reaction,cell_storage,cell_quality,cell_isolation,cell_processing_protocol,template_class,template_quality,template_amount,template_amount_unit,library_generation_method,library_generation_protocol,library_generation_kit_version,complete_sequences,physical_linkage,pcr_target_locus,forward_pcr_primer_target_location,reverse_pcr_primer_target_location,sequencing_run_id,total_reads_passing_qc_filter,sequencing_platform,sequencing_facility,sequencing_run_date,sequencing_kit,sequencing_data_id,primary_annotation,file_type,filename,read_direction,read_length,paired_filename,paired_read_direction,paired_read_length,software_versions,paired_reads_assembly,quality_thresholds,primer_match_cutoffs,collapsing_method,data_processing_protocols,germline_database,data_processing_files,analysis_provenance_id,reference_assembly
PRJNA555323,The human immunoglobulin heavy chain constant gene locus is enriched for large complex structural variants and coding polymorphisms that vary in frequency among human populations,Long-read sequencing to resolve IGHC haplotype variations in different populations,HG01887,"{""id"": ""NCIT: C16084"", ""label"": ""Observational Study""} ",NA,"NIH R24AI138963,R01HG010169",UofL (Watson lab),Watson,"580S Preston St,Louisville,KY 40202",corey.watson@louisville.edu,Uddalok Jana,PMIDXXXXXXXX,"[""immune receptor genome""]",HG01887,FALSE,"{""id"": ""NCBITAXON: 9606"", ""label"": ""Homo sapiens""} ",NA,NA,NA,NA,NA,AFR,ACB,NA,NA,NA,NA,NA,NA,NA,NA,NA,NA,NA,NA,HG01887,LCL,NA,NA,NA,NA,NA,NA,NA,NA,NA,NA,NA,FALSE,NA,NA,NA,NA,NA,NA,NA,NA,NA,NA,IG-Capture,amplification and capture by hybridization of genomic dna to enrich nucleic acid sequences from IG genomic loci,NA,NA,NA,IGHC,NA,NA,NA,NA,SEQUELII,University of Louisville Sequencing Technology Center,NA,NA,NA,TRUE,BAM,NA,NA,NA,NA,NA,NA,"Igenotyper V1.X (unreleased), hifiasm V0.19.3, minimap2 v2.26 ",NA,NA,NA,manual,Data was processed using the Igenotyper pipeline (https://github.com/oscarlr/IGenotyper),IMGT:Homo sapiens:2022-11-24,NA,NA,ighc
PRJNA555323,The human immunoglobulin heavy chain constant gene locus is enriched for large complex structural variants and coding polymorphisms that vary in frequency among human populations,Long-read sequencing to resolve IGHC haplotype variations in different populations,HG02011,"{""id"": ""NCIT: C16084"", ""label"": ""Observational Study""} ",NA,"NIH R24AI138963,R01HG010169",UofL (Watson lab),Watson,"580S Preston St,Louisville,KY 40202",corey.watson@louisville.edu,Uddalok Jana,PMIDXXXXXXXX,"[""immune receptor genome""]",HG02011,FALSE,"{""id"": ""NCBITAXON: 9606"", ""label"": ""Homo sapiens""} ",NA,NA,NA,NA,NA,AFR,ACB,NA,NA,NA,NA,NA,NA,NA,NA,NA,NA,NA,NA,HG02011,LCL,NA,NA,NA,NA,NA,NA,NA,NA,NA,NA,NA,FALSE,NA,NA,NA,NA,NA,NA,NA,NA,NA,NA,IG-Capture,amplification and capture by hybridization of genomic dna to enrich nucleic acid sequences from IG genomic loci,NA,NA,NA,IGHC,NA,NA,NA,NA,SEQUELII,University of Louisville Sequencing Technology Center,NA,NA,NA,TRUE,BAM,NA,NA,NA,NA,NA,NA,"Igenotyper V1.X (unreleased), hifiasm V0.19.3, minimap2 v2.26 ",NA,NA,NA,manual,Data was processed using the Igenotyper pipeline (https://github.com/oscarlr/IGenotyper),IMGT:Homo sapiens:2022-11-24,NA,NA,ighc
PRJNA555323,The human immunoglobulin heavy chain constant gene locus is enriched for large complex structural variants and coding polymorphisms that vary in frequency among human populations,Long-read sequencing to resolve IGHC haplotype variations in different populations,HG03196,"{""id"": ""NCIT: C16084"", ""label"": ""Observational Study""} ",NA,"NIH R24AI138963,R01HG010169",UofL (Watson lab),Watson,"580S Preston St,Louisville,KY 40202",corey.watson@louisville.edu,Uddalok Jana,PMIDXXXXXXXX,"[""immune receptor genome""]",HG03196,FALSE,"{""id"": ""NCBITAXON: 9606"", ""label"": ""Homo sapiens""} ",NA,NA,NA,NA,NA,AFR,ESN,NA,NA,NA,NA,NA,NA,NA,NA,NA,NA,NA,NA,HG03196,LCL,NA,NA,NA,NA,NA,NA,NA,NA,NA,NA,NA,FALSE,NA,NA,NA,NA,NA,NA,NA,NA,NA,NA,IG-Capture,amplification and capture by hybridization of genomic dna to enrich nucleic acid sequences from IG genomic loci,NA,NA,NA,IGHC,NA,NA,NA,NA,SEQUELII,University of Louisville Sequencing Technology Center,NA,NA,NA,TRUE,BAM,NA,NA,NA,NA,NA,NA,"Igenotyper V1.X (unreleased), hifiasm V0.19.3, minimap2 v2.26 ",NA,NA,NA,manual,Data was processed using the Igenotyper pipeline (https://github.com/oscarlr/IGenotyper),IMGT:Homo sapiens:2022-11-24,NA,NA,ighc
PRJNA555323,The human immunoglobulin heavy chain constant gene locus is enriched for large complex structural variants and coding polymorphisms that vary in frequency among human populations,Long-read sequencing to resolve IGHC haplotype variations in different populations,HG03515,"{""id"": ""NCIT: C16084"", ""label"": ""Observational Study""} ",NA,"NIH R24AI138963,R01HG010169",UofL (Watson lab),Watson,"580S Preston St,Louisville,KY 40202",corey.watson@louisville.edu,Uddalok Jana,PMIDXXXXXXXX,"[""immune receptor genome""]",HG03515,FALSE,"{""id"": ""NCBITAXON: 9606"", ""label"": ""Homo sapiens""} ",NA,NA,NA,NA,NA,AFR,ESN,NA,NA,NA,NA,NA,NA,NA,NA,NA,NA,NA,NA,HG03515,LCL,NA,NA,NA,NA,NA,NA,NA,NA,NA,NA,NA,FALSE,NA,NA,NA,NA,NA,NA,NA,NA,NA,NA,IG-Capture,amplification and capture by hybridization of genomic dna to enrich nucleic acid sequences from IG genomic loci,NA,NA,NA,IGHC,NA,NA,NA,NA,SEQUELII,University of Louisville Sequencing Technology Center,NA,NA,NA,TRUE,BAM,NA,NA,NA,NA,NA,NA,"Igenotyper V1.X (unreleased), hifiasm V0.19.3, minimap2 v2.26 ",NA,NA,NA,manual,Data was processed using the Igenotyper pipeline (https://github.com/oscarlr/IGenotyper),IMGT:Homo sapiens:2022-11-24,NA,NA,ighc
PRJNA555323,The human immunoglobulin heavy chain constant gene locus is enriched for large complex structural variants and coding polymorphisms that vary in frequency among human populations,Long-read sequencing to resolve IGHC haplotype variations in different populations,HG02717,"{""id"": ""NCIT: C16084"", ""label"": ""Observational Study""} ",NA,"NIH R24AI138963,R01HG010169",UofL (Watson lab),Watson,"580S Preston St,Louisville,KY 40202",corey.watson@louisville.edu,Uddalok Jana,PMIDXXXXXXXX,"[""immune receptor genome""]",HG02717,FALSE,"{""id"": ""NCBITAXON: 9606"", ""label"": ""Homo sapiens""} ",NA,NA,NA,NA,NA,AFR,GWD,NA,NA,NA,NA,NA,NA,NA,NA,NA,NA,NA,NA,HG02717,LCL,NA,NA,NA,NA,NA,NA,NA,NA,NA,NA,NA,FALSE,NA,NA,NA,NA,NA,NA,NA,NA,NA,NA,IG-Capture,amplification and capture by hybridization of genomic dna to enrich nucleic acid sequences from IG genomic loci,NA,NA,NA,IGHC,NA,NA,NA,NA,SEQUELII,University of Louisville Sequencing Technology Center,NA,NA,NA,TRUE,BAM,NA,NA,NA,NA,NA,NA,"Igenotyper V1.X (unreleased), hifiasm V0.19.3, minimap2 v2.26 ",NA,NA,NA,manual,Data was processed using the Igenotyper pipeline (https://github.com/oscarlr/IGenotyper),IMGT:Homo sapiens:2022-11-24,NA,NA,ighc
PRJNA555323,The human immunoglobulin heavy chain constant gene locus is enriched for large complex structural variants and coding polymorphisms that vary in frequency among human populations,Long-read sequencing to resolve IGHC haplotype variations in different populations,HG02885,"{""id"": ""NCIT: C16084"", ""label"": ""Observational Study""} ",NA,"NIH R24AI138963,R01HG010169",UofL (Watson lab),Watson,"580S Preston St,Louisville,KY 40202",corey.watson@louisville.edu,Uddalok Jana,PMIDXXXXXXXX,"[""immune receptor genome""]",HG02885,FALSE,"{""id"": ""NCBITAXON: 9606"", ""label"": ""Homo sapiens""} ",NA,NA,NA,NA,NA,AFR,GWD,NA,NA,NA,NA,NA,NA,NA,NA,NA,NA,NA,NA,HG02885,LCL,NA,NA,NA,NA,NA,NA,NA,NA,NA,NA,NA,FALSE,NA,NA,NA,NA,NA,NA,NA,NA,NA,NA,IG-Capture,amplification and capture by hybridization of genomic dna to enrich nucleic acid sequences from IG genomic loci,NA,NA,NA,IGHC,NA,NA,NA,NA,SEQUELII,University of Louisville Sequencing Technology Center,NA,NA,NA,TRUE,BAM,NA,NA,NA,NA,NA,NA,"Igenotyper V1.X (unreleased), hifiasm V0.19.3, minimap2 v2.26 ",NA,NA,NA,manual,Data was processed using the Igenotyper pipeline (https://github.com/oscarlr/IGenotyper),IMGT:Homo sapiens:2022-11-24,NA,NA,ighc
PRJNA555323,The human immunoglobulin heavy chain constant gene locus is enriched for large complex structural variants and coding polymorphisms that vary in frequency among human populations,Long-read sequencing to resolve IGHC haplotype variations in different populations,NA19390,"{""id"": ""NCIT: C16084"", ""label"": ""Observational Study""} ",NA,"NIH R24AI138963,R01HG010169",UofL (Watson lab),Watson,"580S Preston St,Louisville,KY 40202",corey.watson@louisville.edu,Uddalok Jana,PMIDXXXXXXXX,"[""immune receptor genome""]",NA19390,FALSE,"{""id"": ""NCBITAXON: 9606"", ""label"": ""Homo sapiens""} ",NA,NA,NA,NA,NA,AFR,LWK,NA,NA,NA,NA,NA,NA,NA,NA,NA,NA,NA,NA,NA19390,LCL,NA,NA,NA,NA,NA,NA,NA,NA,NA,NA,NA,FALSE,NA,NA,NA,NA,NA,NA,NA,NA,NA,NA,IG-Capture,amplification and capture by hybridization of genomic dna to enrich nucleic acid sequences from IG genomic loci,NA,NA,NA,IGHC,NA,NA,NA,NA,SEQUELII,University of Louisville Sequencing Technology Center,NA,NA,NA,TRUE,BAM,NA,NA,NA,NA,NA,NA,"Igenotyper V1.X (unreleased), hifiasm V0.19.3, minimap2 v2.26 ",NA,NA,NA,manual,Data was processed using the Igenotyper pipeline (https://github.com/oscarlr/IGenotyper),IMGT:Homo sapiens:2022-11-24,NA,NA,ighc
PRJNA555323,The human immunoglobulin heavy chain constant gene locus is enriched for large complex structural variants and coding polymorphisms that vary in frequency among human populations,Long-read sequencing to resolve IGHC haplotype variations in different populations,NA19467,"{""id"": ""NCIT: C16084"", ""label"": ""Observational Study""} ",NA,"NIH R24AI138963,R01HG010169",UofL (Watson lab),Watson,"580S Preston St,Louisville,KY 40202",corey.watson@louisville.edu,Uddalok Jana,PMIDXXXXXXXX,"[""immune receptor genome""]",NA19467,FALSE,"{""id"": ""NCBITAXON: 9606"", ""label"": ""Homo sapiens""} ",NA,NA,NA,NA,NA,AFR,LWK,NA,NA,NA,NA,NA,NA,NA,NA,NA,NA,NA,NA,NA19467,LCL,NA,NA,NA,NA,NA,NA,NA,NA,NA,NA,NA,FALSE,NA,NA,NA,NA,NA,NA,NA,NA,NA,NA,IG-Capture,amplification and capture by hybridization of genomic dna to enrich nucleic acid sequences from IG genomic loci,NA,NA,NA,IGHC,NA,NA,NA,NA,SEQUELII,University of Louisville Sequencing Technology Center,NA,NA,NA,TRUE,BAM,NA,NA,NA,NA,NA,NA,"Igenotyper V1.X (unreleased), hifiasm V0.19.3, minimap2 v2.26 ",NA,NA,NA,manual,Data was processed using the Igenotyper pipeline (https://github.com/oscarlr/IGenotyper),IMGT:Homo sapiens:2022-11-24,NA,NA,ighc
PRJNA555323,The human immunoglobulin heavy chain constant gene locus is enriched for large complex structural variants and coding polymorphisms that vary in frequency among human populations,Long-read sequencing to resolve IGHC haplotype variations in different populations,HG03376,"{""id"": ""NCIT: C16084"", ""label"": ""Observational Study""} ",NA,"NIH R24AI138963,R01HG010169",UofL (Watson lab),Watson,"580S Preston St,Louisville,KY 40202",corey.watson@louisville.edu,Uddalok Jana,PMIDXXXXXXXX,"[""immune receptor genome""]",HG03376,FALSE,"{""id"": ""NCBITAXON: 9606"", ""label"": ""Homo sapiens""} ",NA,NA,NA,NA,NA,AFR,MSL,NA,NA,NA,NA,NA,NA,NA,NA,NA,NA,NA,NA,HG03376,LCL,NA,NA,NA,NA,NA,NA,NA,NA,NA,NA,NA,FALSE,NA,NA,NA,NA,NA,NA,NA,NA,NA,NA,IG-Capture,amplification and capture by hybridization of genomic dna to enrich nucleic acid sequences from IG genomic loci,NA,NA,NA,IGHC,NA,NA,NA,NA,SEQUELII,University of Louisville Sequencing Technology Center,NA,NA,NA,TRUE,BAM,NA,NA,NA,NA,NA,NA,"Igenotyper V1.X (unreleased), hifiasm V0.19.3, minimap2 v2.26 ",NA,NA,NA,manual,Data was processed using the Igenotyper pipeline (https://github.com/oscarlr/IGenotyper),IMGT:Homo sapiens:2022-11-24,NA,NA,ighc
PRJNA555323,The human immunoglobulin heavy chain constant gene locus is enriched for large complex structural variants and coding polymorphisms that vary in frequency among human populations,Long-read sequencing to resolve IGHC haplotype variations in different populations,HG03451,"{""id"": ""NCIT: C16084"", ""label"": ""Observational Study""} ",NA,"NIH R24AI138963,R01HG010169",UofL (Watson lab),Watson,"580S Preston St,Louisville,KY 40202",corey.watson@louisville.edu,Uddalok Jana,PMIDXXXXXXXX,"[""immune receptor genome""]",HG03451,FALSE,"{""id"": ""NCBITAXON: 9606"", ""label"": ""Homo sapiens""} ",NA,NA,NA,NA,NA,AFR,MSL,NA,NA,NA,NA,NA,NA,NA,NA,NA,NA,NA,NA,HG03451,LCL,NA,NA,NA,NA,NA,NA,NA,NA,NA,NA,NA,FALSE,NA,NA,NA,NA,NA,NA,NA,NA,NA,NA,IG-Capture,amplification and capture by hybridization of genomic dna to enrich nucleic acid sequences from IG genomic loci,NA,NA,NA,IGHC,NA,NA,NA,NA,SEQUELII,University of Louisville Sequencing Technology Center,NA,NA,NA,TRUE,BAM,NA,NA,NA,NA,NA,NA,"Igenotyper V1.X (unreleased), hifiasm V0.19.3, minimap2 v2.26 ",NA,NA,NA,manual,Data was processed using the Igenotyper pipeline (https://github.com/oscarlr/IGenotyper),IMGT:Homo sapiens:2022-11-24,NA,NA,ighc
PRJNA555323,The human immunoglobulin heavy chain constant gene locus is enriched for large complex structural variants and coding polymorphisms that vary in frequency among human populations,Long-read sequencing to resolve IGHC haplotype variations in different populations,HG03578,"{""id"": ""NCIT: C16084"", ""label"": ""Observational Study""} ",NA,"NIH R24AI138963,R01HG010169",UofL (Watson lab),Watson,"580S Preston St,Louisville,KY 40202",corey.watson@louisville.edu,Uddalok Jana,PMIDXXXXXXXX,"[""immune receptor genome""]",HG03578,FALSE,"{""id"": ""NCBITAXON: 9606"", ""label"": ""Homo sapiens""} ",NA,NA,NA,NA,NA,AFR,MSL,NA,NA,NA,NA,NA,NA,NA,NA,NA,NA,NA,NA,HG03578,LCL,NA,NA,NA,NA,NA,NA,NA,NA,NA,NA,NA,FALSE,NA,NA,NA,NA,NA,NA,NA,NA,NA,NA,IG-Capture,amplification and capture by hybridization of genomic dna to enrich nucleic acid sequences from IG genomic loci,NA,NA,NA,IGHC,NA,NA,NA,NA,SEQUELII,University of Louisville Sequencing Technology Center,NA,NA,NA,TRUE,BAM,NA,NA,NA,NA,NA,NA,"Igenotyper V1.X (unreleased), hifiasm V0.19.3, minimap2 v2.26 ",NA,NA,NA,manual,Data was processed using the Igenotyper pipeline (https://github.com/oscarlr/IGenotyper),IMGT:Homo sapiens:2022-11-24,NA,NA,ighc
PRJNA555323,The human immunoglobulin heavy chain constant gene locus is enriched for large complex structural variants and coding polymorphisms that vary in frequency among human populations,Long-read sequencing to resolve IGHC haplotype variations in different populations,NA18507,"{""id"": ""NCIT: C16084"", ""label"": ""Observational Study""} ",NA,"NIH R24AI138963,R01HG010169",UofL (Watson lab),Watson,"580S Preston St,Louisville,KY 40202",corey.watson@louisville.edu,Uddalok Jana,PMIDXXXXXXXX,"[""immune receptor genome""]",NA18507,FALSE,"{""id"": ""NCBITAXON: 9606"", ""label"": ""Homo sapiens""} ",NA,NA,NA,NA,NA,AFR,YRI,NA,NA,NA,NA,NA,NA,NA,NA,NA,NA,NA,NA,NA18507,LCL,NA,NA,NA,NA,NA,NA,NA,NA,NA,NA,NA,FALSE,NA,NA,NA,NA,NA,NA,NA,NA,NA,NA,IG-Capture,amplification and capture by hybridization of genomic dna to enrich nucleic acid sequences from IG genomic loci,NA,NA,NA,IGHC,NA,NA,NA,NA,SEQUELII,University of Louisville Sequencing Technology Center,NA,NA,NA,TRUE,BAM,NA,NA,NA,NA,NA,NA,"Igenotyper V1.X (unreleased), hifiasm V0.19.3, minimap2 v2.26 ",NA,NA,NA,manual,Data was processed using the Igenotyper pipeline (https://github.com/oscarlr/IGenotyper),IMGT:Homo sapiens:2022-11-24,NA,NA,ighc
PRJNA555323,The human immunoglobulin heavy chain constant gene locus is enriched for large complex structural variants and coding polymorphisms that vary in frequency among human populations,Long-read sequencing to resolve IGHC haplotype variations in different populations,NA18522,"{""id"": ""NCIT: C16084"", ""label"": ""Observational Study""} ",NA,"NIH R24AI138963,R01HG010169",UofL (Watson lab),Watson,"580S Preston St,Louisville,KY 40202",corey.watson@louisville.edu,Uddalok Jana,PMIDXXXXXXXX,"[""immune receptor genome""]",NA18522,FALSE,"{""id"": ""NCBITAXON: 9606"", ""label"": ""Homo sapiens""} ",NA,NA,NA,NA,NA,AFR,YRI,NA,NA,NA,NA,NA,NA,NA,NA,NA,NA,NA,NA,NA18522,LCL,NA,NA,NA,NA,NA,NA,NA,NA,NA,NA,NA,FALSE,NA,NA,NA,NA,NA,NA,NA,NA,NA,NA,IG-Capture,amplification and capture by hybridization of genomic dna to enrich nucleic acid sequences from IG genomic loci,NA,NA,NA,IGHC,NA,NA,NA,NA,SEQUELII,University of Louisville Sequencing Technology Center,NA,NA,NA,TRUE,BAM,NA,NA,NA,NA,NA,NA,"Igenotyper V1.X (unreleased), hifiasm V0.19.3, minimap2 v2.26 ",NA,NA,NA,manual,Data was processed using the Igenotyper pipeline (https://github.com/oscarlr/IGenotyper),IMGT:Homo sapiens:2022-11-24,NA,NA,ighc
PRJNA555323,The human immunoglobulin heavy chain constant gene locus is enriched for large complex structural variants and coding polymorphisms that vary in frequency among human populations,Long-read sequencing to resolve IGHC haplotype variations in different populations,NA19108,"{""id"": ""NCIT: C16084"", ""label"": ""Observational Study""} ",NA,"NIH R24AI138963,R01HG010169",UofL (Watson lab),Watson,"580S Preston St,Louisville,KY 40202",corey.watson@louisville.edu,Uddalok Jana,PMIDXXXXXXXX,"[""immune receptor genome""]",NA19108,FALSE,"{""id"": ""NCBITAXON: 9606"", ""label"": ""Homo sapiens""} ",NA,NA,NA,NA,NA,AFR,YRI,NA,NA,NA,NA,NA,NA,NA,NA,NA,NA,NA,NA,NA19108,LCL,NA,NA,NA,NA,NA,NA,NA,NA,NA,NA,NA,FALSE,NA,NA,NA,NA,NA,NA,NA,NA,NA,NA,IG-Capture,amplification and capture by hybridization of genomic dna to enrich nucleic acid sequences from IG genomic loci,NA,NA,NA,IGHC,NA,NA,NA,NA,SEQUELII,University of Louisville Sequencing Technology Center,NA,NA,NA,TRUE,BAM,NA,NA,NA,NA,NA,NA,"Igenotyper V1.X (unreleased), hifiasm V0.19.3, minimap2 v2.26 ",NA,NA,NA,manual,Data was processed using the Igenotyper pipeline (https://github.com/oscarlr/IGenotyper),IMGT:Homo sapiens:2022-11-24,NA,NA,ighc
PRJNA555323,The human immunoglobulin heavy chain constant gene locus is enriched for large complex structural variants and coding polymorphisms that vary in frequency among human populations,Long-read sequencing to resolve IGHC haplotype variations in different populations,NA19129,"{""id"": ""NCIT: C16084"", ""label"": ""Observational Study""} ",NA,"NIH R24AI138963,R01HG010169",UofL (Watson lab),Watson,"580S Preston St,Louisville,KY 40202",corey.watson@louisville.edu,Uddalok Jana,PMIDXXXXXXXX,"[""immune receptor genome""]",NA19129,FALSE,"{""id"": ""NCBITAXON: 9606"", ""label"": ""Homo sapiens""} ",NA,NA,NA,NA,NA,AFR,YRI,NA,NA,NA,NA,NA,NA,NA,NA,NA,NA,NA,NA,NA19129,LCL,NA,NA,NA,NA,NA,NA,NA,NA,NA,NA,NA,FALSE,NA,NA,NA,NA,NA,NA,NA,NA,NA,NA,IG-Capture,amplification and capture by hybridization of genomic dna to enrich nucleic acid sequences from IG genomic loci,NA,NA,NA,IGHC,NA,NA,NA,NA,SEQUELII,University of Louisville Sequencing Technology Center,NA,NA,NA,TRUE,BAM,NA,NA,NA,NA,NA,NA,"Igenotyper V1.X (unreleased), hifiasm V0.19.3, minimap2 v2.26 ",NA,NA,NA,manual,Data was processed using the Igenotyper pipeline (https://github.com/oscarlr/IGenotyper),IMGT:Homo sapiens:2022-11-24,NA,NA,ighc
PRJNA555323,The human immunoglobulin heavy chain constant gene locus is enriched for large complex structural variants and coding polymorphisms that vary in frequency among human populations,Long-read sequencing to resolve IGHC haplotype variations in different populations,NA19225,"{""id"": ""NCIT: C16084"", ""label"": ""Observational Study""} ",NA,"NIH R24AI138963,R01HG010169",UofL (Watson lab),Watson,"580S Preston St,Louisville,KY 40202",corey.watson@louisville.edu,Uddalok Jana,PMIDXXXXXXXX,"[""immune receptor genome""]",NA19225,FALSE,"{""id"": ""NCBITAXON: 9606"", ""label"": ""Homo sapiens""} ",NA,NA,NA,NA,NA,AFR,YRI,NA,NA,NA,NA,NA,NA,NA,NA,NA,NA,NA,NA,NA19225,LCL,NA,NA,NA,NA,NA,NA,NA,NA,NA,NA,NA,FALSE,NA,NA,NA,NA,NA,NA,NA,NA,NA,NA,IG-Capture,amplification and capture by hybridization of genomic dna to enrich nucleic acid sequences from IG genomic loci,NA,NA,NA,IGHC,NA,NA,NA,NA,SEQUELII,University of Louisville Sequencing Technology Center,NA,NA,NA,TRUE,BAM,NA,NA,NA,NA,NA,NA,"Igenotyper V1.X (unreleased), hifiasm V0.19.3, minimap2 v2.26 ",NA,NA,NA,manual,Data was processed using the Igenotyper pipeline (https://github.com/oscarlr/IGenotyper),IMGT:Homo sapiens:2022-11-24,NA,NA,ighc
PRJNA555323,The human immunoglobulin heavy chain constant gene locus is enriched for large complex structural variants and coding polymorphisms that vary in frequency among human populations,Long-read sequencing to resolve IGHC haplotype variations in different populations,HG01140,"{""id"": ""NCIT: C16084"", ""label"": ""Observational Study""} ",NA,"NIH R24AI138963,R01HG010169",UofL (Watson lab),Watson,"580S Preston St,Louisville,KY 40202",corey.watson@louisville.edu,Uddalok Jana,PMIDXXXXXXXX,"[""immune receptor genome""]",HG01140,FALSE,"{""id"": ""NCBITAXON: 9606"", ""label"": ""Homo sapiens""} ",NA,NA,NA,NA,NA,AMR,CLM,NA,NA,NA,NA,NA,NA,NA,NA,NA,NA,NA,NA,HG01140,LCL,NA,NA,NA,NA,NA,NA,NA,NA,NA,NA,NA,FALSE,NA,NA,NA,NA,NA,NA,NA,NA,NA,NA,IG-Capture,amplification and capture by hybridization of genomic dna to enrich nucleic acid sequences from IG genomic loci,NA,NA,NA,IGHC,NA,NA,NA,NA,SEQUELII,University of Louisville Sequencing Technology Center,NA,NA,NA,TRUE,BAM,NA,NA,NA,NA,NA,NA,"Igenotyper V1.X (unreleased), hifiasm V0.19.3, minimap2 v2.26 ",NA,NA,NA,manual,Data was processed using the Igenotyper pipeline (https://github.com/oscarlr/IGenotyper),IMGT:Homo sapiens:2022-11-24,NA,NA,ighc
PRJNA555323,The human immunoglobulin heavy chain constant gene locus is enriched for large complex structural variants and coding polymorphisms that vary in frequency among human populations,Long-read sequencing to resolve IGHC haplotype variations in different populations,HG01348,"{""id"": ""NCIT: C16084"", ""label"": ""Observational Study""} ",NA,"NIH R24AI138963,R01HG010169",UofL (Watson lab),Watson,"580S Preston St,Louisville,KY 40202",corey.watson@louisville.edu,Uddalok Jana,PMIDXXXXXXXX,"[""immune receptor genome""]",HG01348,FALSE,"{""id"": ""NCBITAXON: 9606"", ""label"": ""Homo sapiens""} ",NA,NA,NA,NA,NA,AMR,CLM,NA,NA,NA,NA,NA,NA,NA,NA,NA,NA,NA,NA,HG01348,LCL,NA,NA,NA,NA,NA,NA,NA,NA,NA,NA,NA,FALSE,NA,NA,NA,NA,NA,NA,NA,NA,NA,NA,IG-Capture,amplification and capture by hybridization of genomic dna to enrich nucleic acid sequences from IG genomic loci,NA,NA,NA,IGHC,NA,NA,NA,NA,SEQUELII,University of Louisville Sequencing Technology Center,NA,NA,NA,TRUE,BAM,NA,NA,NA,NA,NA,NA,"Igenotyper V1.X (unreleased), hifiasm V0.19.3, minimap2 v2.26 ",NA,NA,NA,manual,Data was processed using the Igenotyper pipeline (https://github.com/oscarlr/IGenotyper),IMGT:Homo sapiens:2022-11-24,NA,NA,ighc
PRJNA555323,The human immunoglobulin heavy chain constant gene locus is enriched for large complex structural variants and coding polymorphisms that vary in frequency among human populations,Long-read sequencing to resolve IGHC haplotype variations in different populations,HG01351,"{""id"": ""NCIT: C16084"", ""label"": ""Observational Study""} ",NA,"NIH R24AI138963,R01HG010169",UofL (Watson lab),Watson,"580S Preston St,Louisville,KY 40202",corey.watson@louisville.edu,Uddalok Jana,PMIDXXXXXXXX,"[""immune receptor genome""]",HG01351,FALSE,"{""id"": ""NCBITAXON: 9606"", ""label"": ""Homo sapiens""} ",NA,NA,NA,NA,NA,AMR,CLM,NA,NA,NA,NA,NA,NA,NA,NA,NA,NA,NA,NA,HG01351,LCL,NA,NA,NA,NA,NA,NA,NA,NA,NA,NA,NA,FALSE,NA,NA,NA,NA,NA,NA,NA,NA,NA,NA,IG-Capture,amplification and capture by hybridization of genomic dna to enrich nucleic acid sequences from IG genomic loci,NA,NA,NA,IGHC,NA,NA,NA,NA,SEQUELII,University of Louisville Sequencing Technology Center,NA,NA,NA,TRUE,BAM,NA,NA,NA,NA,NA,NA,"Igenotyper V1.X (unreleased), hifiasm V0.19.3, minimap2 v2.26 ",NA,NA,NA,manual,Data was processed using the Igenotyper pipeline (https://github.com/oscarlr/IGenotyper),IMGT:Homo sapiens:2022-11-24,NA,NA,ighc
PRJNA555323,The human immunoglobulin heavy chain constant gene locus is enriched for large complex structural variants and coding polymorphisms that vary in frequency among human populations,Long-read sequencing to resolve IGHC haplotype variations in different populations,HG01352,"{""id"": ""NCIT: C16084"", ""label"": ""Observational Study""} ",NA,"NIH R24AI138963,R01HG010169",UofL (Watson lab),Watson,"580S Preston St,Louisville,KY 40202",corey.watson@louisville.edu,Uddalok Jana,PMIDXXXXXXXX,"[""immune receptor genome""]",HG01352,FALSE,"{""id"": ""NCBITAXON: 9606"", ""label"": ""Homo sapiens""} ",NA,NA,NA,NA,NA,AMR,CLM,NA,NA,NA,NA,NA,NA,NA,NA,NA,NA,NA,NA,HG01352,LCL,NA,NA,NA,NA,NA,NA,NA,NA,NA,NA,NA,FALSE,NA,NA,NA,NA,NA,NA,NA,NA,NA,NA,IG-Capture,amplification and capture by hybridization of genomic dna to enrich nucleic acid sequences from IG genomic loci,NA,NA,NA,IGHC,NA,NA,NA,NA,SEQUELII,University of Louisville Sequencing Technology Center,NA,NA,NA,TRUE,BAM,NA,NA,NA,NA,NA,NA,"Igenotyper V1.X (unreleased), hifiasm V0.19.3, minimap2 v2.26 ",NA,NA,NA,manual,Data was processed using the Igenotyper pipeline (https://github.com/oscarlr/IGenotyper),IMGT:Homo sapiens:2022-11-24,NA,NA,ighc
PRJNA555323,The human immunoglobulin heavy chain constant gene locus is enriched for large complex structural variants and coding polymorphisms that vary in frequency among human populations,Long-read sequencing to resolve IGHC haplotype variations in different populations,HG01356,"{""id"": ""NCIT: C16084"", ""label"": ""Observational Study""} ",NA,"NIH R24AI138963,R01HG010169",UofL (Watson lab),Watson,"580S Preston St,Louisville,KY 40202",corey.watson@louisville.edu,Uddalok Jana,PMIDXXXXXXXX,"[""immune receptor genome""]",HG01356,FALSE,"{""id"": ""NCBITAXON: 9606"", ""label"": ""Homo sapiens""} ",NA,NA,NA,NA,NA,AMR,CLM,NA,NA,NA,NA,NA,NA,NA,NA,NA,NA,NA,NA,HG01356,LCL,NA,NA,NA,NA,NA,NA,NA,NA,NA,NA,NA,FALSE,NA,NA,NA,NA,NA,NA,NA,NA,NA,NA,IG-Capture,amplification and capture by hybridization of genomic dna to enrich nucleic acid sequences from IG genomic loci,NA,NA,NA,IGHC,NA,NA,NA,NA,SEQUELII,University of Louisville Sequencing Technology Center,NA,NA,NA,TRUE,BAM,NA,NA,NA,NA,NA,NA,"Igenotyper V1.X (unreleased), hifiasm V0.19.3, minimap2 v2.26 ",NA,NA,NA,manual,Data was processed using the Igenotyper pipeline (https://github.com/oscarlr/IGenotyper),IMGT:Homo sapiens:2022-11-24,NA,NA,ighc
PRJNA555323,The human immunoglobulin heavy chain constant gene locus is enriched for large complex structural variants and coding polymorphisms that vary in frequency among human populations,Long-read sequencing to resolve IGHC haplotype variations in different populations,HG01357,"{""id"": ""NCIT: C16084"", ""label"": ""Observational Study""} ",NA,"NIH R24AI138963,R01HG010169",UofL (Watson lab),Watson,"580S Preston St,Louisville,KY 40202",corey.watson@louisville.edu,Uddalok Jana,PMIDXXXXXXXX,"[""immune receptor genome""]",HG01357,FALSE,"{""id"": ""NCBITAXON: 9606"", ""label"": ""Homo sapiens""} ",NA,NA,NA,NA,NA,AMR,CLM,NA,NA,NA,NA,NA,NA,NA,NA,NA,NA,NA,NA,HG01357,LCL,NA,NA,NA,NA,NA,NA,NA,NA,NA,NA,NA,FALSE,NA,NA,NA,NA,NA,NA,NA,NA,NA,NA,IG-Capture,amplification and capture by hybridization of genomic dna to enrich nucleic acid sequences from IG genomic loci,NA,NA,NA,IGHC,NA,NA,NA,NA,SEQUELII,University of Louisville Sequencing Technology Center,NA,NA,NA,TRUE,BAM,NA,NA,NA,NA,NA,NA,"Igenotyper V1.X (unreleased), hifiasm V0.19.3, minimap2 v2.26 ",NA,NA,NA,manual,Data was processed using the Igenotyper pipeline (https://github.com/oscarlr/IGenotyper),IMGT:Homo sapiens:2022-11-24,NA,NA,ighc
PRJNA555323,The human immunoglobulin heavy chain constant gene locus is enriched for large complex structural variants and coding polymorphisms that vary in frequency among human populations,Long-read sequencing to resolve IGHC haplotype variations in different populations,HG01359,"{""id"": ""NCIT: C16084"", ""label"": ""Observational Study""} ",NA,"NIH R24AI138963,R01HG010169",UofL (Watson lab),Watson,"580S Preston St,Louisville,KY 40202",corey.watson@louisville.edu,Uddalok Jana,PMIDXXXXXXXX,"[""immune receptor genome""]",HG01359,FALSE,"{""id"": ""NCBITAXON: 9606"", ""label"": ""Homo sapiens""} ",NA,NA,NA,NA,NA,AMR,CLM,NA,NA,NA,NA,NA,NA,NA,NA,NA,NA,NA,NA,HG01359,LCL,NA,NA,NA,NA,NA,NA,NA,NA,NA,NA,NA,FALSE,NA,NA,NA,NA,NA,NA,NA,NA,NA,NA,IG-Capture,amplification and capture by hybridization of genomic dna to enrich nucleic acid sequences from IG genomic loci,NA,NA,NA,IGHC,NA,NA,NA,NA,SEQUELII,University of Louisville Sequencing Technology Center,NA,NA,NA,TRUE,BAM,NA,NA,NA,NA,NA,NA,"Igenotyper V1.X (unreleased), hifiasm V0.19.3, minimap2 v2.26 ",NA,NA,NA,manual,Data was processed using the Igenotyper pipeline (https://github.com/oscarlr/IGenotyper),IMGT:Homo sapiens:2022-11-24,NA,NA,ighc
PRJNA555323,The human immunoglobulin heavy chain constant gene locus is enriched for large complex structural variants and coding polymorphisms that vary in frequency among human populations,Long-read sequencing to resolve IGHC haplotype variations in different populations,HG01375,"{""id"": ""NCIT: C16084"", ""label"": ""Observational Study""} ",NA,"NIH R24AI138963,R01HG010169",UofL (Watson lab),Watson,"580S Preston St,Louisville,KY 40202",corey.watson@louisville.edu,Uddalok Jana,PMIDXXXXXXXX,"[""immune receptor genome""]",HG01375,FALSE,"{""id"": ""NCBITAXON: 9606"", ""label"": ""Homo sapiens""} ",NA,NA,NA,NA,NA,AMR,CLM,NA,NA,NA,NA,NA,NA,NA,NA,NA,NA,NA,NA,HG01375,LCL,NA,NA,NA,NA,NA,NA,NA,NA,NA,NA,NA,FALSE,NA,NA,NA,NA,NA,NA,NA,NA,NA,NA,IG-Capture,amplification and capture by hybridization of genomic dna to enrich nucleic acid sequences from IG genomic loci,NA,NA,NA,IGHC,NA,NA,NA,NA,SEQUELII,University of Louisville Sequencing Technology Center,NA,NA,NA,TRUE,BAM,NA,NA,NA,NA,NA,NA,"Igenotyper V1.X (unreleased), hifiasm V0.19.3, minimap2 v2.26 ",NA,NA,NA,manual,Data was processed using the Igenotyper pipeline (https://github.com/oscarlr/IGenotyper),IMGT:Homo sapiens:2022-11-24,NA,NA,ighc
PRJNA555323,The human immunoglobulin heavy chain constant gene locus is enriched for large complex structural variants and coding polymorphisms that vary in frequency among human populations,Long-read sequencing to resolve IGHC haplotype variations in different populations,HG01437,"{""id"": ""NCIT: C16084"", ""label"": ""Observational Study""} ",NA,"NIH R24AI138963,R01HG010169",UofL (Watson lab),Watson,"580S Preston St,Louisville,KY 40202",corey.watson@louisville.edu,Uddalok Jana,PMIDXXXXXXXX,"[""immune receptor genome""]",HG01437,FALSE,"{""id"": ""NCBITAXON: 9606"", ""label"": ""Homo sapiens""} ",NA,NA,NA,NA,NA,AMR,CLM,NA,NA,NA,NA,NA,NA,NA,NA,NA,NA,NA,NA,HG01437,LCL,NA,NA,NA,NA,NA,NA,NA,NA,NA,NA,NA,FALSE,NA,NA,NA,NA,NA,NA,NA,NA,NA,NA,IG-Capture,amplification and capture by hybridization of genomic dna to enrich nucleic acid sequences from IG genomic loci,NA,NA,NA,IGHC,NA,NA,NA,NA,SEQUELII,University of Louisville Sequencing Technology Center,NA,NA,NA,TRUE,BAM,NA,NA,NA,NA,NA,NA,"Igenotyper V1.X (unreleased), hifiasm V0.19.3, minimap2 v2.26 ",NA,NA,NA,manual,Data was processed using the Igenotyper pipeline (https://github.com/oscarlr/IGenotyper),IMGT:Homo sapiens:2022-11-24,NA,NA,ighc
PRJNA555323,The human immunoglobulin heavy chain constant gene locus is enriched for large complex structural variants and coding polymorphisms that vary in frequency among human populations,Long-read sequencing to resolve IGHC haplotype variations in different populations,HG01494,"{""id"": ""NCIT: C16084"", ""label"": ""Observational Study""} ",NA,"NIH R24AI138963,R01HG010169",UofL (Watson lab),Watson,"580S Preston St,Louisville,KY 40202",corey.watson@louisville.edu,Uddalok Jana,PMIDXXXXXXXX,"[""immune receptor genome""]",HG01494,FALSE,"{""id"": ""NCBITAXON: 9606"", ""label"": ""Homo sapiens""} ",NA,NA,NA,NA,NA,AMR,CLM,NA,NA,NA,NA,NA,NA,NA,NA,NA,NA,NA,NA,HG01494,LCL,NA,NA,NA,NA,NA,NA,NA,NA,NA,NA,NA,FALSE,NA,NA,NA,NA,NA,NA,NA,NA,NA,NA,IG-Capture,amplification and capture by hybridization of genomic dna to enrich nucleic acid sequences from IG genomic loci,NA,NA,NA,IGHC,NA,NA,NA,NA,SEQUELII,University of Louisville Sequencing Technology Center,NA,NA,NA,TRUE,BAM,NA,NA,NA,NA,NA,NA,"Igenotyper V1.X (unreleased), hifiasm V0.19.3, minimap2 v2.26 ",NA,NA,NA,manual,Data was processed using the Igenotyper pipeline (https://github.com/oscarlr/IGenotyper),IMGT:Homo sapiens:2022-11-24,NA,NA,ighc
PRJNA555323,The human immunoglobulin heavy chain constant gene locus is enriched for large complex structural variants and coding polymorphisms that vary in frequency among human populations,Long-read sequencing to resolve IGHC haplotype variations in different populations,HG01556,"{""id"": ""NCIT: C16084"", ""label"": ""Observational Study""} ",NA,"NIH R24AI138963,R01HG010169",UofL (Watson lab),Watson,"580S Preston St,Louisville,KY 40202",corey.watson@louisville.edu,Uddalok Jana,PMIDXXXXXXXX,"[""immune receptor genome""]",HG01556,FALSE,"{""id"": ""NCBITAXON: 9606"", ""label"": ""Homo sapiens""} ",NA,NA,NA,NA,NA,AMR,CLM,NA,NA,NA,NA,NA,NA,NA,NA,NA,NA,NA,NA,HG01556,LCL,NA,NA,NA,NA,NA,NA,NA,NA,NA,NA,NA,FALSE,NA,NA,NA,NA,NA,NA,NA,NA,NA,NA,IG-Capture,amplification and capture by hybridization of genomic dna to enrich nucleic acid sequences from IG genomic loci,NA,NA,NA,IGHC,NA,NA,NA,NA,SEQUELII,University of Louisville Sequencing Technology Center,NA,NA,NA,TRUE,BAM,NA,NA,NA,NA,NA,NA,"Igenotyper V1.X (unreleased), hifiasm V0.19.3, minimap2 v2.26 ",NA,NA,NA,manual,Data was processed using the Igenotyper pipeline (https://github.com/oscarlr/IGenotyper),IMGT:Homo sapiens:2022-11-24,NA,NA,ighc
PRJNA555323,The human immunoglobulin heavy chain constant gene locus is enriched for large complex structural variants and coding polymorphisms that vary in frequency among human populations,Long-read sequencing to resolve IGHC haplotype variations in different populations,NA19657,"{""id"": ""NCIT: C16084"", ""label"": ""Observational Study""} ",NA,"NIH R24AI138963,R01HG010169",UofL (Watson lab),Watson,"580S Preston St,Louisville,KY 40202",corey.watson@louisville.edu,Uddalok Jana,PMIDXXXXXXXX,"[""immune receptor genome""]",NA19657,FALSE,"{""id"": ""NCBITAXON: 9606"", ""label"": ""Homo sapiens""} ",NA,NA,NA,NA,NA,AMR,MXL,NA,NA,NA,NA,NA,NA,NA,NA,NA,NA,NA,NA,NA19657,LCL,NA,NA,NA,NA,NA,NA,NA,NA,NA,NA,NA,FALSE,NA,NA,NA,NA,NA,NA,NA,NA,NA,NA,IG-Capture,amplification and capture by hybridization of genomic dna to enrich nucleic acid sequences from IG genomic loci,NA,NA,NA,IGHC,NA,NA,NA,NA,SEQUELII,University of Louisville Sequencing Technology Center,NA,NA,NA,TRUE,BAM,NA,NA,NA,NA,NA,NA,"Igenotyper V1.X (unreleased), hifiasm V0.19.3, minimap2 v2.26 ",NA,NA,NA,manual,Data was processed using the Igenotyper pipeline (https://github.com/oscarlr/IGenotyper),IMGT:Homo sapiens:2022-11-24,NA,NA,ighc
PRJNA555323,The human immunoglobulin heavy chain constant gene locus is enriched for large complex structural variants and coding polymorphisms that vary in frequency among human populations,Long-read sequencing to resolve IGHC haplotype variations in different populations,NA19716,"{""id"": ""NCIT: C16084"", ""label"": ""Observational Study""} ",NA,"NIH R24AI138963,R01HG010169",UofL (Watson lab),Watson,"580S Preston St,Louisville,KY 40202",corey.watson@louisville.edu,Uddalok Jana,PMIDXXXXXXXX,"[""immune receptor genome""]",NA19716,FALSE,"{""id"": ""NCBITAXON: 9606"", ""label"": ""Homo sapiens""} ",NA,NA,NA,NA,NA,AMR,MXL,NA,NA,NA,NA,NA,NA,NA,NA,NA,NA,NA,NA,NA19716,LCL,NA,NA,NA,NA,NA,NA,NA,NA,NA,NA,NA,FALSE,NA,NA,NA,NA,NA,NA,NA,NA,NA,NA,IG-Capture,amplification and capture by hybridization of genomic dna to enrich nucleic acid sequences from IG genomic loci,NA,NA,NA,IGHC,NA,NA,NA,NA,SEQUELII,University of Louisville Sequencing Technology Center,NA,NA,NA,TRUE,BAM,NA,NA,NA,NA,NA,NA,"Igenotyper V1.X (unreleased), hifiasm V0.19.3, minimap2 v2.26 ",NA,NA,NA,manual,Data was processed using the Igenotyper pipeline (https://github.com/oscarlr/IGenotyper),IMGT:Homo sapiens:2022-11-24,NA,NA,ighc
PRJNA555323,The human immunoglobulin heavy chain constant gene locus is enriched for large complex structural variants and coding polymorphisms that vary in frequency among human populations,Long-read sequencing to resolve IGHC haplotype variations in different populations,NA19723,"{""id"": ""NCIT: C16084"", ""label"": ""Observational Study""} ",NA,"NIH R24AI138963,R01HG010169",UofL (Watson lab),Watson,"580S Preston St,Louisville,KY 40202",corey.watson@louisville.edu,Uddalok Jana,PMIDXXXXXXXX,"[""immune receptor genome""]",NA19723,FALSE,"{""id"": ""NCBITAXON: 9606"", ""label"": ""Homo sapiens""} ",NA,NA,NA,NA,NA,AMR,MXL,NA,NA,NA,NA,NA,NA,NA,NA,NA,NA,NA,NA,NA19723,LCL,NA,NA,NA,NA,NA,NA,NA,NA,NA,NA,NA,FALSE,NA,NA,NA,NA,NA,NA,NA,NA,NA,NA,IG-Capture,amplification and capture by hybridization of genomic dna to enrich nucleic acid sequences from IG genomic loci,NA,NA,NA,IGHC,NA,NA,NA,NA,SEQUELII,University of Louisville Sequencing Technology Center,NA,NA,NA,TRUE,BAM,NA,NA,NA,NA,NA,NA,"Igenotyper V1.X (unreleased), hifiasm V0.19.3, minimap2 v2.26 ",NA,NA,NA,manual,Data was processed using the Igenotyper pipeline (https://github.com/oscarlr/IGenotyper),IMGT:Homo sapiens:2022-11-24,NA,NA,ighc
PRJNA555323,The human immunoglobulin heavy chain constant gene locus is enriched for large complex structural variants and coding polymorphisms that vary in frequency among human populations,Long-read sequencing to resolve IGHC haplotype variations in different populations,NA19783,"{""id"": ""NCIT: C16084"", ""label"": ""Observational Study""} ",NA,"NIH R24AI138963,R01HG010169",UofL (Watson lab),Watson,"580S Preston St,Louisville,KY 40202",corey.watson@louisville.edu,Uddalok Jana,PMIDXXXXXXXX,"[""immune receptor genome""]",NA19783,FALSE,"{""id"": ""NCBITAXON: 9606"", ""label"": ""Homo sapiens""} ",NA,NA,NA,NA,NA,AMR,MXL,NA,NA,NA,NA,NA,NA,NA,NA,NA,NA,NA,NA,NA19783,LCL,NA,NA,NA,NA,NA,NA,NA,NA,NA,NA,NA,FALSE,NA,NA,NA,NA,NA,NA,NA,NA,NA,NA,IG-Capture,amplification and capture by hybridization of genomic dna to enrich nucleic acid sequences from IG genomic loci,NA,NA,NA,IGHC,NA,NA,NA,NA,SEQUELII,University of Louisville Sequencing Technology Center,NA,NA,NA,TRUE,BAM,NA,NA,NA,NA,NA,NA,"Igenotyper V1.X (unreleased), hifiasm V0.19.3, minimap2 v2.26 ",NA,NA,NA,manual,Data was processed using the Igenotyper pipeline (https://github.com/oscarlr/IGenotyper),IMGT:Homo sapiens:2022-11-24,NA,NA,ighc
PRJNA555323,The human immunoglobulin heavy chain constant gene locus is enriched for large complex structural variants and coding polymorphisms that vary in frequency among human populations,Long-read sequencing to resolve IGHC haplotype variations in different populations,HG01925,"{""id"": ""NCIT: C16084"", ""label"": ""Observational Study""} ",NA,"NIH R24AI138963,R01HG010169",UofL (Watson lab),Watson,"580S Preston St,Louisville,KY 40202",corey.watson@louisville.edu,Uddalok Jana,PMIDXXXXXXXX,"[""immune receptor genome""]",HG01925,FALSE,"{""id"": ""NCBITAXON: 9606"", ""label"": ""Homo sapiens""} ",NA,NA,NA,NA,NA,AMR,PEL,NA,NA,NA,NA,NA,NA,NA,NA,NA,NA,NA,NA,HG01925,LCL,NA,NA,NA,NA,NA,NA,NA,NA,NA,NA,NA,FALSE,NA,NA,NA,NA,NA,NA,NA,NA,NA,NA,IG-Capture,amplification and capture by hybridization of genomic dna to enrich nucleic acid sequences from IG genomic loci,NA,NA,NA,IGHC,NA,NA,NA,NA,SEQUELII,University of Louisville Sequencing Technology Center,NA,NA,NA,TRUE,BAM,NA,NA,NA,NA,NA,NA,"Igenotyper V1.X (unreleased), hifiasm V0.19.3, minimap2 v2.26 ",NA,NA,NA,manual,Data was processed using the Igenotyper pipeline (https://github.com/oscarlr/IGenotyper),IMGT:Homo sapiens:2022-11-24,NA,NA,ighc
PRJNA555323,The human immunoglobulin heavy chain constant gene locus is enriched for large complex structural variants and coding polymorphisms that vary in frequency among human populations,Long-read sequencing to resolve IGHC haplotype variations in different populations,HG01926,"{""id"": ""NCIT: C16084"", ""label"": ""Observational Study""} ",NA,"NIH R24AI138963,R01HG010169",UofL (Watson lab),Watson,"580S Preston St,Louisville,KY 40202",corey.watson@louisville.edu,Uddalok Jana,PMIDXXXXXXXX,"[""immune receptor genome""]",HG01926,FALSE,"{""id"": ""NCBITAXON: 9606"", ""label"": ""Homo sapiens""} ",NA,NA,NA,NA,NA,AMR,PEL,NA,NA,NA,NA,NA,NA,NA,NA,NA,NA,NA,NA,HG01926,LCL,NA,NA,NA,NA,NA,NA,NA,NA,NA,NA,NA,FALSE,NA,NA,NA,NA,NA,NA,NA,NA,NA,NA,IG-Capture,amplification and capture by hybridization of genomic dna to enrich nucleic acid sequences from IG genomic loci,NA,NA,NA,IGHC,NA,NA,NA,NA,SEQUELII,University of Louisville Sequencing Technology Center,NA,NA,NA,TRUE,BAM,NA,NA,NA,NA,NA,NA,"Igenotyper V1.X (unreleased), hifiasm V0.19.3, minimap2 v2.26 ",NA,NA,NA,manual,Data was processed using the Igenotyper pipeline (https://github.com/oscarlr/IGenotyper),IMGT:Homo sapiens:2022-11-24,NA,NA,ighc
PRJNA555323,The human immunoglobulin heavy chain constant gene locus is enriched for large complex structural variants and coding polymorphisms that vary in frequency among human populations,Long-read sequencing to resolve IGHC haplotype variations in different populations,HG01927,"{""id"": ""NCIT: C16084"", ""label"": ""Observational Study""} ",NA,"NIH R24AI138963,R01HG010169",UofL (Watson lab),Watson,"580S Preston St,Louisville,KY 40202",corey.watson@louisville.edu,Uddalok Jana,PMIDXXXXXXXX,"[""immune receptor genome""]",HG01927,FALSE,"{""id"": ""NCBITAXON: 9606"", ""label"": ""Homo sapiens""} ",NA,NA,NA,NA,NA,AMR,PEL,NA,NA,NA,NA,NA,NA,NA,NA,NA,NA,NA,NA,HG01927,LCL,NA,NA,NA,NA,NA,NA,NA,NA,NA,NA,NA,FALSE,NA,NA,NA,NA,NA,NA,NA,NA,NA,NA,IG-Capture,amplification and capture by hybridization of genomic dna to enrich nucleic acid sequences from IG genomic loci,NA,NA,NA,IGHC,NA,NA,NA,NA,SEQUELII,University of Louisville Sequencing Technology Center,NA,NA,NA,TRUE,BAM,NA,NA,NA,NA,NA,NA,"Igenotyper V1.X (unreleased), hifiasm V0.19.3, minimap2 v2.26 ",NA,NA,NA,manual,Data was processed using the Igenotyper pipeline (https://github.com/oscarlr/IGenotyper),IMGT:Homo sapiens:2022-11-24,NA,NA,ighc
PRJNA555323,The human immunoglobulin heavy chain constant gene locus is enriched for large complex structural variants and coding polymorphisms that vary in frequency among human populations,Long-read sequencing to resolve IGHC haplotype variations in different populations,HG01928,"{""id"": ""NCIT: C16084"", ""label"": ""Observational Study""} ",NA,"NIH R24AI138963,R01HG010169",UofL (Watson lab),Watson,"580S Preston St,Louisville,KY 40202",corey.watson@louisville.edu,Uddalok Jana,PMIDXXXXXXXX,"[""immune receptor genome""]",HG01928,FALSE,"{""id"": ""NCBITAXON: 9606"", ""label"": ""Homo sapiens""} ",NA,NA,NA,NA,NA,AMR,PEL,NA,NA,NA,NA,NA,NA,NA,NA,NA,NA,NA,NA,HG01928,LCL,NA,NA,NA,NA,NA,NA,NA,NA,NA,NA,NA,FALSE,NA,NA,NA,NA,NA,NA,NA,NA,NA,NA,IG-Capture,amplification and capture by hybridization of genomic dna to enrich nucleic acid sequences from IG genomic loci,NA,NA,NA,IGHC,NA,NA,NA,NA,SEQUELII,University of Louisville Sequencing Technology Center,NA,NA,NA,TRUE,BAM,NA,NA,NA,NA,NA,NA,"Igenotyper V1.X (unreleased), hifiasm V0.19.3, minimap2 v2.26 ",NA,NA,NA,manual,Data was processed using the Igenotyper pipeline (https://github.com/oscarlr/IGenotyper),IMGT:Homo sapiens:2022-11-24,NA,NA,ighc
PRJNA555323,The human immunoglobulin heavy chain constant gene locus is enriched for large complex structural variants and coding polymorphisms that vary in frequency among human populations,Long-read sequencing to resolve IGHC haplotype variations in different populations,HG01950,"{""id"": ""NCIT: C16084"", ""label"": ""Observational Study""} ",NA,"NIH R24AI138963,R01HG010169",UofL (Watson lab),Watson,"580S Preston St,Louisville,KY 40202",corey.watson@louisville.edu,Uddalok Jana,PMIDXXXXXXXX,"[""immune receptor genome""]",HG01950,FALSE,"{""id"": ""NCBITAXON: 9606"", ""label"": ""Homo sapiens""} ",NA,NA,NA,NA,NA,AMR,PEL,NA,NA,NA,NA,NA,NA,NA,NA,NA,NA,NA,NA,HG01950,LCL,NA,NA,NA,NA,NA,NA,NA,NA,NA,NA,NA,FALSE,NA,NA,NA,NA,NA,NA,NA,NA,NA,NA,IG-Capture,amplification and capture by hybridization of genomic dna to enrich nucleic acid sequences from IG genomic loci,NA,NA,NA,IGHC,NA,NA,NA,NA,SEQUELII,University of Louisville Sequencing Technology Center,NA,NA,NA,TRUE,BAM,NA,NA,NA,NA,NA,NA,"Igenotyper V1.X (unreleased), hifiasm V0.19.3, minimap2 v2.26 ",NA,NA,NA,manual,Data was processed using the Igenotyper pipeline (https://github.com/oscarlr/IGenotyper),IMGT:Homo sapiens:2022-11-24,NA,NA,ighc
PRJNA555323,The human immunoglobulin heavy chain constant gene locus is enriched for large complex structural variants and coding polymorphisms that vary in frequency among human populations,Long-read sequencing to resolve IGHC haplotype variations in different populations,HG01952,"{""id"": ""NCIT: C16084"", ""label"": ""Observational Study""} ",NA,"NIH R24AI138963,R01HG010169",UofL (Watson lab),Watson,"580S Preston St,Louisville,KY 40202",corey.watson@louisville.edu,Uddalok Jana,PMIDXXXXXXXX,"[""immune receptor genome""]",HG01952,FALSE,"{""id"": ""NCBITAXON: 9606"", ""label"": ""Homo sapiens""} ",NA,NA,NA,NA,NA,AMR,PEL,NA,NA,NA,NA,NA,NA,NA,NA,NA,NA,NA,NA,HG01952,LCL,NA,NA,NA,NA,NA,NA,NA,NA,NA,NA,NA,FALSE,NA,NA,NA,NA,NA,NA,NA,NA,NA,NA,IG-Capture,amplification and capture by hybridization of genomic dna to enrich nucleic acid sequences from IG genomic loci,NA,NA,NA,IGHC,NA,NA,NA,NA,SEQUELII,University of Louisville Sequencing Technology Center,NA,NA,NA,TRUE,BAM,NA,NA,NA,NA,NA,NA,"Igenotyper V1.X (unreleased), hifiasm V0.19.3, minimap2 v2.26 ",NA,NA,NA,manual,Data was processed using the Igenotyper pipeline (https://github.com/oscarlr/IGenotyper),IMGT:Homo sapiens:2022-11-24,NA,NA,ighc
PRJNA555323,The human immunoglobulin heavy chain constant gene locus is enriched for large complex structural variants and coding polymorphisms that vary in frequency among human populations,Long-read sequencing to resolve IGHC haplotype variations in different populations,HG01983,"{""id"": ""NCIT: C16084"", ""label"": ""Observational Study""} ",NA,"NIH R24AI138963,R01HG010169",UofL (Watson lab),Watson,"580S Preston St,Louisville,KY 40202",corey.watson@louisville.edu,Uddalok Jana,PMIDXXXXXXXX,"[""immune receptor genome""]",HG01983,FALSE,"{""id"": ""NCBITAXON: 9606"", ""label"": ""Homo sapiens""} ",NA,NA,NA,NA,NA,AMR,PEL,NA,NA,NA,NA,NA,NA,NA,NA,NA,NA,NA,NA,HG01983,LCL,NA,NA,NA,NA,NA,NA,NA,NA,NA,NA,NA,FALSE,NA,NA,NA,NA,NA,NA,NA,NA,NA,NA,IG-Capture,amplification and capture by hybridization of genomic dna to enrich nucleic acid sequences from IG genomic loci,NA,NA,NA,IGHC,NA,NA,NA,NA,SEQUELII,University of Louisville Sequencing Technology Center,NA,NA,NA,TRUE,BAM,NA,NA,NA,NA,NA,NA,"Igenotyper V1.X (unreleased), hifiasm V0.19.3, minimap2 v2.26 ",NA,NA,NA,manual,Data was processed using the Igenotyper pipeline (https://github.com/oscarlr/IGenotyper),IMGT:Homo sapiens:2022-11-24,NA,NA,ighc
PRJNA555323,The human immunoglobulin heavy chain constant gene locus is enriched for large complex structural variants and coding polymorphisms that vary in frequency among human populations,Long-read sequencing to resolve IGHC haplotype variations in different populations,HG00734,"{""id"": ""NCIT: C16084"", ""label"": ""Observational Study""} ",NA,"NIH R24AI138963,R01HG010169",UofL (Watson lab),Watson,"580S Preston St,Louisville,KY 40202",corey.watson@louisville.edu,Uddalok Jana,PMIDXXXXXXXX,"[""immune receptor genome""]",HG00734,FALSE,"{""id"": ""NCBITAXON: 9606"", ""label"": ""Homo sapiens""} ",NA,NA,NA,NA,NA,AMR,PUR,NA,NA,NA,NA,NA,NA,NA,NA,NA,NA,NA,NA,HG00734,LCL,NA,NA,NA,NA,NA,NA,NA,NA,NA,NA,NA,FALSE,NA,NA,NA,NA,NA,NA,NA,NA,NA,NA,IG-Capture,amplification and capture by hybridization of genomic dna to enrich nucleic acid sequences from IG genomic loci,NA,NA,NA,IGHC,NA,NA,NA,NA,SEQUELII,University of Louisville Sequencing Technology Center,NA,NA,NA,TRUE,BAM,NA,NA,NA,NA,NA,NA,"Igenotyper V1.X (unreleased), hifiasm V0.19.3, minimap2 v2.26 ",NA,NA,NA,manual,Data was processed using the Igenotyper pipeline (https://github.com/oscarlr/IGenotyper),IMGT:Homo sapiens:2022-11-24,NA,NA,ighc
PRJNA555323,The human immunoglobulin heavy chain constant gene locus is enriched for large complex structural variants and coding polymorphisms that vary in frequency among human populations,Long-read sequencing to resolve IGHC haplotype variations in different populations,HG00740,"{""id"": ""NCIT: C16084"", ""label"": ""Observational Study""} ",NA,"NIH R24AI138963,R01HG010169",UofL (Watson lab),Watson,"580S Preston St,Louisville,KY 40202",corey.watson@louisville.edu,Uddalok Jana,PMIDXXXXXXXX,"[""immune receptor genome""]",HG00740,FALSE,"{""id"": ""NCBITAXON: 9606"", ""label"": ""Homo sapiens""} ",NA,NA,NA,NA,NA,AMR,PUR,NA,NA,NA,NA,NA,NA,NA,NA,NA,NA,NA,NA,HG00740,LCL,NA,NA,NA,NA,NA,NA,NA,NA,NA,NA,NA,FALSE,NA,NA,NA,NA,NA,NA,NA,NA,NA,NA,IG-Capture,amplification and capture by hybridization of genomic dna to enrich nucleic acid sequences from IG genomic loci,NA,NA,NA,IGHC,NA,NA,NA,NA,SEQUELII,University of Louisville Sequencing Technology Center,NA,NA,NA,TRUE,BAM,NA,NA,NA,NA,NA,NA,"Igenotyper V1.X (unreleased), hifiasm V0.19.3, minimap2 v2.26 ",NA,NA,NA,manual,Data was processed using the Igenotyper pipeline (https://github.com/oscarlr/IGenotyper),IMGT:Homo sapiens:2022-11-24,NA,NA,ighc
PRJNA555323,The human immunoglobulin heavy chain constant gene locus is enriched for large complex structural variants and coding polymorphisms that vary in frequency among human populations,Long-read sequencing to resolve IGHC haplotype variations in different populations,HG01058,"{""id"": ""NCIT: C16084"", ""label"": ""Observational Study""} ",NA,"NIH R24AI138963,R01HG010169",UofL (Watson lab),Watson,"580S Preston St,Louisville,KY 40202",corey.watson@louisville.edu,Uddalok Jana,PMIDXXXXXXXX,"[""immune receptor genome""]",HG01058,FALSE,"{""id"": ""NCBITAXON: 9606"", ""label"": ""Homo sapiens""} ",NA,NA,NA,NA,NA,AMR,PUR,NA,NA,NA,NA,NA,NA,NA,NA,NA,NA,NA,NA,HG01058,LCL,NA,NA,NA,NA,NA,NA,NA,NA,NA,NA,NA,FALSE,NA,NA,NA,NA,NA,NA,NA,NA,NA,NA,IG-Capture,amplification and capture by hybridization of genomic dna to enrich nucleic acid sequences from IG genomic loci,NA,NA,NA,IGHC,NA,NA,NA,NA,SEQUELII,University of Louisville Sequencing Technology Center,NA,NA,NA,TRUE,BAM,NA,NA,NA,NA,NA,NA,"Igenotyper V1.X (unreleased), hifiasm V0.19.3, minimap2 v2.26 ",NA,NA,NA,manual,Data was processed using the Igenotyper pipeline (https://github.com/oscarlr/IGenotyper),IMGT:Homo sapiens:2022-11-24,NA,NA,ighc
PRJNA555323,The human immunoglobulin heavy chain constant gene locus is enriched for large complex structural variants and coding polymorphisms that vary in frequency among human populations,Long-read sequencing to resolve IGHC haplotype variations in different populations,HG01104,"{""id"": ""NCIT: C16084"", ""label"": ""Observational Study""} ",NA,"NIH R24AI138963,R01HG010169",UofL (Watson lab),Watson,"580S Preston St,Louisville,KY 40202",corey.watson@louisville.edu,Uddalok Jana,PMIDXXXXXXXX,"[""immune receptor genome""]",HG01104,FALSE,"{""id"": ""NCBITAXON: 9606"", ""label"": ""Homo sapiens""} ",NA,NA,NA,NA,NA,AMR,PUR,NA,NA,NA,NA,NA,NA,NA,NA,NA,NA,NA,NA,HG01104,LCL,NA,NA,NA,NA,NA,NA,NA,NA,NA,NA,NA,FALSE,NA,NA,NA,NA,NA,NA,NA,NA,NA,NA,IG-Capture,amplification and capture by hybridization of genomic dna to enrich nucleic acid sequences from IG genomic loci,NA,NA,NA,IGHC,NA,NA,NA,NA,SEQUELII,University of Louisville Sequencing Technology Center,NA,NA,NA,TRUE,BAM,NA,NA,NA,NA,NA,NA,"Igenotyper V1.X (unreleased), hifiasm V0.19.3, minimap2 v2.26 ",NA,NA,NA,manual,Data was processed using the Igenotyper pipeline (https://github.com/oscarlr/IGenotyper),IMGT:Homo sapiens:2022-11-24,NA,NA,ighc
PRJNA555323,The human immunoglobulin heavy chain constant gene locus is enriched for large complex structural variants and coding polymorphisms that vary in frequency among human populations,Long-read sequencing to resolve IGHC haplotype variations in different populations,HG01169,"{""id"": ""NCIT: C16084"", ""label"": ""Observational Study""} ",NA,"NIH R24AI138963,R01HG010169",UofL (Watson lab),Watson,"580S Preston St,Louisville,KY 40202",corey.watson@louisville.edu,Uddalok Jana,PMIDXXXXXXXX,"[""immune receptor genome""]",HG01169,FALSE,"{""id"": ""NCBITAXON: 9606"", ""label"": ""Homo sapiens""} ",NA,NA,NA,NA,NA,AMR,PUR,NA,NA,NA,NA,NA,NA,NA,NA,NA,NA,NA,NA,HG01169,LCL,NA,NA,NA,NA,NA,NA,NA,NA,NA,NA,NA,FALSE,NA,NA,NA,NA,NA,NA,NA,NA,NA,NA,IG-Capture,amplification and capture by hybridization of genomic dna to enrich nucleic acid sequences from IG genomic loci,NA,NA,NA,IGHC,NA,NA,NA,NA,SEQUELII,University of Louisville Sequencing Technology Center,NA,NA,NA,TRUE,BAM,NA,NA,NA,NA,NA,NA,"Igenotyper V1.X (unreleased), hifiasm V0.19.3, minimap2 v2.26 ",NA,NA,NA,manual,Data was processed using the Igenotyper pipeline (https://github.com/oscarlr/IGenotyper),IMGT:Homo sapiens:2022-11-24,NA,NA,ighc
PRJNA555323,The human immunoglobulin heavy chain constant gene locus is enriched for large complex structural variants and coding polymorphisms that vary in frequency among human populations,Long-read sequencing to resolve IGHC haplotype variations in different populations,HG01174,"{""id"": ""NCIT: C16084"", ""label"": ""Observational Study""} ",NA,"NIH R24AI138963,R01HG010169",UofL (Watson lab),Watson,"580S Preston St,Louisville,KY 40202",corey.watson@louisville.edu,Uddalok Jana,PMIDXXXXXXXX,"[""immune receptor genome""]",HG01174,FALSE,"{""id"": ""NCBITAXON: 9606"", ""label"": ""Homo sapiens""} ",NA,NA,NA,NA,NA,AMR,PUR,NA,NA,NA,NA,NA,NA,NA,NA,NA,NA,NA,NA,HG01174,LCL,NA,NA,NA,NA,NA,NA,NA,NA,NA,NA,NA,FALSE,NA,NA,NA,NA,NA,NA,NA,NA,NA,NA,IG-Capture,amplification and capture by hybridization of genomic dna to enrich nucleic acid sequences from IG genomic loci,NA,NA,NA,IGHC,NA,NA,NA,NA,SEQUELII,University of Louisville Sequencing Technology Center,NA,NA,NA,TRUE,BAM,NA,NA,NA,NA,NA,NA,"Igenotyper V1.X (unreleased), hifiasm V0.19.3, minimap2 v2.26 ",NA,NA,NA,manual,Data was processed using the Igenotyper pipeline (https://github.com/oscarlr/IGenotyper),IMGT:Homo sapiens:2022-11-24,NA,NA,ighc
PRJNA555323,The human immunoglobulin heavy chain constant gene locus is enriched for large complex structural variants and coding polymorphisms that vary in frequency among human populations,Long-read sequencing to resolve IGHC haplotype variations in different populations,HG01796,"{""id"": ""NCIT: C16084"", ""label"": ""Observational Study""} ",NA,"NIH R24AI138963,R01HG010169",UofL (Watson lab),Watson,"580S Preston St,Louisville,KY 40202",corey.watson@louisville.edu,Uddalok Jana,PMIDXXXXXXXX,"[""immune receptor genome""]",HG01796,FALSE,"{""id"": ""NCBITAXON: 9606"", ""label"": ""Homo sapiens""} ",NA,NA,NA,NA,NA,EAS,CDX,NA,NA,NA,NA,NA,NA,NA,NA,NA,NA,NA,NA,HG01796,LCL,NA,NA,NA,NA,NA,NA,NA,NA,NA,NA,NA,FALSE,NA,NA,NA,NA,NA,NA,NA,NA,NA,NA,IG-Capture,amplification and capture by hybridization of genomic dna to enrich nucleic acid sequences from IG genomic loci,NA,NA,NA,IGHC,NA,NA,NA,NA,SEQUELII,University of Louisville Sequencing Technology Center,NA,NA,NA,TRUE,BAM,NA,NA,NA,NA,NA,NA,"Igenotyper V1.X (unreleased), hifiasm V0.19.3, minimap2 v2.26 ",NA,NA,NA,manual,Data was processed using the Igenotyper pipeline (https://github.com/oscarlr/IGenotyper),IMGT:Homo sapiens:2022-11-24,NA,NA,ighc
PRJNA555323,The human immunoglobulin heavy chain constant gene locus is enriched for large complex structural variants and coding polymorphisms that vary in frequency among human populations,Long-read sequencing to resolve IGHC haplotype variations in different populations,NA18543,"{""id"": ""NCIT: C16084"", ""label"": ""Observational Study""} ",NA,"NIH R24AI138963,R01HG010169",UofL (Watson lab),Watson,"580S Preston St,Louisville,KY 40202",corey.watson@louisville.edu,Uddalok Jana,PMIDXXXXXXXX,"[""immune receptor genome""]",NA18543,FALSE,"{""id"": ""NCBITAXON: 9606"", ""label"": ""Homo sapiens""} ",NA,NA,NA,NA,NA,EAS,CHB,NA,NA,NA,NA,NA,NA,NA,NA,NA,NA,NA,NA,NA18543,LCL,NA,NA,NA,NA,NA,NA,NA,NA,NA,NA,NA,FALSE,NA,NA,NA,NA,NA,NA,NA,NA,NA,NA,IG-Capture,amplification and capture by hybridization of genomic dna to enrich nucleic acid sequences from IG genomic loci,NA,NA,NA,IGHC,NA,NA,NA,NA,SEQUELII,University of Louisville Sequencing Technology Center,NA,NA,NA,TRUE,BAM,NA,NA,NA,NA,NA,NA,"Igenotyper V1.X (unreleased), hifiasm V0.19.3, minimap2 v2.26 ",NA,NA,NA,manual,Data was processed using the Igenotyper pipeline (https://github.com/oscarlr/IGenotyper),IMGT:Homo sapiens:2022-11-24,NA,NA,ighc
PRJNA555323,The human immunoglobulin heavy chain constant gene locus is enriched for large complex structural variants and coding polymorphisms that vary in frequency among human populations,Long-read sequencing to resolve IGHC haplotype variations in different populations,NA18555,"{""id"": ""NCIT: C16084"", ""label"": ""Observational Study""} ",NA,"NIH R24AI138963,R01HG010169",UofL (Watson lab),Watson,"580S Preston St,Louisville,KY 40202",corey.watson@louisville.edu,Uddalok Jana,PMIDXXXXXXXX,"[""immune receptor genome""]",NA18555,FALSE,"{""id"": ""NCBITAXON: 9606"", ""label"": ""Homo sapiens""} ",NA,NA,NA,NA,NA,EAS,CHB,NA,NA,NA,NA,NA,NA,NA,NA,NA,NA,NA,NA,NA18555,LCL,NA,NA,NA,NA,NA,NA,NA,NA,NA,NA,NA,FALSE,NA,NA,NA,NA,NA,NA,NA,NA,NA,NA,IG-Capture,amplification and capture by hybridization of genomic dna to enrich nucleic acid sequences from IG genomic loci,NA,NA,NA,IGHC,NA,NA,NA,NA,SEQUELII,University of Louisville Sequencing Technology Center,NA,NA,NA,TRUE,BAM,NA,NA,NA,NA,NA,NA,"Igenotyper V1.X (unreleased), hifiasm V0.19.3, minimap2 v2.26 ",NA,NA,NA,manual,Data was processed using the Igenotyper pipeline (https://github.com/oscarlr/IGenotyper),IMGT:Homo sapiens:2022-11-24,NA,NA,ighc
PRJNA555323,The human immunoglobulin heavy chain constant gene locus is enriched for large complex structural variants and coding polymorphisms that vary in frequency among human populations,Long-read sequencing to resolve IGHC haplotype variations in different populations,NA18572,"{""id"": ""NCIT: C16084"", ""label"": ""Observational Study""} ",NA,"NIH R24AI138963,R01HG010169",UofL (Watson lab),Watson,"580S Preston St,Louisville,KY 40202",corey.watson@louisville.edu,Uddalok Jana,PMIDXXXXXXXX,"[""immune receptor genome""]",NA18572,FALSE,"{""id"": ""NCBITAXON: 9606"", ""label"": ""Homo sapiens""} ",NA,NA,NA,NA,NA,EAS,CHB,NA,NA,NA,NA,NA,NA,NA,NA,NA,NA,NA,NA,NA18572,LCL,NA,NA,NA,NA,NA,NA,NA,NA,NA,NA,NA,FALSE,NA,NA,NA,NA,NA,NA,NA,NA,NA,NA,IG-Capture,amplification and capture by hybridization of genomic dna to enrich nucleic acid sequences from IG genomic loci,NA,NA,NA,IGHC,NA,NA,NA,NA,SEQUELII,University of Louisville Sequencing Technology Center,NA,NA,NA,TRUE,BAM,NA,NA,NA,NA,NA,NA,"Igenotyper V1.X (unreleased), hifiasm V0.19.3, minimap2 v2.26 ",NA,NA,NA,manual,Data was processed using the Igenotyper pipeline (https://github.com/oscarlr/IGenotyper),IMGT:Homo sapiens:2022-11-24,NA,NA,ighc
PRJNA555323,The human immunoglobulin heavy chain constant gene locus is enriched for large complex structural variants and coding polymorphisms that vary in frequency among human populations,Long-read sequencing to resolve IGHC haplotype variations in different populations,NA18638,"{""id"": ""NCIT: C16084"", ""label"": ""Observational Study""} ",NA,"NIH R24AI138963,R01HG010169",UofL (Watson lab),Watson,"580S Preston St,Louisville,KY 40202",corey.watson@louisville.edu,Uddalok Jana,PMIDXXXXXXXX,"[""immune receptor genome""]",NA18638,FALSE,"{""id"": ""NCBITAXON: 9606"", ""label"": ""Homo sapiens""} ",NA,NA,NA,NA,NA,EAS,CHB,NA,NA,NA,NA,NA,NA,NA,NA,NA,NA,NA,NA,NA18638,LCL,NA,NA,NA,NA,NA,NA,NA,NA,NA,NA,NA,FALSE,NA,NA,NA,NA,NA,NA,NA,NA,NA,NA,IG-Capture,amplification and capture by hybridization of genomic dna to enrich nucleic acid sequences from IG genomic loci,NA,NA,NA,IGHC,NA,NA,NA,NA,SEQUELII,University of Louisville Sequencing Technology Center,NA,NA,NA,TRUE,BAM,NA,NA,NA,NA,NA,NA,"Igenotyper V1.X (unreleased), hifiasm V0.19.3, minimap2 v2.26 ",NA,NA,NA,manual,Data was processed using the Igenotyper pipeline (https://github.com/oscarlr/IGenotyper),IMGT:Homo sapiens:2022-11-24,NA,NA,ighc
PRJNA555323,The human immunoglobulin heavy chain constant gene locus is enriched for large complex structural variants and coding polymorphisms that vary in frequency among human populations,Long-read sequencing to resolve IGHC haplotype variations in different populations,HG00532,"{""id"": ""NCIT: C16084"", ""label"": ""Observational Study""} ",NA,"NIH R24AI138963,R01HG010169",UofL (Watson lab),Watson,"580S Preston St,Louisville,KY 40202",corey.watson@louisville.edu,Uddalok Jana,PMIDXXXXXXXX,"[""immune receptor genome""]",HG00532,FALSE,"{""id"": ""NCBITAXON: 9606"", ""label"": ""Homo sapiens""} ",NA,NA,NA,NA,NA,EAS,CHS,NA,NA,NA,NA,NA,NA,NA,NA,NA,NA,NA,NA,HG00532,LCL,NA,NA,NA,NA,NA,NA,NA,NA,NA,NA,NA,FALSE,NA,NA,NA,NA,NA,NA,NA,NA,NA,NA,IG-Capture,amplification and capture by hybridization of genomic dna to enrich nucleic acid sequences from IG genomic loci,NA,NA,NA,IGHC,NA,NA,NA,NA,SEQUELII,University of Louisville Sequencing Technology Center,NA,NA,NA,TRUE,BAM,NA,NA,NA,NA,NA,NA,"Igenotyper V1.X (unreleased), hifiasm V0.19.3, minimap2 v2.26 ",NA,NA,NA,manual,Data was processed using the Igenotyper pipeline (https://github.com/oscarlr/IGenotyper),IMGT:Homo sapiens:2022-11-24,NA,NA,ighc
PRJNA555323,The human immunoglobulin heavy chain constant gene locus is enriched for large complex structural variants and coding polymorphisms that vary in frequency among human populations,Long-read sequencing to resolve IGHC haplotype variations in different populations,HG00591,"{""id"": ""NCIT: C16084"", ""label"": ""Observational Study""} ",NA,"NIH R24AI138963,R01HG010169",UofL (Watson lab),Watson,"580S Preston St,Louisville,KY 40202",corey.watson@louisville.edu,Uddalok Jana,PMIDXXXXXXXX,"[""immune receptor genome""]",HG00591,FALSE,"{""id"": ""NCBITAXON: 9606"", ""label"": ""Homo sapiens""} ",NA,NA,NA,NA,NA,EAS,CHS,NA,NA,NA,NA,NA,NA,NA,NA,NA,NA,NA,NA,HG00591,LCL,NA,NA,NA,NA,NA,NA,NA,NA,NA,NA,NA,FALSE,NA,NA,NA,NA,NA,NA,NA,NA,NA,NA,IG-Capture,amplification and capture by hybridization of genomic dna to enrich nucleic acid sequences from IG genomic loci,NA,NA,NA,IGHC,NA,NA,NA,NA,SEQUELII,University of Louisville Sequencing Technology Center,NA,NA,NA,TRUE,BAM,NA,NA,NA,NA,NA,NA,"Igenotyper V1.X (unreleased), hifiasm V0.19.3, minimap2 v2.26 ",NA,NA,NA,manual,Data was processed using the Igenotyper pipeline (https://github.com/oscarlr/IGenotyper),IMGT:Homo sapiens:2022-11-24,NA,NA,ighc
PRJNA555323,The human immunoglobulin heavy chain constant gene locus is enriched for large complex structural variants and coding polymorphisms that vary in frequency among human populations,Long-read sequencing to resolve IGHC haplotype variations in different populations,HG00619,"{""id"": ""NCIT: C16084"", ""label"": ""Observational Study""} ",NA,"NIH R24AI138963,R01HG010169",UofL (Watson lab),Watson,"580S Preston St,Louisville,KY 40202",corey.watson@louisville.edu,Uddalok Jana,PMIDXXXXXXXX,"[""immune receptor genome""]",HG00619,FALSE,"{""id"": ""NCBITAXON: 9606"", ""label"": ""Homo sapiens""} ",NA,NA,NA,NA,NA,EAS,CHS,NA,NA,NA,NA,NA,NA,NA,NA,NA,NA,NA,NA,HG00619,LCL,NA,NA,NA,NA,NA,NA,NA,NA,NA,NA,NA,FALSE,NA,NA,NA,NA,NA,NA,NA,NA,NA,NA,IG-Capture,amplification and capture by hybridization of genomic dna to enrich nucleic acid sequences from IG genomic loci,NA,NA,NA,IGHC,NA,NA,NA,NA,SEQUELII,University of Louisville Sequencing Technology Center,NA,NA,NA,TRUE,BAM,NA,NA,NA,NA,NA,NA,"Igenotyper V1.X (unreleased), hifiasm V0.19.3, minimap2 v2.26 ",NA,NA,NA,manual,Data was processed using the Igenotyper pipeline (https://github.com/oscarlr/IGenotyper),IMGT:Homo sapiens:2022-11-24,NA,NA,ighc
PRJNA555323,The human immunoglobulin heavy chain constant gene locus is enriched for large complex structural variants and coding polymorphisms that vary in frequency among human populations,Long-read sequencing to resolve IGHC haplotype variations in different populations,HG00671,"{""id"": ""NCIT: C16084"", ""label"": ""Observational Study""} ",NA,"NIH R24AI138963,R01HG010169",UofL (Watson lab),Watson,"580S Preston St,Louisville,KY 40202",corey.watson@louisville.edu,Uddalok Jana,PMIDXXXXXXXX,"[""immune receptor genome""]",HG00671,FALSE,"{""id"": ""NCBITAXON: 9606"", ""label"": ""Homo sapiens""} ",NA,NA,NA,NA,NA,EAS,CHS,NA,NA,NA,NA,NA,NA,NA,NA,NA,NA,NA,NA,HG00671,LCL,NA,NA,NA,NA,NA,NA,NA,NA,NA,NA,NA,FALSE,NA,NA,NA,NA,NA,NA,NA,NA,NA,NA,IG-Capture,amplification and capture by hybridization of genomic dna to enrich nucleic acid sequences from IG genomic loci,NA,NA,NA,IGHC,NA,NA,NA,NA,SEQUELII,University of Louisville Sequencing Technology Center,NA,NA,NA,TRUE,BAM,NA,NA,NA,NA,NA,NA,"Igenotyper V1.X (unreleased), hifiasm V0.19.3, minimap2 v2.26 ",NA,NA,NA,manual,Data was processed using the Igenotyper pipeline (https://github.com/oscarlr/IGenotyper),IMGT:Homo sapiens:2022-11-24,NA,NA,ighc
PRJNA555323,The human immunoglobulin heavy chain constant gene locus is enriched for large complex structural variants and coding polymorphisms that vary in frequency among human populations,Long-read sequencing to resolve IGHC haplotype variations in different populations,HG00672,"{""id"": ""NCIT: C16084"", ""label"": ""Observational Study""} ",NA,"NIH R24AI138963,R01HG010169",UofL (Watson lab),Watson,"580S Preston St,Louisville,KY 40202",corey.watson@louisville.edu,Uddalok Jana,PMIDXXXXXXXX,"[""immune receptor genome""]",HG00672,FALSE,"{""id"": ""NCBITAXON: 9606"", ""label"": ""Homo sapiens""} ",NA,NA,NA,NA,NA,EAS,CHS,NA,NA,NA,NA,NA,NA,NA,NA,NA,NA,NA,NA,HG00672,LCL,NA,NA,NA,NA,NA,NA,NA,NA,NA,NA,NA,FALSE,NA,NA,NA,NA,NA,NA,NA,NA,NA,NA,IG-Capture,amplification and capture by hybridization of genomic dna to enrich nucleic acid sequences from IG genomic loci,NA,NA,NA,IGHC,NA,NA,NA,NA,SEQUELII,University of Louisville Sequencing Technology Center,NA,NA,NA,TRUE,BAM,NA,NA,NA,NA,NA,NA,"Igenotyper V1.X (unreleased), hifiasm V0.19.3, minimap2 v2.26 ",NA,NA,NA,manual,Data was processed using the Igenotyper pipeline (https://github.com/oscarlr/IGenotyper),IMGT:Homo sapiens:2022-11-24,NA,NA,ighc
PRJNA555323,The human immunoglobulin heavy chain constant gene locus is enriched for large complex structural variants and coding polymorphisms that vary in frequency among human populations,Long-read sequencing to resolve IGHC haplotype variations in different populations,HG00673,"{""id"": ""NCIT: C16084"", ""label"": ""Observational Study""} ",NA,"NIH R24AI138963,R01HG010169",UofL (Watson lab),Watson,"580S Preston St,Louisville,KY 40202",corey.watson@louisville.edu,Uddalok Jana,PMIDXXXXXXXX,"[""immune receptor genome""]",HG00673,FALSE,"{""id"": ""NCBITAXON: 9606"", ""label"": ""Homo sapiens""} ",NA,NA,NA,NA,NA,EAS,CHS,NA,NA,NA,NA,NA,NA,NA,NA,NA,NA,NA,NA,HG00673,LCL,NA,NA,NA,NA,NA,NA,NA,NA,NA,NA,NA,FALSE,NA,NA,NA,NA,NA,NA,NA,NA,NA,NA,IG-Capture,amplification and capture by hybridization of genomic dna to enrich nucleic acid sequences from IG genomic loci,NA,NA,NA,IGHC,NA,NA,NA,NA,SEQUELII,University of Louisville Sequencing Technology Center,NA,NA,NA,TRUE,BAM,NA,NA,NA,NA,NA,NA,"Igenotyper V1.X (unreleased), hifiasm V0.19.3, minimap2 v2.26 ",NA,NA,NA,manual,Data was processed using the Igenotyper pipeline (https://github.com/oscarlr/IGenotyper),IMGT:Homo sapiens:2022-11-24,NA,NA,ighc
PRJNA555323,The human immunoglobulin heavy chain constant gene locus is enriched for large complex structural variants and coding polymorphisms that vary in frequency among human populations,Long-read sequencing to resolve IGHC haplotype variations in different populations,NA18952,"{""id"": ""NCIT: C16084"", ""label"": ""Observational Study""} ",NA,"NIH R24AI138963,R01HG010169",UofL (Watson lab),Watson,"580S Preston St,Louisville,KY 40202",corey.watson@louisville.edu,Uddalok Jana,PMIDXXXXXXXX,"[""immune receptor genome""]",NA18952,FALSE,"{""id"": ""NCBITAXON: 9606"", ""label"": ""Homo sapiens""} ",NA,NA,NA,NA,NA,EAS,JPT,NA,NA,NA,NA,NA,NA,NA,NA,NA,NA,NA,NA,NA18952,LCL,NA,NA,NA,NA,NA,NA,NA,NA,NA,NA,NA,FALSE,NA,NA,NA,NA,NA,NA,NA,NA,NA,NA,IG-Capture,amplification and capture by hybridization of genomic dna to enrich nucleic acid sequences from IG genomic loci,NA,NA,NA,IGHC,NA,NA,NA,NA,SEQUELII,University of Louisville Sequencing Technology Center,NA,NA,NA,TRUE,BAM,NA,NA,NA,NA,NA,NA,"Igenotyper V1.X (unreleased), hifiasm V0.19.3, minimap2 v2.26 ",NA,NA,NA,manual,Data was processed using the Igenotyper pipeline (https://github.com/oscarlr/IGenotyper),IMGT:Homo sapiens:2022-11-24,NA,NA,ighc
PRJNA555323,The human immunoglobulin heavy chain constant gene locus is enriched for large complex structural variants and coding polymorphisms that vary in frequency among human populations,Long-read sequencing to resolve IGHC haplotype variations in different populations,NA18979,"{""id"": ""NCIT: C16084"", ""label"": ""Observational Study""} ",NA,"NIH R24AI138963,R01HG010169",UofL (Watson lab),Watson,"580S Preston St,Louisville,KY 40202",corey.watson@louisville.edu,Uddalok Jana,PMIDXXXXXXXX,"[""immune receptor genome""]",NA18979,FALSE,"{""id"": ""NCBITAXON: 9606"", ""label"": ""Homo sapiens""} ",NA,NA,NA,NA,NA,EAS,JPT,NA,NA,NA,NA,NA,NA,NA,NA,NA,NA,NA,NA,NA18979,LCL,NA,NA,NA,NA,NA,NA,NA,NA,NA,NA,NA,FALSE,NA,NA,NA,NA,NA,NA,NA,NA,NA,NA,IG-Capture,amplification and capture by hybridization of genomic dna to enrich nucleic acid sequences from IG genomic loci,NA,NA,NA,IGHC,NA,NA,NA,NA,SEQUELII,University of Louisville Sequencing Technology Center,NA,NA,NA,TRUE,BAM,NA,NA,NA,NA,NA,NA,"Igenotyper V1.X (unreleased), hifiasm V0.19.3, minimap2 v2.26 ",NA,NA,NA,manual,Data was processed using the Igenotyper pipeline (https://github.com/oscarlr/IGenotyper),IMGT:Homo sapiens:2022-11-24,NA,NA,ighc
PRJNA555323,The human immunoglobulin heavy chain constant gene locus is enriched for large complex structural variants and coding polymorphisms that vary in frequency among human populations,Long-read sequencing to resolve IGHC haplotype variations in different populations,NA19055,"{""id"": ""NCIT: C16084"", ""label"": ""Observational Study""} ",NA,"NIH R24AI138963,R01HG010169",UofL (Watson lab),Watson,"580S Preston St,Louisville,KY 40202",corey.watson@louisville.edu,Uddalok Jana,PMIDXXXXXXXX,"[""immune receptor genome""]",NA19055,FALSE,"{""id"": ""NCBITAXON: 9606"", ""label"": ""Homo sapiens""} ",NA,NA,NA,NA,NA,EAS,JPT,NA,NA,NA,NA,NA,NA,NA,NA,NA,NA,NA,NA,NA19055,LCL,NA,NA,NA,NA,NA,NA,NA,NA,NA,NA,NA,FALSE,NA,NA,NA,NA,NA,NA,NA,NA,NA,NA,IG-Capture,amplification and capture by hybridization of genomic dna to enrich nucleic acid sequences from IG genomic loci,NA,NA,NA,IGHC,NA,NA,NA,NA,SEQUELII,University of Louisville Sequencing Technology Center,NA,NA,NA,TRUE,BAM,NA,NA,NA,NA,NA,NA,"Igenotyper V1.X (unreleased), hifiasm V0.19.3, minimap2 v2.26 ",NA,NA,NA,manual,Data was processed using the Igenotyper pipeline (https://github.com/oscarlr/IGenotyper),IMGT:Homo sapiens:2022-11-24,NA,NA,ighc
PRJNA555323,The human immunoglobulin heavy chain constant gene locus is enriched for large complex structural variants and coding polymorphisms that vary in frequency among human populations,Long-read sequencing to resolve IGHC haplotype variations in different populations,NA19058,"{""id"": ""NCIT: C16084"", ""label"": ""Observational Study""} ",NA,"NIH R24AI138963,R01HG010169",UofL (Watson lab),Watson,"580S Preston St,Louisville,KY 40202",corey.watson@louisville.edu,Uddalok Jana,PMIDXXXXXXXX,"[""immune receptor genome""]",NA19058,FALSE,"{""id"": ""NCBITAXON: 9606"", ""label"": ""Homo sapiens""} ",NA,NA,NA,NA,NA,EAS,JPT,NA,NA,NA,NA,NA,NA,NA,NA,NA,NA,NA,NA,NA19058,LCL,NA,NA,NA,NA,NA,NA,NA,NA,NA,NA,NA,FALSE,NA,NA,NA,NA,NA,NA,NA,NA,NA,NA,IG-Capture,amplification and capture by hybridization of genomic dna to enrich nucleic acid sequences from IG genomic loci,NA,NA,NA,IGHC,NA,NA,NA,NA,SEQUELII,University of Louisville Sequencing Technology Center,NA,NA,NA,TRUE,BAM,NA,NA,NA,NA,NA,NA,"Igenotyper V1.X (unreleased), hifiasm V0.19.3, minimap2 v2.26 ",NA,NA,NA,manual,Data was processed using the Igenotyper pipeline (https://github.com/oscarlr/IGenotyper),IMGT:Homo sapiens:2022-11-24,NA,NA,ighc
PRJNA555323,The human immunoglobulin heavy chain constant gene locus is enriched for large complex structural variants and coding polymorphisms that vary in frequency among human populations,Long-read sequencing to resolve IGHC haplotype variations in different populations,NA19062,"{""id"": ""NCIT: C16084"", ""label"": ""Observational Study""} ",NA,"NIH R24AI138963,R01HG010169",UofL (Watson lab),Watson,"580S Preston St,Louisville,KY 40202",corey.watson@louisville.edu,Uddalok Jana,PMIDXXXXXXXX,"[""immune receptor genome""]",NA19062,FALSE,"{""id"": ""NCBITAXON: 9606"", ""label"": ""Homo sapiens""} ",NA,NA,NA,NA,NA,EAS,JPT,NA,NA,NA,NA,NA,NA,NA,NA,NA,NA,NA,NA,NA19062,LCL,NA,NA,NA,NA,NA,NA,NA,NA,NA,NA,NA,FALSE,NA,NA,NA,NA,NA,NA,NA,NA,NA,NA,IG-Capture,amplification and capture by hybridization of genomic dna to enrich nucleic acid sequences from IG genomic loci,NA,NA,NA,IGHC,NA,NA,NA,NA,SEQUELII,University of Louisville Sequencing Technology Center,NA,NA,NA,TRUE,BAM,NA,NA,NA,NA,NA,NA,"Igenotyper V1.X (unreleased), hifiasm V0.19.3, minimap2 v2.26 ",NA,NA,NA,manual,Data was processed using the Igenotyper pipeline (https://github.com/oscarlr/IGenotyper),IMGT:Homo sapiens:2022-11-24,NA,NA,ighc
PRJNA555323,The human immunoglobulin heavy chain constant gene locus is enriched for large complex structural variants and coding polymorphisms that vary in frequency among human populations,Long-read sequencing to resolve IGHC haplotype variations in different populations,NA19091,"{""id"": ""NCIT: C16084"", ""label"": ""Observational Study""} ",NA,"NIH R24AI138963,R01HG010169",UofL (Watson lab),Watson,"580S Preston St,Louisville,KY 40202",corey.watson@louisville.edu,Uddalok Jana,PMIDXXXXXXXX,"[""immune receptor genome""]",NA19091,FALSE,"{""id"": ""NCBITAXON: 9606"", ""label"": ""Homo sapiens""} ",NA,NA,NA,NA,NA,EAS,JPT,NA,NA,NA,NA,NA,NA,NA,NA,NA,NA,NA,NA,NA19091,LCL,NA,NA,NA,NA,NA,NA,NA,NA,NA,NA,NA,FALSE,NA,NA,NA,NA,NA,NA,NA,NA,NA,NA,IG-Capture,amplification and capture by hybridization of genomic dna to enrich nucleic acid sequences from IG genomic loci,NA,NA,NA,IGHC,NA,NA,NA,NA,SEQUELII,University of Louisville Sequencing Technology Center,NA,NA,NA,TRUE,BAM,NA,NA,NA,NA,NA,NA,"Igenotyper V1.X (unreleased), hifiasm V0.19.3, minimap2 v2.26 ",NA,NA,NA,manual,Data was processed using the Igenotyper pipeline (https://github.com/oscarlr/IGenotyper),IMGT:Homo sapiens:2022-11-24,NA,NA,ighc
PRJNA555323,The human immunoglobulin heavy chain constant gene locus is enriched for large complex structural variants and coding polymorphisms that vary in frequency among human populations,Long-read sequencing to resolve IGHC haplotype variations in different populations,HG01599,"{""id"": ""NCIT: C16084"", ""label"": ""Observational Study""} ",NA,"NIH R24AI138963,R01HG010169",UofL (Watson lab),Watson,"580S Preston St,Louisville,KY 40202",corey.watson@louisville.edu,Uddalok Jana,PMIDXXXXXXXX,"[""immune receptor genome""]",HG01599,FALSE,"{""id"": ""NCBITAXON: 9606"", ""label"": ""Homo sapiens""} ",NA,NA,NA,NA,NA,EAS,KHV,NA,NA,NA,NA,NA,NA,NA,NA,NA,NA,NA,NA,HG01599,LCL,NA,NA,NA,NA,NA,NA,NA,NA,NA,NA,NA,FALSE,NA,NA,NA,NA,NA,NA,NA,NA,NA,NA,IG-Capture,amplification and capture by hybridization of genomic dna to enrich nucleic acid sequences from IG genomic loci,NA,NA,NA,IGHC,NA,NA,NA,NA,SEQUELII,University of Louisville Sequencing Technology Center,NA,NA,NA,TRUE,BAM,NA,NA,NA,NA,NA,NA,"Igenotyper V1.X (unreleased), hifiasm V0.19.3, minimap2 v2.26 ",NA,NA,NA,manual,Data was processed using the Igenotyper pipeline (https://github.com/oscarlr/IGenotyper),IMGT:Homo sapiens:2022-11-24,NA,NA,ighc
PRJNA555323,The human immunoglobulin heavy chain constant gene locus is enriched for large complex structural variants and coding polymorphisms that vary in frequency among human populations,Long-read sequencing to resolve IGHC haplotype variations in different populations,HG01855,"{""id"": ""NCIT: C16084"", ""label"": ""Observational Study""} ",NA,"NIH R24AI138963,R01HG010169",UofL (Watson lab),Watson,"580S Preston St,Louisville,KY 40202",corey.watson@louisville.edu,Uddalok Jana,PMIDXXXXXXXX,"[""immune receptor genome""]",HG01855,FALSE,"{""id"": ""NCBITAXON: 9606"", ""label"": ""Homo sapiens""} ",NA,NA,NA,NA,NA,EAS,KHV,NA,NA,NA,NA,NA,NA,NA,NA,NA,NA,NA,NA,HG01855,LCL,NA,NA,NA,NA,NA,NA,NA,NA,NA,NA,NA,FALSE,NA,NA,NA,NA,NA,NA,NA,NA,NA,NA,IG-Capture,amplification and capture by hybridization of genomic dna to enrich nucleic acid sequences from IG genomic loci,NA,NA,NA,IGHC,NA,NA,NA,NA,SEQUELII,University of Louisville Sequencing Technology Center,NA,NA,NA,TRUE,BAM,NA,NA,NA,NA,NA,NA,"Igenotyper V1.X (unreleased), hifiasm V0.19.3, minimap2 v2.26 ",NA,NA,NA,manual,Data was processed using the Igenotyper pipeline (https://github.com/oscarlr/IGenotyper),IMGT:Homo sapiens:2022-11-24,NA,NA,ighc
PRJNA555323,The human immunoglobulin heavy chain constant gene locus is enriched for large complex structural variants and coding polymorphisms that vary in frequency among human populations,Long-read sequencing to resolve IGHC haplotype variations in different populations,HG01872,"{""id"": ""NCIT: C16084"", ""label"": ""Observational Study""} ",NA,"NIH R24AI138963,R01HG010169",UofL (Watson lab),Watson,"580S Preston St,Louisville,KY 40202",corey.watson@louisville.edu,Uddalok Jana,PMIDXXXXXXXX,"[""immune receptor genome""]",HG01872,FALSE,"{""id"": ""NCBITAXON: 9606"", ""label"": ""Homo sapiens""} ",NA,NA,NA,NA,NA,EAS,KHV,NA,NA,NA,NA,NA,NA,NA,NA,NA,NA,NA,NA,HG01872,LCL,NA,NA,NA,NA,NA,NA,NA,NA,NA,NA,NA,FALSE,NA,NA,NA,NA,NA,NA,NA,NA,NA,NA,IG-Capture,amplification and capture by hybridization of genomic dna to enrich nucleic acid sequences from IG genomic loci,NA,NA,NA,IGHC,NA,NA,NA,NA,SEQUELII,University of Louisville Sequencing Technology Center,NA,NA,NA,TRUE,BAM,NA,NA,NA,NA,NA,NA,"Igenotyper V1.X (unreleased), hifiasm V0.19.3, minimap2 v2.26 ",NA,NA,NA,manual,Data was processed using the Igenotyper pipeline (https://github.com/oscarlr/IGenotyper),IMGT:Homo sapiens:2022-11-24,NA,NA,ighc
PRJNA555323,The human immunoglobulin heavy chain constant gene locus is enriched for large complex structural variants and coding polymorphisms that vary in frequency among human populations,Long-read sequencing to resolve IGHC haplotype variations in different populations,HG02015,"{""id"": ""NCIT: C16084"", ""label"": ""Observational Study""} ",NA,"NIH R24AI138963,R01HG010169",UofL (Watson lab),Watson,"580S Preston St,Louisville,KY 40202",corey.watson@louisville.edu,Uddalok Jana,PMIDXXXXXXXX,"[""immune receptor genome""]",HG02015,FALSE,"{""id"": ""NCBITAXON: 9606"", ""label"": ""Homo sapiens""} ",NA,NA,NA,NA,NA,EAS,KHV,NA,NA,NA,NA,NA,NA,NA,NA,NA,NA,NA,NA,HG02015,LCL,NA,NA,NA,NA,NA,NA,NA,NA,NA,NA,NA,FALSE,NA,NA,NA,NA,NA,NA,NA,NA,NA,NA,IG-Capture,amplification and capture by hybridization of genomic dna to enrich nucleic acid sequences from IG genomic loci,NA,NA,NA,IGHC,NA,NA,NA,NA,SEQUELII,University of Louisville Sequencing Technology Center,NA,NA,NA,TRUE,BAM,NA,NA,NA,NA,NA,NA,"Igenotyper V1.X (unreleased), hifiasm V0.19.3, minimap2 v2.26 ",NA,NA,NA,manual,Data was processed using the Igenotyper pipeline (https://github.com/oscarlr/IGenotyper),IMGT:Homo sapiens:2022-11-24,NA,NA,ighc
PRJNA555323,The human immunoglobulin heavy chain constant gene locus is enriched for large complex structural variants and coding polymorphisms that vary in frequency among human populations,Long-read sequencing to resolve IGHC haplotype variations in different populations,HG02513,"{""id"": ""NCIT: C16084"", ""label"": ""Observational Study""} ",NA,"NIH R24AI138963,R01HG010169",UofL (Watson lab),Watson,"580S Preston St,Louisville,KY 40202",corey.watson@louisville.edu,Uddalok Jana,PMIDXXXXXXXX,"[""immune receptor genome""]",HG02513,FALSE,"{""id"": ""NCBITAXON: 9606"", ""label"": ""Homo sapiens""} ",NA,NA,NA,NA,NA,EAS,KHV,NA,NA,NA,NA,NA,NA,NA,NA,NA,NA,NA,NA,HG02513,LCL,NA,NA,NA,NA,NA,NA,NA,NA,NA,NA,NA,FALSE,NA,NA,NA,NA,NA,NA,NA,NA,NA,NA,IG-Capture,amplification and capture by hybridization of genomic dna to enrich nucleic acid sequences from IG genomic loci,NA,NA,NA,IGHC,NA,NA,NA,NA,SEQUELII,University of Louisville Sequencing Technology Center,NA,NA,NA,TRUE,BAM,NA,NA,NA,NA,NA,NA,"Igenotyper V1.X (unreleased), hifiasm V0.19.3, minimap2 v2.26 ",NA,NA,NA,manual,Data was processed using the Igenotyper pipeline (https://github.com/oscarlr/IGenotyper),IMGT:Homo sapiens:2022-11-24,NA,NA,ighc
PRJNA555323,The human immunoglobulin heavy chain constant gene locus is enriched for large complex structural variants and coding polymorphisms that vary in frequency among human populations,Long-read sequencing to resolve IGHC haplotype variations in different populations,NA11919,"{""id"": ""NCIT: C16084"", ""label"": ""Observational Study""} ",NA,"NIH R24AI138963,R01HG010169",UofL (Watson lab),Watson,"580S Preston St,Louisville,KY 40202",corey.watson@louisville.edu,Uddalok Jana,PMIDXXXXXXXX,"[""immune receptor genome""]",NA11919,FALSE,"{""id"": ""NCBITAXON: 9606"", ""label"": ""Homo sapiens""} ",NA,NA,NA,NA,NA,EUR,CEU,NA,NA,NA,NA,NA,NA,NA,NA,NA,NA,NA,NA,NA11919,LCL,NA,NA,NA,NA,NA,NA,NA,NA,NA,NA,NA,FALSE,NA,NA,NA,NA,NA,NA,NA,NA,NA,NA,IG-Capture,amplification and capture by hybridization of genomic dna to enrich nucleic acid sequences from IG genomic loci,NA,NA,NA,IGHC,NA,NA,NA,NA,SEQUELII,University of Louisville Sequencing Technology Center,NA,NA,NA,TRUE,BAM,NA,NA,NA,NA,NA,NA,"Igenotyper V1.X (unreleased), hifiasm V0.19.3, minimap2 v2.26 ",NA,NA,NA,manual,Data was processed using the Igenotyper pipeline (https://github.com/oscarlr/IGenotyper),IMGT:Homo sapiens:2022-11-24,NA,NA,ighc
PRJNA555323,The human immunoglobulin heavy chain constant gene locus is enriched for large complex structural variants and coding polymorphisms that vary in frequency among human populations,Long-read sequencing to resolve IGHC haplotype variations in different populations,NA12156,"{""id"": ""NCIT: C16084"", ""label"": ""Observational Study""} ",NA,"NIH R24AI138963,R01HG010169",UofL (Watson lab),Watson,"580S Preston St,Louisville,KY 40202",corey.watson@louisville.edu,Uddalok Jana,PMIDXXXXXXXX,"[""immune receptor genome""]",NA12156,FALSE,"{""id"": ""NCBITAXON: 9606"", ""label"": ""Homo sapiens""} ",NA,NA,NA,NA,NA,EUR,CEU,NA,NA,NA,NA,NA,NA,NA,NA,NA,NA,NA,NA,NA12156,LCL,NA,NA,NA,NA,NA,NA,NA,NA,NA,NA,NA,FALSE,NA,NA,NA,NA,NA,NA,NA,NA,NA,NA,IG-Capture,amplification and capture by hybridization of genomic dna to enrich nucleic acid sequences from IG genomic loci,NA,NA,NA,IGHC,NA,NA,NA,NA,SEQUELII,University of Louisville Sequencing Technology Center,NA,NA,NA,TRUE,BAM,NA,NA,NA,NA,NA,NA,"Igenotyper V1.X (unreleased), hifiasm V0.19.3, minimap2 v2.26 ",NA,NA,NA,manual,Data was processed using the Igenotyper pipeline (https://github.com/oscarlr/IGenotyper),IMGT:Homo sapiens:2022-11-24,NA,NA,ighc
PRJNA555323,The human immunoglobulin heavy chain constant gene locus is enriched for large complex structural variants and coding polymorphisms that vary in frequency among human populations,Long-read sequencing to resolve IGHC haplotype variations in different populations,HG00178,"{""id"": ""NCIT: C16084"", ""label"": ""Observational Study""} ",NA,"NIH R24AI138963,R01HG010169",UofL (Watson lab),Watson,"580S Preston St,Louisville,KY 40202",corey.watson@louisville.edu,Uddalok Jana,PMIDXXXXXXXX,"[""immune receptor genome""]",HG00178,FALSE,"{""id"": ""NCBITAXON: 9606"", ""label"": ""Homo sapiens""} ",NA,NA,NA,NA,NA,EUR,FIN,NA,NA,NA,NA,NA,NA,NA,NA,NA,NA,NA,NA,HG00178,LCL,NA,NA,NA,NA,NA,NA,NA,NA,NA,NA,NA,FALSE,NA,NA,NA,NA,NA,NA,NA,NA,NA,NA,IG-Capture,amplification and capture by hybridization of genomic dna to enrich nucleic acid sequences from IG genomic loci,NA,NA,NA,IGHC,NA,NA,NA,NA,SEQUELII,University of Louisville Sequencing Technology Center,NA,NA,NA,TRUE,BAM,NA,NA,NA,NA,NA,NA,"Igenotyper V1.X (unreleased), hifiasm V0.19.3, minimap2 v2.26 ",NA,NA,NA,manual,Data was processed using the Igenotyper pipeline (https://github.com/oscarlr/IGenotyper),IMGT:Homo sapiens:2022-11-24,NA,NA,ighc
PRJNA555323,The human immunoglobulin heavy chain constant gene locus is enriched for large complex structural variants and coding polymorphisms that vary in frequency among human populations,Long-read sequencing to resolve IGHC haplotype variations in different populations,HG00280,"{""id"": ""NCIT: C16084"", ""label"": ""Observational Study""} ",NA,"NIH R24AI138963,R01HG010169",UofL (Watson lab),Watson,"580S Preston St,Louisville,KY 40202",corey.watson@louisville.edu,Uddalok Jana,PMIDXXXXXXXX,"[""immune receptor genome""]",HG00280,FALSE,"{""id"": ""NCBITAXON: 9606"", ""label"": ""Homo sapiens""} ",NA,NA,NA,NA,NA,EUR,FIN,NA,NA,NA,NA,NA,NA,NA,NA,NA,NA,NA,NA,HG00280,LCL,NA,NA,NA,NA,NA,NA,NA,NA,NA,NA,NA,FALSE,NA,NA,NA,NA,NA,NA,NA,NA,NA,NA,IG-Capture,amplification and capture by hybridization of genomic dna to enrich nucleic acid sequences from IG genomic loci,NA,NA,NA,IGHC,NA,NA,NA,NA,SEQUELII,University of Louisville Sequencing Technology Center,NA,NA,NA,TRUE,BAM,NA,NA,NA,NA,NA,NA,"Igenotyper V1.X (unreleased), hifiasm V0.19.3, minimap2 v2.26 ",NA,NA,NA,manual,Data was processed using the Igenotyper pipeline (https://github.com/oscarlr/IGenotyper),IMGT:Homo sapiens:2022-11-24,NA,NA,ighc
PRJNA555323,The human immunoglobulin heavy chain constant gene locus is enriched for large complex structural variants and coding polymorphisms that vary in frequency among human populations,Long-read sequencing to resolve IGHC haplotype variations in different populations,HG00331,"{""id"": ""NCIT: C16084"", ""label"": ""Observational Study""} ",NA,"NIH R24AI138963,R01HG010169",UofL (Watson lab),Watson,"580S Preston St,Louisville,KY 40202",corey.watson@louisville.edu,Uddalok Jana,PMIDXXXXXXXX,"[""immune receptor genome""]",HG00331,FALSE,"{""id"": ""NCBITAXON: 9606"", ""label"": ""Homo sapiens""} ",NA,NA,NA,NA,NA,EUR,FIN,NA,NA,NA,NA,NA,NA,NA,NA,NA,NA,NA,NA,HG00331,LCL,NA,NA,NA,NA,NA,NA,NA,NA,NA,NA,NA,FALSE,NA,NA,NA,NA,NA,NA,NA,NA,NA,NA,IG-Capture,amplification and capture by hybridization of genomic dna to enrich nucleic acid sequences from IG genomic loci,NA,NA,NA,IGHC,NA,NA,NA,NA,SEQUELII,University of Louisville Sequencing Technology Center,NA,NA,NA,TRUE,BAM,NA,NA,NA,NA,NA,NA,"Igenotyper V1.X (unreleased), hifiasm V0.19.3, minimap2 v2.26 ",NA,NA,NA,manual,Data was processed using the Igenotyper pipeline (https://github.com/oscarlr/IGenotyper),IMGT:Homo sapiens:2022-11-24,NA,NA,ighc
PRJNA555323,The human immunoglobulin heavy chain constant gene locus is enriched for large complex structural variants and coding polymorphisms that vary in frequency among human populations,Long-read sequencing to resolve IGHC haplotype variations in different populations,HG00337,"{""id"": ""NCIT: C16084"", ""label"": ""Observational Study""} ",NA,"NIH R24AI138963,R01HG010169",UofL (Watson lab),Watson,"580S Preston St,Louisville,KY 40202",corey.watson@louisville.edu,Uddalok Jana,PMIDXXXXXXXX,"[""immune receptor genome""]",HG00337,FALSE,"{""id"": ""NCBITAXON: 9606"", ""label"": ""Homo sapiens""} ",NA,NA,NA,NA,NA,EUR,FIN,NA,NA,NA,NA,NA,NA,NA,NA,NA,NA,NA,NA,HG00337,LCL,NA,NA,NA,NA,NA,NA,NA,NA,NA,NA,NA,FALSE,NA,NA,NA,NA,NA,NA,NA,NA,NA,NA,IG-Capture,amplification and capture by hybridization of genomic dna to enrich nucleic acid sequences from IG genomic loci,NA,NA,NA,IGHC,NA,NA,NA,NA,SEQUELII,University of Louisville Sequencing Technology Center,NA,NA,NA,TRUE,BAM,NA,NA,NA,NA,NA,NA,"Igenotyper V1.X (unreleased), hifiasm V0.19.3, minimap2 v2.26 ",NA,NA,NA,manual,Data was processed using the Igenotyper pipeline (https://github.com/oscarlr/IGenotyper),IMGT:Homo sapiens:2022-11-24,NA,NA,ighc
PRJNA555323,The human immunoglobulin heavy chain constant gene locus is enriched for large complex structural variants and coding polymorphisms that vary in frequency among human populations,Long-read sequencing to resolve IGHC haplotype variations in different populations,HG00349,"{""id"": ""NCIT: C16084"", ""label"": ""Observational Study""} ",NA,"NIH R24AI138963,R01HG010169",UofL (Watson lab),Watson,"580S Preston St,Louisville,KY 40202",corey.watson@louisville.edu,Uddalok Jana,PMIDXXXXXXXX,"[""immune receptor genome""]",HG00349,FALSE,"{""id"": ""NCBITAXON: 9606"", ""label"": ""Homo sapiens""} ",NA,NA,NA,NA,NA,EUR,FIN,NA,NA,NA,NA,NA,NA,NA,NA,NA,NA,NA,NA,HG00349,LCL,NA,NA,NA,NA,NA,NA,NA,NA,NA,NA,NA,FALSE,NA,NA,NA,NA,NA,NA,NA,NA,NA,NA,IG-Capture,amplification and capture by hybridization of genomic dna to enrich nucleic acid sequences from IG genomic loci,NA,NA,NA,IGHC,NA,NA,NA,NA,SEQUELII,University of Louisville Sequencing Technology Center,NA,NA,NA,TRUE,BAM,NA,NA,NA,NA,NA,NA,"Igenotyper V1.X (unreleased), hifiasm V0.19.3, minimap2 v2.26 ",NA,NA,NA,manual,Data was processed using the Igenotyper pipeline (https://github.com/oscarlr/IGenotyper),IMGT:Homo sapiens:2022-11-24,NA,NA,ighc
PRJNA555323,The human immunoglobulin heavy chain constant gene locus is enriched for large complex structural variants and coding polymorphisms that vary in frequency among human populations,Long-read sequencing to resolve IGHC haplotype variations in different populations,HG00360,"{""id"": ""NCIT: C16084"", ""label"": ""Observational Study""} ",NA,"NIH R24AI138963,R01HG010169",UofL (Watson lab),Watson,"580S Preston St,Louisville,KY 40202",corey.watson@louisville.edu,Uddalok Jana,PMIDXXXXXXXX,"[""immune receptor genome""]",HG00360,FALSE,"{""id"": ""NCBITAXON: 9606"", ""label"": ""Homo sapiens""} ",NA,NA,NA,NA,NA,EUR,FIN,NA,NA,NA,NA,NA,NA,NA,NA,NA,NA,NA,NA,HG00360,LCL,NA,NA,NA,NA,NA,NA,NA,NA,NA,NA,NA,FALSE,NA,NA,NA,NA,NA,NA,NA,NA,NA,NA,IG-Capture,amplification and capture by hybridization of genomic dna to enrich nucleic acid sequences from IG genomic loci,NA,NA,NA,IGHC,NA,NA,NA,NA,SEQUELII,University of Louisville Sequencing Technology Center,NA,NA,NA,TRUE,BAM,NA,NA,NA,NA,NA,NA,"Igenotyper V1.X (unreleased), hifiasm V0.19.3, minimap2 v2.26 ",NA,NA,NA,manual,Data was processed using the Igenotyper pipeline (https://github.com/oscarlr/IGenotyper),IMGT:Homo sapiens:2022-11-24,NA,NA,ighc
PRJNA555323,The human immunoglobulin heavy chain constant gene locus is enriched for large complex structural variants and coding polymorphisms that vary in frequency among human populations,Long-read sequencing to resolve IGHC haplotype variations in different populations,HG00376,"{""id"": ""NCIT: C16084"", ""label"": ""Observational Study""} ",NA,"NIH R24AI138963,R01HG010169",UofL (Watson lab),Watson,"580S Preston St,Louisville,KY 40202",corey.watson@louisville.edu,Uddalok Jana,PMIDXXXXXXXX,"[""immune receptor genome""]",HG00376,FALSE,"{""id"": ""NCBITAXON: 9606"", ""label"": ""Homo sapiens""} ",NA,NA,NA,NA,NA,EUR,FIN,NA,NA,NA,NA,NA,NA,NA,NA,NA,NA,NA,NA,HG00376,LCL,NA,NA,NA,NA,NA,NA,NA,NA,NA,NA,NA,FALSE,NA,NA,NA,NA,NA,NA,NA,NA,NA,NA,IG-Capture,amplification and capture by hybridization of genomic dna to enrich nucleic acid sequences from IG genomic loci,NA,NA,NA,IGHC,NA,NA,NA,NA,SEQUELII,University of Louisville Sequencing Technology Center,NA,NA,NA,TRUE,BAM,NA,NA,NA,NA,NA,NA,"Igenotyper V1.X (unreleased), hifiasm V0.19.3, minimap2 v2.26 ",NA,NA,NA,manual,Data was processed using the Igenotyper pipeline (https://github.com/oscarlr/IGenotyper),IMGT:Homo sapiens:2022-11-24,NA,NA,ighc
PRJNA555323,The human immunoglobulin heavy chain constant gene locus is enriched for large complex structural variants and coding polymorphisms that vary in frequency among human populations,Long-read sequencing to resolve IGHC haplotype variations in different populations,HG00096,"{""id"": ""NCIT: C16084"", ""label"": ""Observational Study""} ",NA,"NIH R24AI138963,R01HG010169",UofL (Watson lab),Watson,"580S Preston St,Louisville,KY 40202",corey.watson@louisville.edu,Uddalok Jana,PMIDXXXXXXXX,"[""immune receptor genome""]",HG00096,FALSE,"{""id"": ""NCBITAXON: 9606"", ""label"": ""Homo sapiens""} ",NA,NA,NA,NA,NA,EUR,GBR,NA,NA,NA,NA,NA,NA,NA,NA,NA,NA,NA,NA,HG00096,LCL,NA,NA,NA,NA,NA,NA,NA,NA,NA,NA,NA,FALSE,NA,NA,NA,NA,NA,NA,NA,NA,NA,NA,IG-Capture,amplification and capture by hybridization of genomic dna to enrich nucleic acid sequences from IG genomic loci,NA,NA,NA,IGHC,NA,NA,NA,NA,SEQUELII,University of Louisville Sequencing Technology Center,NA,NA,NA,TRUE,BAM,NA,NA,NA,NA,NA,NA,"Igenotyper V1.X (unreleased), hifiasm V0.19.3, minimap2 v2.26 ",NA,NA,NA,manual,Data was processed using the Igenotyper pipeline (https://github.com/oscarlr/IGenotyper),IMGT:Homo sapiens:2022-11-24,NA,NA,ighc
PRJNA555323,The human immunoglobulin heavy chain constant gene locus is enriched for large complex structural variants and coding polymorphisms that vary in frequency among human populations,Long-read sequencing to resolve IGHC haplotype variations in different populations,HG00136,"{""id"": ""NCIT: C16084"", ""label"": ""Observational Study""} ",NA,"NIH R24AI138963,R01HG010169",UofL (Watson lab),Watson,"580S Preston St,Louisville,KY 40202",corey.watson@louisville.edu,Uddalok Jana,PMIDXXXXXXXX,"[""immune receptor genome""]",HG00136,FALSE,"{""id"": ""NCBITAXON: 9606"", ""label"": ""Homo sapiens""} ",NA,NA,NA,NA,NA,EUR,GBR,NA,NA,NA,NA,NA,NA,NA,NA,NA,NA,NA,NA,HG00136,LCL,NA,NA,NA,NA,NA,NA,NA,NA,NA,NA,NA,FALSE,NA,NA,NA,NA,NA,NA,NA,NA,NA,NA,IG-Capture,amplification and capture by hybridization of genomic dna to enrich nucleic acid sequences from IG genomic loci,NA,NA,NA,IGHC,NA,NA,NA,NA,SEQUELII,University of Louisville Sequencing Technology Center,NA,NA,NA,TRUE,BAM,NA,NA,NA,NA,NA,NA,"Igenotyper V1.X (unreleased), hifiasm V0.19.3, minimap2 v2.26 ",NA,NA,NA,manual,Data was processed using the Igenotyper pipeline (https://github.com/oscarlr/IGenotyper),IMGT:Homo sapiens:2022-11-24,NA,NA,ighc
PRJNA555323,The human immunoglobulin heavy chain constant gene locus is enriched for large complex structural variants and coding polymorphisms that vary in frequency among human populations,Long-read sequencing to resolve IGHC haplotype variations in different populations,HG00243,"{""id"": ""NCIT: C16084"", ""label"": ""Observational Study""} ",NA,"NIH R24AI138963,R01HG010169",UofL (Watson lab),Watson,"580S Preston St,Louisville,KY 40202",corey.watson@louisville.edu,Uddalok Jana,PMIDXXXXXXXX,"[""immune receptor genome""]",HG00243,FALSE,"{""id"": ""NCBITAXON: 9606"", ""label"": ""Homo sapiens""} ",NA,NA,NA,NA,NA,EUR,GBR,NA,NA,NA,NA,NA,NA,NA,NA,NA,NA,NA,NA,HG00243,LCL,NA,NA,NA,NA,NA,NA,NA,NA,NA,NA,NA,FALSE,NA,NA,NA,NA,NA,NA,NA,NA,NA,NA,IG-Capture,amplification and capture by hybridization of genomic dna to enrich nucleic acid sequences from IG genomic loci,NA,NA,NA,IGHC,NA,NA,NA,NA,SEQUELII,University of Louisville Sequencing Technology Center,NA,NA,NA,TRUE,BAM,NA,NA,NA,NA,NA,NA,"Igenotyper V1.X (unreleased), hifiasm V0.19.3, minimap2 v2.26 ",NA,NA,NA,manual,Data was processed using the Igenotyper pipeline (https://github.com/oscarlr/IGenotyper),IMGT:Homo sapiens:2022-11-24,NA,NA,ighc
PRJNA555323,The human immunoglobulin heavy chain constant gene locus is enriched for large complex structural variants and coding polymorphisms that vary in frequency among human populations,Long-read sequencing to resolve IGHC haplotype variations in different populations,HG00244,"{""id"": ""NCIT: C16084"", ""label"": ""Observational Study""} ",NA,"NIH R24AI138963,R01HG010169",UofL (Watson lab),Watson,"580S Preston St,Louisville,KY 40202",corey.watson@louisville.edu,Uddalok Jana,PMIDXXXXXXXX,"[""immune receptor genome""]",HG00244,FALSE,"{""id"": ""NCBITAXON: 9606"", ""label"": ""Homo sapiens""} ",NA,NA,NA,NA,NA,EUR,GBR,NA,NA,NA,NA,NA,NA,NA,NA,NA,NA,NA,NA,HG00244,LCL,NA,NA,NA,NA,NA,NA,NA,NA,NA,NA,NA,FALSE,NA,NA,NA,NA,NA,NA,NA,NA,NA,NA,IG-Capture,amplification and capture by hybridization of genomic dna to enrich nucleic acid sequences from IG genomic loci,NA,NA,NA,IGHC,NA,NA,NA,NA,SEQUELII,University of Louisville Sequencing Technology Center,NA,NA,NA,TRUE,BAM,NA,NA,NA,NA,NA,NA,"Igenotyper V1.X (unreleased), hifiasm V0.19.3, minimap2 v2.26 ",NA,NA,NA,manual,Data was processed using the Igenotyper pipeline (https://github.com/oscarlr/IGenotyper),IMGT:Homo sapiens:2022-11-24,NA,NA,ighc
PRJNA555323,The human immunoglobulin heavy chain constant gene locus is enriched for large complex structural variants and coding polymorphisms that vary in frequency among human populations,Long-read sequencing to resolve IGHC haplotype variations in different populations,HG00260,"{""id"": ""NCIT: C16084"", ""label"": ""Observational Study""} ",NA,"NIH R24AI138963,R01HG010169",UofL (Watson lab),Watson,"580S Preston St,Louisville,KY 40202",corey.watson@louisville.edu,Uddalok Jana,PMIDXXXXXXXX,"[""immune receptor genome""]",HG00260,FALSE,"{""id"": ""NCBITAXON: 9606"", ""label"": ""Homo sapiens""} ",NA,NA,NA,NA,NA,EUR,GBR,NA,NA,NA,NA,NA,NA,NA,NA,NA,NA,NA,NA,HG00260,LCL,NA,NA,NA,NA,NA,NA,NA,NA,NA,NA,NA,FALSE,NA,NA,NA,NA,NA,NA,NA,NA,NA,NA,IG-Capture,amplification and capture by hybridization of genomic dna to enrich nucleic acid sequences from IG genomic loci,NA,NA,NA,IGHC,NA,NA,NA,NA,SEQUELII,University of Louisville Sequencing Technology Center,NA,NA,NA,TRUE,BAM,NA,NA,NA,NA,NA,NA,"Igenotyper V1.X (unreleased), hifiasm V0.19.3, minimap2 v2.26 ",NA,NA,NA,manual,Data was processed using the Igenotyper pipeline (https://github.com/oscarlr/IGenotyper),IMGT:Homo sapiens:2022-11-24,NA,NA,ighc
PRJNA555323,The human immunoglobulin heavy chain constant gene locus is enriched for large complex structural variants and coding polymorphisms that vary in frequency among human populations,Long-read sequencing to resolve IGHC haplotype variations in different populations,HG01611,"{""id"": ""NCIT: C16084"", ""label"": ""Observational Study""} ",NA,"NIH R24AI138963,R01HG010169",UofL (Watson lab),Watson,"580S Preston St,Louisville,KY 40202",corey.watson@louisville.edu,Uddalok Jana,PMIDXXXXXXXX,"[""immune receptor genome""]",HG01611,FALSE,"{""id"": ""NCBITAXON: 9606"", ""label"": ""Homo sapiens""} ",NA,NA,NA,NA,NA,EUR,IBS,NA,NA,NA,NA,NA,NA,NA,NA,NA,NA,NA,NA,HG01611,LCL,NA,NA,NA,NA,NA,NA,NA,NA,NA,NA,NA,FALSE,NA,NA,NA,NA,NA,NA,NA,NA,NA,NA,IG-Capture,amplification and capture by hybridization of genomic dna to enrich nucleic acid sequences from IG genomic loci,NA,NA,NA,IGHC,NA,NA,NA,NA,SEQUELII,University of Louisville Sequencing Technology Center,NA,NA,NA,TRUE,BAM,NA,NA,NA,NA,NA,NA,"Igenotyper V1.X (unreleased), hifiasm V0.19.3, minimap2 v2.26 ",NA,NA,NA,manual,Data was processed using the Igenotyper pipeline (https://github.com/oscarlr/IGenotyper),IMGT:Homo sapiens:2022-11-24,NA,NA,ighc
PRJNA555323,The human immunoglobulin heavy chain constant gene locus is enriched for large complex structural variants and coding polymorphisms that vary in frequency among human populations,Long-read sequencing to resolve IGHC haplotype variations in different populations,HG01700,"{""id"": ""NCIT: C16084"", ""label"": ""Observational Study""} ",NA,"NIH R24AI138963,R01HG010169",UofL (Watson lab),Watson,"580S Preston St,Louisville,KY 40202",corey.watson@louisville.edu,Uddalok Jana,PMIDXXXXXXXX,"[""immune receptor genome""]",HG01700,FALSE,"{""id"": ""NCBITAXON: 9606"", ""label"": ""Homo sapiens""} ",NA,NA,NA,NA,NA,EUR,IBS,NA,NA,NA,NA,NA,NA,NA,NA,NA,NA,NA,NA,HG01700,LCL,NA,NA,NA,NA,NA,NA,NA,NA,NA,NA,NA,FALSE,NA,NA,NA,NA,NA,NA,NA,NA,NA,NA,IG-Capture,amplification and capture by hybridization of genomic dna to enrich nucleic acid sequences from IG genomic loci,NA,NA,NA,IGHC,NA,NA,NA,NA,SEQUELII,University of Louisville Sequencing Technology Center,NA,NA,NA,TRUE,BAM,NA,NA,NA,NA,NA,NA,"Igenotyper V1.X (unreleased), hifiasm V0.19.3, minimap2 v2.26 ",NA,NA,NA,manual,Data was processed using the Igenotyper pipeline (https://github.com/oscarlr/IGenotyper),IMGT:Homo sapiens:2022-11-24,NA,NA,ighc
PRJNA555323,The human immunoglobulin heavy chain constant gene locus is enriched for large complex structural variants and coding polymorphisms that vary in frequency among human populations,Long-read sequencing to resolve IGHC haplotype variations in different populations,HG01709,"{""id"": ""NCIT: C16084"", ""label"": ""Observational Study""} ",NA,"NIH R24AI138963,R01HG010169",UofL (Watson lab),Watson,"580S Preston St,Louisville,KY 40202",corey.watson@louisville.edu,Uddalok Jana,PMIDXXXXXXXX,"[""immune receptor genome""]",HG01709,FALSE,"{""id"": ""NCBITAXON: 9606"", ""label"": ""Homo sapiens""} ",NA,NA,NA,NA,NA,EUR,IBS,NA,NA,NA,NA,NA,NA,NA,NA,NA,NA,NA,NA,HG01709,LCL,NA,NA,NA,NA,NA,NA,NA,NA,NA,NA,NA,FALSE,NA,NA,NA,NA,NA,NA,NA,NA,NA,NA,IG-Capture,amplification and capture by hybridization of genomic dna to enrich nucleic acid sequences from IG genomic loci,NA,NA,NA,IGHC,NA,NA,NA,NA,SEQUELII,University of Louisville Sequencing Technology Center,NA,NA,NA,TRUE,BAM,NA,NA,NA,NA,NA,NA,"Igenotyper V1.X (unreleased), hifiasm V0.19.3, minimap2 v2.26 ",NA,NA,NA,manual,Data was processed using the Igenotyper pipeline (https://github.com/oscarlr/IGenotyper),IMGT:Homo sapiens:2022-11-24,NA,NA,ighc
PRJNA555323,The human immunoglobulin heavy chain constant gene locus is enriched for large complex structural variants and coding polymorphisms that vary in frequency among human populations,Long-read sequencing to resolve IGHC haplotype variations in different populations,HG01763,"{""id"": ""NCIT: C16084"", ""label"": ""Observational Study""} ",NA,"NIH R24AI138963,R01HG010169",UofL (Watson lab),Watson,"580S Preston St,Louisville,KY 40202",corey.watson@louisville.edu,Uddalok Jana,PMIDXXXXXXXX,"[""immune receptor genome""]",HG01763,FALSE,"{""id"": ""NCBITAXON: 9606"", ""label"": ""Homo sapiens""} ",NA,NA,NA,NA,NA,EUR,IBS,NA,NA,NA,NA,NA,NA,NA,NA,NA,NA,NA,NA,HG01763,LCL,NA,NA,NA,NA,NA,NA,NA,NA,NA,NA,NA,FALSE,NA,NA,NA,NA,NA,NA,NA,NA,NA,NA,IG-Capture,amplification and capture by hybridization of genomic dna to enrich nucleic acid sequences from IG genomic loci,NA,NA,NA,IGHC,NA,NA,NA,NA,SEQUELII,University of Louisville Sequencing Technology Center,NA,NA,NA,TRUE,BAM,NA,NA,NA,NA,NA,NA,"Igenotyper V1.X (unreleased), hifiasm V0.19.3, minimap2 v2.26 ",NA,NA,NA,manual,Data was processed using the Igenotyper pipeline (https://github.com/oscarlr/IGenotyper),IMGT:Homo sapiens:2022-11-24,NA,NA,ighc
PRJNA555323,The human immunoglobulin heavy chain constant gene locus is enriched for large complex structural variants and coding polymorphisms that vary in frequency among human populations,Long-read sequencing to resolve IGHC haplotype variations in different populations,HG01772,"{""id"": ""NCIT: C16084"", ""label"": ""Observational Study""} ",NA,"NIH R24AI138963,R01HG010169",UofL (Watson lab),Watson,"580S Preston St,Louisville,KY 40202",corey.watson@louisville.edu,Uddalok Jana,PMIDXXXXXXXX,"[""immune receptor genome""]",HG01772,FALSE,"{""id"": ""NCBITAXON: 9606"", ""label"": ""Homo sapiens""} ",NA,NA,NA,NA,NA,EUR,IBS,NA,NA,NA,NA,NA,NA,NA,NA,NA,NA,NA,NA,HG01772,LCL,NA,NA,NA,NA,NA,NA,NA,NA,NA,NA,NA,FALSE,NA,NA,NA,NA,NA,NA,NA,NA,NA,NA,IG-Capture,amplification and capture by hybridization of genomic dna to enrich nucleic acid sequences from IG genomic loci,NA,NA,NA,IGHC,NA,NA,NA,NA,SEQUELII,University of Louisville Sequencing Technology Center,NA,NA,NA,TRUE,BAM,NA,NA,NA,NA,NA,NA,"Igenotyper V1.X (unreleased), hifiasm V0.19.3, minimap2 v2.26 ",NA,NA,NA,manual,Data was processed using the Igenotyper pipeline (https://github.com/oscarlr/IGenotyper),IMGT:Homo sapiens:2022-11-24,NA,NA,ighc
PRJNA555323,The human immunoglobulin heavy chain constant gene locus is enriched for large complex structural variants and coding polymorphisms that vary in frequency among human populations,Long-read sequencing to resolve IGHC haplotype variations in different populations,HG03604,"{""id"": ""NCIT: C16084"", ""label"": ""Observational Study""} ",NA,"NIH R24AI138963,R01HG010169",UofL (Watson lab),Watson,"580S Preston St,Louisville,KY 40202",corey.watson@louisville.edu,Uddalok Jana,PMIDXXXXXXXX,"[""immune receptor genome""]",HG03604,FALSE,"{""id"": ""NCBITAXON: 9606"", ""label"": ""Homo sapiens""} ",NA,NA,NA,NA,NA,SAS,BEB,NA,NA,NA,NA,NA,NA,NA,NA,NA,NA,NA,NA,HG03604,LCL,NA,NA,NA,NA,NA,NA,NA,NA,NA,NA,NA,FALSE,NA,NA,NA,NA,NA,NA,NA,NA,NA,NA,IG-Capture,amplification and capture by hybridization of genomic dna to enrich nucleic acid sequences from IG genomic loci,NA,NA,NA,IGHC,NA,NA,NA,NA,SEQUELII,University of Louisville Sequencing Technology Center,NA,NA,NA,TRUE,BAM,NA,NA,NA,NA,NA,NA,"Igenotyper V1.X (unreleased), hifiasm V0.19.3, minimap2 v2.26 ",NA,NA,NA,manual,Data was processed using the Igenotyper pipeline (https://github.com/oscarlr/IGenotyper),IMGT:Homo sapiens:2022-11-24,NA,NA,ighc
PRJNA555323,The human immunoglobulin heavy chain constant gene locus is enriched for large complex structural variants and coding polymorphisms that vary in frequency among human populations,Long-read sequencing to resolve IGHC haplotype variations in different populations,HG03800,"{""id"": ""NCIT: C16084"", ""label"": ""Observational Study""} ",NA,"NIH R24AI138963,R01HG010169",UofL (Watson lab),Watson,"580S Preston St,Louisville,KY 40202",corey.watson@louisville.edu,Uddalok Jana,PMIDXXXXXXXX,"[""immune receptor genome""]",HG03800,FALSE,"{""id"": ""NCBITAXON: 9606"", ""label"": ""Homo sapiens""} ",NA,NA,NA,NA,NA,SAS,BEB,NA,NA,NA,NA,NA,NA,NA,NA,NA,NA,NA,NA,HG03800,LCL,NA,NA,NA,NA,NA,NA,NA,NA,NA,NA,NA,FALSE,NA,NA,NA,NA,NA,NA,NA,NA,NA,NA,IG-Capture,amplification and capture by hybridization of genomic dna to enrich nucleic acid sequences from IG genomic loci,NA,NA,NA,IGHC,NA,NA,NA,NA,SEQUELII,University of Louisville Sequencing Technology Center,NA,NA,NA,TRUE,BAM,NA,NA,NA,NA,NA,NA,"Igenotyper V1.X (unreleased), hifiasm V0.19.3, minimap2 v2.26 ",NA,NA,NA,manual,Data was processed using the Igenotyper pipeline (https://github.com/oscarlr/IGenotyper),IMGT:Homo sapiens:2022-11-24,NA,NA,ighc
PRJNA555323,The human immunoglobulin heavy chain constant gene locus is enriched for large complex structural variants and coding polymorphisms that vary in frequency among human populations,Long-read sequencing to resolve IGHC haplotype variations in different populations,HG03817,"{""id"": ""NCIT: C16084"", ""label"": ""Observational Study""} ",NA,"NIH R24AI138963,R01HG010169",UofL (Watson lab),Watson,"580S Preston St,Louisville,KY 40202",corey.watson@louisville.edu,Uddalok Jana,PMIDXXXXXXXX,"[""immune receptor genome""]",HG03817,FALSE,"{""id"": ""NCBITAXON: 9606"", ""label"": ""Homo sapiens""} ",NA,NA,NA,NA,NA,SAS,BEB,NA,NA,NA,NA,NA,NA,NA,NA,NA,NA,NA,NA,HG03817,LCL,NA,NA,NA,NA,NA,NA,NA,NA,NA,NA,NA,FALSE,NA,NA,NA,NA,NA,NA,NA,NA,NA,NA,IG-Capture,amplification and capture by hybridization of genomic dna to enrich nucleic acid sequences from IG genomic loci,NA,NA,NA,IGHC,NA,NA,NA,NA,SEQUELII,University of Louisville Sequencing Technology Center,NA,NA,NA,TRUE,BAM,NA,NA,NA,NA,NA,NA,"Igenotyper V1.X (unreleased), hifiasm V0.19.3, minimap2 v2.26 ",NA,NA,NA,manual,Data was processed using the Igenotyper pipeline (https://github.com/oscarlr/IGenotyper),IMGT:Homo sapiens:2022-11-24,NA,NA,ighc
PRJNA555323,The human immunoglobulin heavy chain constant gene locus is enriched for large complex structural variants and coding polymorphisms that vary in frequency among human populations,Long-read sequencing to resolve IGHC haplotype variations in different populations,HG03826,"{""id"": ""NCIT: C16084"", ""label"": ""Observational Study""} ",NA,"NIH R24AI138963,R01HG010169",UofL (Watson lab),Watson,"580S Preston St,Louisville,KY 40202",corey.watson@louisville.edu,Uddalok Jana,PMIDXXXXXXXX,"[""immune receptor genome""]",HG03826,FALSE,"{""id"": ""NCBITAXON: 9606"", ""label"": ""Homo sapiens""} ",NA,NA,NA,NA,NA,SAS,BEB,NA,NA,NA,NA,NA,NA,NA,NA,NA,NA,NA,NA,HG03826,LCL,NA,NA,NA,NA,NA,NA,NA,NA,NA,NA,NA,FALSE,NA,NA,NA,NA,NA,NA,NA,NA,NA,NA,IG-Capture,amplification and capture by hybridization of genomic dna to enrich nucleic acid sequences from IG genomic loci,NA,NA,NA,IGHC,NA,NA,NA,NA,SEQUELII,University of Louisville Sequencing Technology Center,NA,NA,NA,TRUE,BAM,NA,NA,NA,NA,NA,NA,"Igenotyper V1.X (unreleased), hifiasm V0.19.3, minimap2 v2.26 ",NA,NA,NA,manual,Data was processed using the Igenotyper pipeline (https://github.com/oscarlr/IGenotyper),IMGT:Homo sapiens:2022-11-24,NA,NA,ighc
PRJNA555323,The human immunoglobulin heavy chain constant gene locus is enriched for large complex structural variants and coding polymorphisms that vary in frequency among human populations,Long-read sequencing to resolve IGHC haplotype variations in different populations,HG03833,"{""id"": ""NCIT: C16084"", ""label"": ""Observational Study""} ",NA,"NIH R24AI138963,R01HG010169",UofL (Watson lab),Watson,"580S Preston St,Louisville,KY 40202",corey.watson@louisville.edu,Uddalok Jana,PMIDXXXXXXXX,"[""immune receptor genome""]",HG03833,FALSE,"{""id"": ""NCBITAXON: 9606"", ""label"": ""Homo sapiens""} ",NA,NA,NA,NA,NA,SAS,BEB,NA,NA,NA,NA,NA,NA,NA,NA,NA,NA,NA,NA,HG03833,LCL,NA,NA,NA,NA,NA,NA,NA,NA,NA,NA,NA,FALSE,NA,NA,NA,NA,NA,NA,NA,NA,NA,NA,IG-Capture,amplification and capture by hybridization of genomic dna to enrich nucleic acid sequences from IG genomic loci,NA,NA,NA,IGHC,NA,NA,NA,NA,SEQUELII,University of Louisville Sequencing Technology Center,NA,NA,NA,TRUE,BAM,NA,NA,NA,NA,NA,NA,"Igenotyper V1.X (unreleased), hifiasm V0.19.3, minimap2 v2.26 ",NA,NA,NA,manual,Data was processed using the Igenotyper pipeline (https://github.com/oscarlr/IGenotyper),IMGT:Homo sapiens:2022-11-24,NA,NA,ighc
PRJNA555323,The human immunoglobulin heavy chain constant gene locus is enriched for large complex structural variants and coding polymorphisms that vary in frequency among human populations,Long-read sequencing to resolve IGHC haplotype variations in different populations,HG03925,"{""id"": ""NCIT: C16084"", ""label"": ""Observational Study""} ",NA,"NIH R24AI138963,R01HG010169",UofL (Watson lab),Watson,"580S Preston St,Louisville,KY 40202",corey.watson@louisville.edu,Uddalok Jana,PMIDXXXXXXXX,"[""immune receptor genome""]",HG03925,FALSE,"{""id"": ""NCBITAXON: 9606"", ""label"": ""Homo sapiens""} ",NA,NA,NA,NA,NA,SAS,BEB,NA,NA,NA,NA,NA,NA,NA,NA,NA,NA,NA,NA,HG03925,LCL,NA,NA,NA,NA,NA,NA,NA,NA,NA,NA,NA,FALSE,NA,NA,NA,NA,NA,NA,NA,NA,NA,NA,IG-Capture,amplification and capture by hybridization of genomic dna to enrich nucleic acid sequences from IG genomic loci,NA,NA,NA,IGHC,NA,NA,NA,NA,SEQUELII,University of Louisville Sequencing Technology Center,NA,NA,NA,TRUE,BAM,NA,NA,NA,NA,NA,NA,"Igenotyper V1.X (unreleased), hifiasm V0.19.3, minimap2 v2.26 ",NA,NA,NA,manual,Data was processed using the Igenotyper pipeline (https://github.com/oscarlr/IGenotyper),IMGT:Homo sapiens:2022-11-24,NA,NA,ighc
PRJNA555323,The human immunoglobulin heavy chain constant gene locus is enriched for large complex structural variants and coding polymorphisms that vary in frequency among human populations,Long-read sequencing to resolve IGHC haplotype variations in different populations,HG03716,"{""id"": ""NCIT: C16084"", ""label"": ""Observational Study""} ",NA,"NIH R24AI138963,R01HG010169",UofL (Watson lab),Watson,"580S Preston St,Louisville,KY 40202",corey.watson@louisville.edu,Uddalok Jana,PMIDXXXXXXXX,"[""immune receptor genome""]",HG03716,FALSE,"{""id"": ""NCBITAXON: 9606"", ""label"": ""Homo sapiens""} ",NA,NA,NA,NA,NA,SAS,ITU,NA,NA,NA,NA,NA,NA,NA,NA,NA,NA,NA,NA,HG03716,LCL,NA,NA,NA,NA,NA,NA,NA,NA,NA,NA,NA,FALSE,NA,NA,NA,NA,NA,NA,NA,NA,NA,NA,IG-Capture,amplification and capture by hybridization of genomic dna to enrich nucleic acid sequences from IG genomic loci,NA,NA,NA,IGHC,NA,NA,NA,NA,SEQUELII,University of Louisville Sequencing Technology Center,NA,NA,NA,TRUE,BAM,NA,NA,NA,NA,NA,NA,"Igenotyper V1.X (unreleased), hifiasm V0.19.3, minimap2 v2.26 ",NA,NA,NA,manual,Data was processed using the Igenotyper pipeline (https://github.com/oscarlr/IGenotyper),IMGT:Homo sapiens:2022-11-24,NA,NA,ighc
PRJNA555323,The human immunoglobulin heavy chain constant gene locus is enriched for large complex structural variants and coding polymorphisms that vary in frequency among human populations,Long-read sequencing to resolve IGHC haplotype variations in different populations,HG03718,"{""id"": ""NCIT: C16084"", ""label"": ""Observational Study""} ",NA,"NIH R24AI138963,R01HG010169",UofL (Watson lab),Watson,"580S Preston St,Louisville,KY 40202",corey.watson@louisville.edu,Uddalok Jana,PMIDXXXXXXXX,"[""immune receptor genome""]",HG03718,FALSE,"{""id"": ""NCBITAXON: 9606"", ""label"": ""Homo sapiens""} ",NA,NA,NA,NA,NA,SAS,ITU,NA,NA,NA,NA,NA,NA,NA,NA,NA,NA,NA,NA,HG03718,LCL,NA,NA,NA,NA,NA,NA,NA,NA,NA,NA,NA,FALSE,NA,NA,NA,NA,NA,NA,NA,NA,NA,NA,IG-Capture,amplification and capture by hybridization of genomic dna to enrich nucleic acid sequences from IG genomic loci,NA,NA,NA,IGHC,NA,NA,NA,NA,SEQUELII,University of Louisville Sequencing Technology Center,NA,NA,NA,TRUE,BAM,NA,NA,NA,NA,NA,NA,"Igenotyper V1.X (unreleased), hifiasm V0.19.3, minimap2 v2.26 ",NA,NA,NA,manual,Data was processed using the Igenotyper pipeline (https://github.com/oscarlr/IGenotyper),IMGT:Homo sapiens:2022-11-24,NA,NA,ighc
PRJNA555323,The human immunoglobulin heavy chain constant gene locus is enriched for large complex structural variants and coding polymorphisms that vary in frequency among human populations,Long-read sequencing to resolve IGHC haplotype variations in different populations,HG03722,"{""id"": ""NCIT: C16084"", ""label"": ""Observational Study""} ",NA,"NIH R24AI138963,R01HG010169",UofL (Watson lab),Watson,"580S Preston St,Louisville,KY 40202",corey.watson@louisville.edu,Uddalok Jana,PMIDXXXXXXXX,"[""immune receptor genome""]",HG03722,FALSE,"{""id"": ""NCBITAXON: 9606"", ""label"": ""Homo sapiens""} ",NA,NA,NA,NA,NA,SAS,ITU,NA,NA,NA,NA,NA,NA,NA,NA,NA,NA,NA,NA,HG03722,LCL,NA,NA,NA,NA,NA,NA,NA,NA,NA,NA,NA,FALSE,NA,NA,NA,NA,NA,NA,NA,NA,NA,NA,IG-Capture,amplification and capture by hybridization of genomic dna to enrich nucleic acid sequences from IG genomic loci,NA,NA,NA,IGHC,NA,NA,NA,NA,SEQUELII,University of Louisville Sequencing Technology Center,NA,NA,NA,TRUE,BAM,NA,NA,NA,NA,NA,NA,"Igenotyper V1.X (unreleased), hifiasm V0.19.3, minimap2 v2.26 ",NA,NA,NA,manual,Data was processed using the Igenotyper pipeline (https://github.com/oscarlr/IGenotyper),IMGT:Homo sapiens:2022-11-24,NA,NA,ighc
PRJNA555323,The human immunoglobulin heavy chain constant gene locus is enriched for large complex structural variants and coding polymorphisms that vary in frequency among human populations,Long-read sequencing to resolve IGHC haplotype variations in different populations,HG03782,"{""id"": ""NCIT: C16084"", ""label"": ""Observational Study""} ",NA,"NIH R24AI138963,R01HG010169",UofL (Watson lab),Watson,"580S Preston St,Louisville,KY 40202",corey.watson@louisville.edu,Uddalok Jana,PMIDXXXXXXXX,"[""immune receptor genome""]",HG03782,FALSE,"{""id"": ""NCBITAXON: 9606"", ""label"": ""Homo sapiens""} ",NA,NA,NA,NA,NA,SAS,ITU,NA,NA,NA,NA,NA,NA,NA,NA,NA,NA,NA,NA,HG03782,LCL,NA,NA,NA,NA,NA,NA,NA,NA,NA,NA,NA,FALSE,NA,NA,NA,NA,NA,NA,NA,NA,NA,NA,IG-Capture,amplification and capture by hybridization of genomic dna to enrich nucleic acid sequences from IG genomic loci,NA,NA,NA,IGHC,NA,NA,NA,NA,SEQUELII,University of Louisville Sequencing Technology Center,NA,NA,NA,TRUE,BAM,NA,NA,NA,NA,NA,NA,"Igenotyper V1.X (unreleased), hifiasm V0.19.3, minimap2 v2.26 ",NA,NA,NA,manual,Data was processed using the Igenotyper pipeline (https://github.com/oscarlr/IGenotyper),IMGT:Homo sapiens:2022-11-24,NA,NA,ighc
PRJNA555323,The human immunoglobulin heavy chain constant gene locus is enriched for large complex structural variants and coding polymorphisms that vary in frequency among human populations,Long-read sequencing to resolve IGHC haplotype variations in different populations,HG03969,"{""id"": ""NCIT: C16084"", ""label"": ""Observational Study""} ",NA,"NIH R24AI138963,R01HG010169",UofL (Watson lab),Watson,"580S Preston St,Louisville,KY 40202",corey.watson@louisville.edu,Uddalok Jana,PMIDXXXXXXXX,"[""immune receptor genome""]",HG03969,FALSE,"{""id"": ""NCBITAXON: 9606"", ""label"": ""Homo sapiens""} ",NA,NA,NA,NA,NA,SAS,ITU,NA,NA,NA,NA,NA,NA,NA,NA,NA,NA,NA,NA,HG03969,LCL,NA,NA,NA,NA,NA,NA,NA,NA,NA,NA,NA,FALSE,NA,NA,NA,NA,NA,NA,NA,NA,NA,NA,IG-Capture,amplification and capture by hybridization of genomic dna to enrich nucleic acid sequences from IG genomic loci,NA,NA,NA,IGHC,NA,NA,NA,NA,SEQUELII,University of Louisville Sequencing Technology Center,NA,NA,NA,TRUE,BAM,NA,NA,NA,NA,NA,NA,"Igenotyper V1.X (unreleased), hifiasm V0.19.3, minimap2 v2.26 ",NA,NA,NA,manual,Data was processed using the Igenotyper pipeline (https://github.com/oscarlr/IGenotyper),IMGT:Homo sapiens:2022-11-24,NA,NA,ighc
PRJNA555323,The human immunoglobulin heavy chain constant gene locus is enriched for large complex structural variants and coding polymorphisms that vary in frequency among human populations,Long-read sequencing to resolve IGHC haplotype variations in different populations,HG04118,"{""id"": ""NCIT: C16084"", ""label"": ""Observational Study""} ",NA,"NIH R24AI138963,R01HG010169",UofL (Watson lab),Watson,"580S Preston St,Louisville,KY 40202",corey.watson@louisville.edu,Uddalok Jana,PMIDXXXXXXXX,"[""immune receptor genome""]",HG04118,FALSE,"{""id"": ""NCBITAXON: 9606"", ""label"": ""Homo sapiens""} ",NA,NA,NA,NA,NA,SAS,ITU,NA,NA,NA,NA,NA,NA,NA,NA,NA,NA,NA,NA,HG04118,LCL,NA,NA,NA,NA,NA,NA,NA,NA,NA,NA,NA,FALSE,NA,NA,NA,NA,NA,NA,NA,NA,NA,NA,IG-Capture,amplification and capture by hybridization of genomic dna to enrich nucleic acid sequences from IG genomic loci,NA,NA,NA,IGHC,NA,NA,NA,NA,SEQUELII,University of Louisville Sequencing Technology Center,NA,NA,NA,TRUE,BAM,NA,NA,NA,NA,NA,NA,"Igenotyper V1.X (unreleased), hifiasm V0.19.3, minimap2 v2.26 ",NA,NA,NA,manual,Data was processed using the Igenotyper pipeline (https://github.com/oscarlr/IGenotyper),IMGT:Homo sapiens:2022-11-24,NA,NA,ighc
PRJNA555323,The human immunoglobulin heavy chain constant gene locus is enriched for large complex structural variants and coding polymorphisms that vary in frequency among human populations,Long-read sequencing to resolve IGHC haplotype variations in different populations,HG03016,"{""id"": ""NCIT: C16084"", ""label"": ""Observational Study""} ",NA,"NIH R24AI138963,R01HG010169",UofL (Watson lab),Watson,"580S Preston St,Louisville,KY 40202",corey.watson@louisville.edu,Uddalok Jana,PMIDXXXXXXXX,"[""immune receptor genome""]",HG03016,FALSE,"{""id"": ""NCBITAXON: 9606"", ""label"": ""Homo sapiens""} ",NA,NA,NA,NA,NA,SAS,PJL,NA,NA,NA,NA,NA,NA,NA,NA,NA,NA,NA,NA,HG03016,LCL,NA,NA,NA,NA,NA,NA,NA,NA,NA,NA,NA,FALSE,NA,NA,NA,NA,NA,NA,NA,NA,NA,NA,IG-Capture,amplification and capture by hybridization of genomic dna to enrich nucleic acid sequences from IG genomic loci,NA,NA,NA,IGHC,NA,NA,NA,NA,SEQUELII,University of Louisville Sequencing Technology Center,NA,NA,NA,TRUE,BAM,NA,NA,NA,NA,NA,NA,"Igenotyper V1.X (unreleased), hifiasm V0.19.3, minimap2 v2.26 ",NA,NA,NA,manual,Data was processed using the Igenotyper pipeline (https://github.com/oscarlr/IGenotyper),IMGT:Homo sapiens:2022-11-24,NA,NA,ighc
PRJNA555323,The human immunoglobulin heavy chain constant gene locus is enriched for large complex structural variants and coding polymorphisms that vary in frequency among human populations,Long-read sequencing to resolve IGHC haplotype variations in different populations,HG03018,"{""id"": ""NCIT: C16084"", ""label"": ""Observational Study""} ",NA,"NIH R24AI138963,R01HG010169",UofL (Watson lab),Watson,"580S Preston St,Louisville,KY 40202",corey.watson@louisville.edu,Uddalok Jana,PMIDXXXXXXXX,"[""immune receptor genome""]",HG03018,FALSE,"{""id"": ""NCBITAXON: 9606"", ""label"": ""Homo sapiens""} ",NA,NA,NA,NA,NA,SAS,PJL,NA,NA,NA,NA,NA,NA,NA,NA,NA,NA,NA,NA,HG03018,LCL,NA,NA,NA,NA,NA,NA,NA,NA,NA,NA,NA,FALSE,NA,NA,NA,NA,NA,NA,NA,NA,NA,NA,IG-Capture,amplification and capture by hybridization of genomic dna to enrich nucleic acid sequences from IG genomic loci,NA,NA,NA,IGHC,NA,NA,NA,NA,SEQUELII,University of Louisville Sequencing Technology Center,NA,NA,NA,TRUE,BAM,NA,NA,NA,NA,NA,NA,"Igenotyper V1.X (unreleased), hifiasm V0.19.3, minimap2 v2.26 ",NA,NA,NA,manual,Data was processed using the Igenotyper pipeline (https://github.com/oscarlr/IGenotyper),IMGT:Homo sapiens:2022-11-24,NA,NA,ighc
PRJNA555323,The human immunoglobulin heavy chain constant gene locus is enriched for large complex structural variants and coding polymorphisms that vary in frequency among human populations,Long-read sequencing to resolve IGHC haplotype variations in different populations,HG03491,"{""id"": ""NCIT: C16084"", ""label"": ""Observational Study""} ",NA,"NIH R24AI138963,R01HG010169",UofL (Watson lab),Watson,"580S Preston St,Louisville,KY 40202",corey.watson@louisville.edu,Uddalok Jana,PMIDXXXXXXXX,"[""immune receptor genome""]",HG03491,FALSE,"{""id"": ""NCBITAXON: 9606"", ""label"": ""Homo sapiens""} ",NA,NA,NA,NA,NA,SAS,PJL,NA,NA,NA,NA,NA,NA,NA,NA,NA,NA,NA,NA,HG03491,LCL,NA,NA,NA,NA,NA,NA,NA,NA,NA,NA,NA,FALSE,NA,NA,NA,NA,NA,NA,NA,NA,NA,NA,IG-Capture,amplification and capture by hybridization of genomic dna to enrich nucleic acid sequences from IG genomic loci,NA,NA,NA,IGHC,NA,NA,NA,NA,SEQUELII,University of Louisville Sequencing Technology Center,NA,NA,NA,TRUE,BAM,NA,NA,NA,NA,NA,NA,"Igenotyper V1.X (unreleased), hifiasm V0.19.3, minimap2 v2.26 ",NA,NA,NA,manual,Data was processed using the Igenotyper pipeline (https://github.com/oscarlr/IGenotyper),IMGT:Homo sapiens:2022-11-24,NA,NA,ighc
PRJNA555323,The human immunoglobulin heavy chain constant gene locus is enriched for large complex structural variants and coding polymorphisms that vary in frequency among human populations,Long-read sequencing to resolve IGHC haplotype variations in different populations,HG03709,"{""id"": ""NCIT: C16084"", ""label"": ""Observational Study""} ",NA,"NIH R24AI138963,R01HG010169",UofL (Watson lab),Watson,"580S Preston St,Louisville,KY 40202",corey.watson@louisville.edu,Uddalok Jana,PMIDXXXXXXXX,"[""immune receptor genome""]",HG03709,FALSE,"{""id"": ""NCBITAXON: 9606"", ""label"": ""Homo sapiens""} ",NA,NA,NA,NA,NA,SAS,PJL,NA,NA,NA,NA,NA,NA,NA,NA,NA,NA,NA,NA,HG03709,LCL,NA,NA,NA,NA,NA,NA,NA,NA,NA,NA,NA,FALSE,NA,NA,NA,NA,NA,NA,NA,NA,NA,NA,IG-Capture,amplification and capture by hybridization of genomic dna to enrich nucleic acid sequences from IG genomic loci,NA,NA,NA,IGHC,NA,NA,NA,NA,SEQUELII,University of Louisville Sequencing Technology Center,NA,NA,NA,TRUE,BAM,NA,NA,NA,NA,NA,NA,"Igenotyper V1.X (unreleased), hifiasm V0.19.3, minimap2 v2.26 ",NA,NA,NA,manual,Data was processed using the Igenotyper pipeline (https://github.com/oscarlr/IGenotyper),IMGT:Homo sapiens:2022-11-24,NA,NA,ighc
PRJNA555323,The human immunoglobulin heavy chain constant gene locus is enriched for large complex structural variants and coding polymorphisms that vary in frequency among human populations,Long-read sequencing to resolve IGHC haplotype variations in different populations,HG03687,"{""id"": ""NCIT: C16084"", ""label"": ""Observational Study""} ",NA,"NIH R24AI138963,R01HG010169",UofL (Watson lab),Watson,"580S Preston St,Louisville,KY 40202",corey.watson@louisville.edu,Uddalok Jana,PMIDXXXXXXXX,"[""immune receptor genome""]",HG03687,FALSE,"{""id"": ""NCBITAXON: 9606"", ""label"": ""Homo sapiens""} ",NA,NA,NA,NA,NA,SAS,STU,NA,NA,NA,NA,NA,NA,NA,NA,NA,NA,NA,NA,HG03687,LCL,NA,NA,NA,NA,NA,NA,NA,NA,NA,NA,NA,FALSE,NA,NA,NA,NA,NA,NA,NA,NA,NA,NA,IG-Capture,amplification and capture by hybridization of genomic dna to enrich nucleic acid sequences from IG genomic loci,NA,NA,NA,IGHC,NA,NA,NA,NA,SEQUELII,University of Louisville Sequencing Technology Center,NA,NA,NA,TRUE,BAM,NA,NA,NA,NA,NA,NA,"Igenotyper V1.X (unreleased), hifiasm V0.19.3, minimap2 v2.26 ",NA,NA,NA,manual,Data was processed using the Igenotyper pipeline (https://github.com/oscarlr/IGenotyper),IMGT:Homo sapiens:2022-11-24,NA,NA,ighc
PRJNA555323,The human immunoglobulin heavy chain constant gene locus is enriched for large complex structural variants and coding polymorphisms that vary in frequency among human populations,Long-read sequencing to resolve IGHC haplotype variations in different populations,HG03885,"{""id"": ""NCIT: C16084"", ""label"": ""Observational Study""} ",NA,"NIH R24AI138963,R01HG010169",UofL (Watson lab),Watson,"580S Preston St,Louisville,KY 40202",corey.watson@louisville.edu,Uddalok Jana,PMIDXXXXXXXX,"[""immune receptor genome""]",HG03885,FALSE,"{""id"": ""NCBITAXON: 9606"", ""label"": ""Homo sapiens""} ",NA,NA,NA,NA,NA,SAS,STU,NA,NA,NA,NA,NA,NA,NA,NA,NA,NA,NA,NA,HG03885,LCL,NA,NA,NA,NA,NA,NA,NA,NA,NA,NA,NA,FALSE,NA,NA,NA,NA,NA,NA,NA,NA,NA,NA,IG-Capture,amplification and capture by hybridization of genomic dna to enrich nucleic acid sequences from IG genomic loci,NA,NA,NA,IGHC,NA,NA,NA,NA,SEQUELII,University of Louisville Sequencing Technology Center,NA,NA,NA,TRUE,BAM,NA,NA,NA,NA,NA,NA,"Igenotyper V1.X (unreleased), hifiasm V0.19.3, minimap2 v2.26 ",NA,NA,NA,manual,Data was processed using the Igenotyper pipeline (https://github.com/oscarlr/IGenotyper),IMGT:Homo sapiens:2022-11-24,NA,NA,ighc
PRJNA555323,The human immunoglobulin heavy chain constant gene locus is enriched for large complex structural variants and coding polymorphisms that vary in frequency among human populations,Long-read sequencing to resolve IGHC haplotype variations in different populations,HG03986,"{""id"": ""NCIT: C16084"", ""label"": ""Observational Study""} ",NA,"NIH R24AI138963,R01HG010169",UofL (Watson lab),Watson,"580S Preston St,Louisville,KY 40202",corey.watson@louisville.edu,Uddalok Jana,PMIDXXXXXXXX,"[""immune receptor genome""]",HG03986,FALSE,"{""id"": ""NCBITAXON: 9606"", ""label"": ""Homo sapiens""} ",NA,NA,NA,NA,NA,SAS,STU,NA,NA,NA,NA,NA,NA,NA,NA,NA,NA,NA,NA,HG03986,LCL,NA,NA,NA,NA,NA,NA,NA,NA,NA,NA,NA,FALSE,NA,NA,NA,NA,NA,NA,NA,NA,NA,NA,IG-Capture,amplification and capture by hybridization of genomic dna to enrich nucleic acid sequences from IG genomic loci,NA,NA,NA,IGHC,NA,NA,NA,NA,SEQUELII,University of Louisville Sequencing Technology Center,NA,NA,NA,TRUE,BAM,NA,NA,NA,NA,NA,NA,"Igenotyper V1.X (unreleased), hifiasm V0.19.3, minimap2 v2.26 ",NA,NA,NA,manual,Data was processed using the Igenotyper pipeline (https://github.com/oscarlr/IGenotyper),IMGT:Homo sapiens:2022-11-24,NA,NA,ighc
PRJNA555323,The human immunoglobulin heavy chain constant gene locus is enriched for large complex structural variants and coding polymorphisms that vary in frequency among human populations,Long-read sequencing to resolve IGHC haplotype variations in different populations,HG04099,"{""id"": ""NCIT: C16084"", ""label"": ""Observational Study""} ",NA,"NIH R24AI138963,R01HG010169",UofL (Watson lab),Watson,"580S Preston St,Louisville,KY 40202",corey.watson@louisville.edu,Uddalok Jana,PMIDXXXXXXXX,"[""immune receptor genome""]",HG04099,FALSE,"{""id"": ""NCBITAXON: 9606"", ""label"": ""Homo sapiens""} ",NA,NA,NA,NA,NA,SAS,STU,NA,NA,NA,NA,NA,NA,NA,NA,NA,NA,NA,NA,HG04099,LCL,NA,NA,NA,NA,NA,NA,NA,NA,NA,NA,NA,FALSE,NA,NA,NA,NA,NA,NA,NA,NA,NA,NA,IG-Capture,amplification and capture by hybridization of genomic dna to enrich nucleic acid sequences from IG genomic loci,NA,NA,NA,IGHC,NA,NA,NA,NA,SEQUELII,University of Louisville Sequencing Technology Center,NA,NA,NA,TRUE,BAM,NA,NA,NA,NA,NA,NA,"Igenotyper V1.X (unreleased), hifiasm V0.19.3, minimap2 v2.26 ",NA,NA,NA,manual,Data was processed using the Igenotyper pipeline (https://github.com/oscarlr/IGenotyper),IMGT:Homo sapiens:2022-11-24,NA,NA,ighc
