status: Importing reference alleles
status: Importing studies
Processing airr sample P39_I1_S1
Invalid ontology id for label disease_diagnosis.label value ['Healthy/Background']: [None]
Invalid ontology id for label cell_subset.label value ['PBMC']: [None]
Processing airr sample P39_I2_S1
Invalid ontology id for label disease_diagnosis.label value ['HIV']: [None]
Invalid ontology id for label cell_subset.label value ['PBMC']: [None]
Processing airr sample P39_I3_S1
Invalid ontology id for label disease_diagnosis.label value ['HIV']: [None]
Invalid ontology id for label cell_subset.label value ['PBMC']: [None]
Processing airr sample P39_I4_S1
Invalid ontology id for label disease_diagnosis.label value ['HIV']: [None]
Invalid ontology id for label cell_subset.label value ['PBMC']: [None]
Processing airr sample P39_I5_S1
Invalid ontology id for label disease_diagnosis.label value ['HIV']: [None]
Invalid ontology id for label cell_subset.label value ['PBMC']: [None]
Processing airr sample P39_I6_S1
Invalid ontology id for label disease_diagnosis.label value ['Healthy/Background']: [None]
Invalid ontology id for label cell_subset.label value ['PBMC']: [None]
Processing airr sample P39_I7_S1
Invalid ontology id for label disease_diagnosis.label value ['Healthy/Background']: [None]
Invalid ontology id for label cell_subset.label value ['PBMC']: [None]
Processing airr sample P39_I8_S1
Invalid ontology id for label disease_diagnosis.label value ['Healthy/Background']: [None]
Invalid ontology id for label cell_subset.label value ['PBMC']: [None]
Processing airr sample P39_I9_S1
Invalid ontology id for label disease_diagnosis.label value ['HIV']: [None]
Invalid ontology id for label cell_subset.label value ['PBMC']: [None]
Processing airr sample P39_I10_S1
Invalid ontology id for label disease_diagnosis.label value ['HIV']: [None]
Invalid ontology id for label cell_subset.label value ['PBMC']: [None]
Processing airr sample P39_I11_S1
Invalid ontology id for label disease_diagnosis.label value ['HIV']: [None]
Invalid ontology id for label cell_subset.label value ['PBMC']: [None]
Processing airr sample P39_I12_S1
Invalid ontology id for label disease_diagnosis.label value ['HIV']: [None]
Invalid ontology id for label cell_subset.label value ['PBMC']: [None]
Processing airr sample P39_I13_S1
Invalid ontology id for label disease_diagnosis.label value ['HIV']: [None]
Invalid ontology id for label cell_subset.label value ['PBMC']: [None]
Processing airr sample P39_I14_S1
Invalid ontology id for label disease_diagnosis.label value ['Healthy/Background']: [None]
Invalid ontology id for label cell_subset.label value ['PBMC']: [None]
Processing airr sample P39_I15_S1
Invalid ontology id for label disease_diagnosis.label value ['Healthy/Background']: [None]
Invalid ontology id for label cell_subset.label value ['PBMC']: [None]
Processing airr sample P39_I16_S1
Invalid ontology id for label disease_diagnosis.label value ['Healthy/Background']: [None]
Invalid ontology id for label cell_subset.label value ['PBMC']: [None]
Processing airr sample P39_I17_S1
Invalid ontology id for label disease_diagnosis.label value ['HIV']: [None]
Invalid ontology id for label cell_subset.label value ['PBMC']: [None]
Processing airr sample P39_I18_S1
Invalid ontology id for label disease_diagnosis.label value ['HIV']: [None]
Invalid ontology id for label cell_subset.label value ['PBMC']: [None]
Processing airr sample P39_I19_S1
Invalid ontology id for label disease_diagnosis.label value ['Healthy/Background']: [None]
Invalid ontology id for label cell_subset.label value ['PBMC']: [None]
Processing airr sample P39_I20_S1
Invalid ontology id for label disease_diagnosis.label value ['Healthy/Background']: [None]
Invalid ontology id for label cell_subset.label value ['PBMC']: [None]
Processing airr sample P39_I21_S1
Invalid ontology id for label disease_diagnosis.label value ['Healthy/Background']: [None]
Invalid ontology id for label cell_subset.label value ['PBMC']: [None]
Processing airr sample P39_I22_S1
Invalid ontology id for label disease_diagnosis.label value ['HIV']: [None]
Invalid ontology id for label cell_subset.label value ['PBMC']: [None]
Processing airr sample P39_I23_S1
Invalid ontology id for label disease_diagnosis.label value ['HIV']: [None]
Invalid ontology id for label cell_subset.label value ['PBMC']: [None]
Processing airr sample P39_I24_S1
Invalid ontology id for label disease_diagnosis.label value ['HIV']: [None]
Invalid ontology id for label cell_subset.label value ['PBMC']: [None]
Processing airr sample P39_I25_S1
Invalid ontology id for label disease_diagnosis.label value ['HIV']: [None]
Invalid ontology id for label cell_subset.label value ['PBMC']: [None]
Processing airr sample P39_I26_S1
Invalid ontology id for label disease_diagnosis.label value ['HIV']: [None]
Invalid ontology id for label cell_subset.label value ['PBMC']: [None]
Processing airr sample P39_I27_S1
Invalid ontology id for label disease_diagnosis.label value ['Healthy/Background']: [None]
Invalid ontology id for label cell_subset.label value ['PBMC']: [None]
Processing airr sample P39_I28_S1
Invalid ontology id for label disease_diagnosis.label value ['Healthy/Background']: [None]
Invalid ontology id for label cell_subset.label value ['PBMC']: [None]
Processing airr sample P39_I29_S1
Invalid ontology id for label disease_diagnosis.label value ['Healthy/Background']: [None]
Invalid ontology id for label cell_subset.label value ['PBMC']: [None]
Processing airr sample P39_I30_S1
Invalid ontology id for label disease_diagnosis.label value ['Healthy/Background']: [None]
Invalid ontology id for label cell_subset.label value ['PBMC']: [None]
Processing airr sample P39_I31_S1
Invalid ontology id for label disease_diagnosis.label value ['Healthy/Background']: [None]
Invalid ontology id for label cell_subset.label value ['PBMC']: [None]
Processing airr sample P39_I32_S1
Invalid ontology id for label disease_diagnosis.label value ['Healthy/Background']: [None]
Invalid ontology id for label cell_subset.label value ['PBMC']: [None]
Processing airr sample P39_I33_S1
Invalid ontology id for label disease_diagnosis.label value ['Healthy/Background']: [None]
Invalid ontology id for label cell_subset.label value ['PBMC']: [None]
Processing airr sample P39_I34_S1
Invalid ontology id for label disease_diagnosis.label value ['Healthy/Background']: [None]
Invalid ontology id for label cell_subset.label value ['PBMC']: [None]
Processing airr sample P39_I35_S1
Invalid ontology id for label disease_diagnosis.label value ['Healthy/Background']: [None]
Invalid ontology id for label cell_subset.label value ['PBMC']: [None]
Processing airr sample P39_I36_S1
Invalid ontology id for label disease_diagnosis.label value ['Healthy/Background']: [None]
Invalid ontology id for label cell_subset.label value ['PBMC']: [None]
Processing airr sample P39_I37_S1
Invalid ontology id for label disease_diagnosis.label value ['Healthy/Background']: [None]
Invalid ontology id for label cell_subset.label value ['PBMC']: [None]
Processing airr sample P39_I38_S1
Invalid ontology id for label disease_diagnosis.label value ['Healthy/Background']: [None]
Invalid ontology id for label cell_subset.label value ['PBMC']: [None]
Processing airr sample P39_I39_S1
Invalid ontology id for label disease_diagnosis.label value ['Healthy/Background']: [None]
Invalid ontology id for label cell_subset.label value ['PBMC']: [None]
Processing airr sample P39_I40_S1
Invalid ontology id for label disease_diagnosis.label value ['Healthy/Background']: [None]
Invalid ontology id for label cell_subset.label value ['PBMC']: [None]
Processing airr sample P39_I41_S1
Invalid ontology id for label disease_diagnosis.label value ['Healthy/Background']: [None]
Invalid ontology id for label cell_subset.label value ['PBMC']: [None]
Processing airr sample P39_I42_S1
Invalid ontology id for label disease_diagnosis.label value ['Healthy/Background']: [None]
Invalid ontology id for label cell_subset.label value ['PBMC']: [None]
Processing airr sample P39_I43_S1
Invalid ontology id for label disease_diagnosis.label value ['Healthy/Background']: [None]
Invalid ontology id for label cell_subset.label value ['PBMC']: [None]
Processing airr sample P39_I44_S1
Invalid ontology id for label disease_diagnosis.label value ['Healthy/Background']: [None]
Invalid ontology id for label cell_subset.label value ['PBMC']: [None]
Processing airr sample P39_I45_S1
Invalid ontology id for label disease_diagnosis.label value ['Healthy/Background']: [None]
Invalid ontology id for label cell_subset.label value ['PBMC']: [None]
Processing airr sample P39_I46_S1
Invalid ontology id for label disease_diagnosis.label value ['Healthy/Background']: [None]
Invalid ontology id for label cell_subset.label value ['PBMC']: [None]
Processing airr sample P39_I47_S1
Invalid ontology id for label disease_diagnosis.label value ['Healthy/Background']: [None]
Invalid ontology id for label cell_subset.label value ['PBMC']: [None]
Processing airr sample P39_I48_S1
Invalid ontology id for label disease_diagnosis.label value ['Healthy/Background']: [None]
Invalid ontology id for label cell_subset.label value ['PBMC']: [None]
Processing airr sample P39_I49_S1
Invalid ontology id for label disease_diagnosis.label value ['Healthy/Background']: [None]
Invalid ontology id for label cell_subset.label value ['PBMC']: [None]
Processing airr sample P39_I50_S1
Invalid ontology id for label disease_diagnosis.label value ['Healthy/Background']: [None]
Invalid ontology id for label cell_subset.label value ['PBMC']: [None]
Processing airr sample P39_I51_S1
Invalid ontology id for label disease_diagnosis.label value ['Healthy/Background']: [None]
Invalid ontology id for label cell_subset.label value ['PBMC']: [None]
Processing airr sample P39_I52_S1
Invalid ontology id for label disease_diagnosis.label value ['Healthy/Background']: [None]
Invalid ontology id for label cell_subset.label value ['PBMC']: [None]
Processing airr sample P39_I53_S1
Invalid ontology id for label disease_diagnosis.label value ['Healthy/Background']: [None]
Invalid ontology id for label cell_subset.label value ['PBMC']: [None]
Processing airr sample P39_I54_S1
Invalid ontology id for label disease_diagnosis.label value ['Healthy/Background']: [None]
Invalid ontology id for label cell_subset.label value ['PBMC']: [None]
Processing airr sample P39_I55_S1
Invalid ontology id for label disease_diagnosis.label value ['Healthy/Background']: [None]
Invalid ontology id for label cell_subset.label value ['PBMC']: [None]
Processing airr sample P39_I56_S1
Invalid ontology id for label disease_diagnosis.label value ['Healthy/Background']: [None]
Invalid ontology id for label cell_subset.label value ['PBMC']: [None]
Processing airr sample P39_I57_S1
Invalid ontology id for label disease_diagnosis.label value ['Healthy/Background']: [None]
Invalid ontology id for label cell_subset.label value ['PBMC']: [None]
Processing airr sample P39_I58_S1
Invalid ontology id for label disease_diagnosis.label value ['Healthy/Background']: [None]
Invalid ontology id for label cell_subset.label value ['PBMC']: [None]
Processing airr sample P39_I59_S1
Invalid ontology id for label disease_diagnosis.label value ['Healthy/Background']: [None]
Invalid ontology id for label cell_subset.label value ['PBMC']: [None]
Processing airr sample P39_I60_S1
Invalid ontology id for label disease_diagnosis.label value ['Healthy/Background']: [None]
Invalid ontology id for label cell_subset.label value ['PBMC']: [None]
Processing airr sample P39_I61_S1
Invalid ontology id for label disease_diagnosis.label value ['Healthy/Background']: [None]
Invalid ontology id for label cell_subset.label value ['PBMC']: [None]
Processing airr sample P39_I62_S1
Invalid ontology id for label disease_diagnosis.label value ['Healthy/Background']: [None]
Invalid ontology id for label cell_subset.label value ['PBMC']: [None]
Processing airr sample P39_I63_S1
Invalid ontology id for label disease_diagnosis.label value ['Healthy/Background']: [None]
Invalid ontology id for label cell_subset.label value ['PBMC']: [None]
Processing airr sample P39_I64_S1
Invalid ontology id for label disease_diagnosis.label value ['Healthy/Background']: [None]
Invalid ontology id for label cell_subset.label value ['PBMC']: [None]
Processing airr sample P39_I65_S1
Invalid ontology id for label disease_diagnosis.label value ['Healthy/Background']: [None]
Invalid ontology id for label cell_subset.label value ['PBMC']: [None]
Processing airr sample P39_I66_S1
Invalid ontology id for label disease_diagnosis.label value ['Healthy/Background']: [None]
Invalid ontology id for label cell_subset.label value ['PBMC']: [None]
Processing airr sample P39_I67_S1
Invalid ontology id for label disease_diagnosis.label value ['Healthy/Background']: [None]
Invalid ontology id for label cell_subset.label value ['PBMC']: [None]
Processing airr sample P39_I68_S1
Invalid ontology id for label disease_diagnosis.label value ['Healthy/Background']: [None]
Invalid ontology id for label cell_subset.label value ['PBMC']: [None]
Processing airr sample P39_I69_S1
Invalid ontology id for label disease_diagnosis.label value ['Healthy/Background']: [None]
Invalid ontology id for label cell_subset.label value ['PBMC']: [None]
Processing airr sample P39_I70_S1
Invalid ontology id for label disease_diagnosis.label value ['Healthy/Background']: [None]
Invalid ontology id for label cell_subset.label value ['PBMC']: [None]
Processing airr sample P39_I71_S1
Invalid ontology id for label disease_diagnosis.label value ['Healthy/Background']: [None]
Invalid ontology id for label cell_subset.label value ['PBMC']: [None]
Processing airr sample P39_I72_S1
Invalid ontology id for label disease_diagnosis.label value ['Healthy/Background']: [None]
Invalid ontology id for label cell_subset.label value ['PBMC']: [None]
Processing airr sample P39_I73_S1
Invalid ontology id for label disease_diagnosis.label value ['Healthy/Background']: [None]
Invalid ontology id for label cell_subset.label value ['PBMC']: [None]
Processing airr sample P39_I74_S1
Invalid ontology id for label disease_diagnosis.label value ['Healthy/Background']: [None]
Invalid ontology id for label cell_subset.label value ['PBMC']: [None]
Processing airr sample P39_I75_S1
Invalid ontology id for label disease_diagnosis.label value ['Healthy/Background']: [None]
Invalid ontology id for label cell_subset.label value ['PBMC']: [None]
Processing airr sample P39_I76_S1
Invalid ontology id for label disease_diagnosis.label value ['Healthy/Background']: [None]
Invalid ontology id for label cell_subset.label value ['PBMC']: [None]
Processing airr sample P39_I77_S1
Invalid ontology id for label disease_diagnosis.label value ['Healthy/Background']: [None]
Invalid ontology id for label cell_subset.label value ['PBMC']: [None]
Processing airr sample P39_I78_S1
Invalid ontology id for label disease_diagnosis.label value ['Healthy/Background']: [None]
Invalid ontology id for label cell_subset.label value ['PBMC']: [None]
Processing airr sample P39_I79_S1
Invalid ontology id for label disease_diagnosis.label value ['Healthy/Background']: [None]
Invalid ontology id for label cell_subset.label value ['PBMC']: [None]
Processing airr sample P39_I80_S1
Invalid ontology id for label disease_diagnosis.label value ['Healthy/Background']: [None]
Invalid ontology id for label cell_subset.label value ['PBMC']: [None]
Processing airr sample P39_I81_S1
Invalid ontology id for label disease_diagnosis.label value ['Healthy/Background']: [None]
Invalid ontology id for label cell_subset.label value ['PBMC']: [None]
Processing airr sample P39_I82_S1
Invalid ontology id for label disease_diagnosis.label value ['Healthy/Background']: [None]
Invalid ontology id for label cell_subset.label value ['PBMC']: [None]
Processing airr sample P39_I83_S1
Invalid ontology id for label disease_diagnosis.label value ['Healthy/Background']: [None]
Invalid ontology id for label cell_subset.label value ['PBMC']: [None]
Processing airr sample P39_I84_S1
Invalid ontology id for label disease_diagnosis.label value ['Healthy/Background']: [None]
Invalid ontology id for label cell_subset.label value ['PBMC']: [None]
Processing airr sample P39_I85_S1
Invalid ontology id for label disease_diagnosis.label value ['Healthy/Background']: [None]
Invalid ontology id for label cell_subset.label value ['PBMC']: [None]
Processing airr sample P39_I86_S1
Invalid ontology id for label disease_diagnosis.label value ['Healthy/Background']: [None]
Invalid ontology id for label cell_subset.label value ['PBMC']: [None]
Processing airr sample P39_I87_S1
Invalid ontology id for label disease_diagnosis.label value ['Healthy/Background']: [None]
Invalid ontology id for label cell_subset.label value ['PBMC']: [None]
Processing airr sample P39_I88_S1
Invalid ontology id for label disease_diagnosis.label value ['Healthy/Background']: [None]
Invalid ontology id for label cell_subset.label value ['PBMC']: [None]
Processing airr sample P39_I89_S1
Invalid ontology id for label disease_diagnosis.label value ['Healthy/Background']: [None]
Invalid ontology id for label cell_subset.label value ['PBMC']: [None]
Processing airr sample P39_I90_S1
Invalid ontology id for label disease_diagnosis.label value ['Healthy/Background']: [None]
Invalid ontology id for label cell_subset.label value ['PBMC']: [None]
Processing airr sample P39_I91_S1
Invalid ontology id for label disease_diagnosis.label value ['Healthy/Background']: [None]
Invalid ontology id for label cell_subset.label value ['PBMC']: [None]
Processing airr sample P39_I92_S1
Invalid ontology id for label disease_diagnosis.label value ['Healthy/Background']: [None]
Invalid ontology id for label cell_subset.label value ['PBMC']: [None]
Processing airr sample P39_I93_S1
Invalid ontology id for label disease_diagnosis.label value ['Healthy/Background']: [None]
Invalid ontology id for label cell_subset.label value ['PBMC']: [None]
Processing airr sample P39_I94_S1
Invalid ontology id for label disease_diagnosis.label value ['Healthy/Background']: [None]
Invalid ontology id for label cell_subset.label value ['PBMC']: [None]
Processing airr sample P39_I95_S1
Invalid ontology id for label disease_diagnosis.label value ['Healthy/Background']: [None]
Invalid ontology id for label cell_subset.label value ['PBMC']: [None]
Processing airr sample P39_I96_S1
Invalid ontology id for label disease_diagnosis.label value ['Healthy/Background']: [None]
Invalid ontology id for label cell_subset.label value ['PBMC']: [None]
Processing airr sample P39_I97_S1
Invalid ontology id for label disease_diagnosis.label value ['Healthy/Background']: [None]
Invalid ontology id for label cell_subset.label value ['PBMC']: [None]
Processing airr sample P39_I98_S1
Invalid ontology id for label disease_diagnosis.label value ['Healthy/Background']: [None]
Invalid ontology id for label cell_subset.label value ['PBMC']: [None]
Processing airr sample P39_I99_S1
Invalid ontology id for label disease_diagnosis.label value ['Healthy/Background']: [None]
Invalid ontology id for label cell_subset.label value ['PBMC']: [None]
Processing airr sample P39_I100_S1
Invalid ontology id for label disease_diagnosis.label value ['Healthy/Background']: [None]
Invalid ontology id for label cell_subset.label value ['PBMC']: [None]
Processing airr sample P39_I101_S1
Invalid ontology id for label disease_diagnosis.label value ['Healthy/Background']: [None]
Invalid ontology id for label cell_subset.label value ['PBMC']: [None]
Processing airr sample P39_I102_S1
Invalid ontology id for label disease_diagnosis.label value ['Healthy/Background']: [None]
Invalid ontology id for label cell_subset.label value ['PBMC']: [None]
Processing airr sample P39_I103_S1
Invalid ontology id for label disease_diagnosis.label value ['Healthy/Background']: [None]
Invalid ontology id for label cell_subset.label value ['PBMC']: [None]
Processing airr sample P39_I104_S1
Invalid ontology id for label disease_diagnosis.label value ['Healthy/Background']: [None]
Invalid ontology id for label cell_subset.label value ['PBMC']: [None]
Processing airr sample P39_I105_S1
Invalid ontology id for label disease_diagnosis.label value ['Healthy/Background']: [None]
Invalid ontology id for label cell_subset.label value ['PBMC']: [None]
Processing airr sample P39_I106_S1
Invalid ontology id for label disease_diagnosis.label value ['Healthy/Background']: [None]
Invalid ontology id for label cell_subset.label value ['PBMC']: [None]
Processing airr sample P39_I107_S1
Invalid ontology id for label disease_diagnosis.label value ['Healthy/Background']: [None]
Invalid ontology id for label cell_subset.label value ['PBMC']: [None]
Processing airr sample P39_I108_S1
Invalid ontology id for label disease_diagnosis.label value ['Healthy/Background']: [None]
Invalid ontology id for label cell_subset.label value ['PBMC']: [None]
Processing airr sample P39_I109_S1
Invalid ontology id for label disease_diagnosis.label value ['Healthy/Background']: [None]
Invalid ontology id for label cell_subset.label value ['PBMC']: [None]
Processing airr sample P39_I110_S1
Invalid ontology id for label disease_diagnosis.label value ['Healthy/Background']: [None]
Invalid ontology id for label cell_subset.label value ['PBMC']: [None]
Processing airr sample P39_I111_S1
Invalid ontology id for label disease_diagnosis.label value ['Healthy/Background']: [None]
Invalid ontology id for label cell_subset.label value ['PBMC']: [None]
Processing airr sample P39_I112_S1
Invalid ontology id for label disease_diagnosis.label value ['Healthy/Background']: [None]
Invalid ontology id for label cell_subset.label value ['PBMC']: [None]
Processing airr sample P39_I113_S1
Invalid ontology id for label disease_diagnosis.label value ['Healthy/Background']: [None]
Invalid ontology id for label cell_subset.label value ['PBMC']: [None]
Processing airr sample P39_I114_S1
Invalid ontology id for label disease_diagnosis.label value ['Healthy/Background']: [None]
Invalid ontology id for label cell_subset.label value ['PBMC']: [None]
Processing airr sample P39_I115_S1
Invalid ontology id for label disease_diagnosis.label value ['Healthy/Background']: [None]
Invalid ontology id for label cell_subset.label value ['PBMC']: [None]
Processing airr sample P39_I116_S1
Invalid ontology id for label disease_diagnosis.label value ['Healthy/Background']: [None]
Invalid ontology id for label cell_subset.label value ['PBMC']: [None]
Processing airr sample P39_I117_S1
Invalid ontology id for label disease_diagnosis.label value ['Healthy/Background']: [None]
Invalid ontology id for label cell_subset.label value ['PBMC']: [None]
Processing airr sample P39_I118_S1
Invalid ontology id for label disease_diagnosis.label value ['Healthy/Background']: [None]
Invalid ontology id for label cell_subset.label value ['PBMC']: [None]
Processing airr sample P39_I119_S1
Invalid ontology id for label disease_diagnosis.label value ['Healthy/Background']: [None]
Invalid ontology id for label cell_subset.label value ['PBMC']: [None]
Processing airr sample P39_I120_S1
Invalid ontology id for label disease_diagnosis.label value ['Healthy/Background']: [None]
Invalid ontology id for label cell_subset.label value ['PBMC']: [None]
Processing airr sample P39_I121_S1
Invalid ontology id for label disease_diagnosis.label value ['Healthy/Background']: [None]
Invalid ontology id for label cell_subset.label value ['PBMC']: [None]
Processing airr sample P39_I122_S1
Invalid ontology id for label disease_diagnosis.label value ['Healthy/Background']: [None]
Invalid ontology id for label cell_subset.label value ['PBMC']: [None]
Processing airr sample P39_I123_S1
Invalid ontology id for label disease_diagnosis.label value ['Healthy/Background']: [None]
Invalid ontology id for label cell_subset.label value ['PBMC']: [None]
Processing airr sample P39_I124_S1
Invalid ontology id for label disease_diagnosis.label value ['Healthy/Background']: [None]
Invalid ontology id for label cell_subset.label value ['PBMC']: [None]
Processing airr sample P39_I125_S1
Invalid ontology id for label disease_diagnosis.label value ['Healthy/Background']: [None]
Invalid ontology id for label cell_subset.label value ['PBMC']: [None]
Processing airr sample P39_I126_S1
Invalid ontology id for label disease_diagnosis.label value ['Healthy/Background']: [None]
Invalid ontology id for label cell_subset.label value ['PBMC']: [None]
Processing airr sample P39_I127_S1
Invalid ontology id for label disease_diagnosis.label value ['Healthy/Background']: [None]
Invalid ontology id for label cell_subset.label value ['PBMC']: [None]
Processing airr sample P39_I128_S1
Invalid ontology id for label disease_diagnosis.label value ['Healthy/Background']: [None]
Invalid ontology id for label cell_subset.label value ['PBMC']: [None]
Processing airr sample P39_I129_S1
Invalid ontology id for label disease_diagnosis.label value ['HIV']: [None]
Invalid ontology id for label cell_subset.label value ['PBMC']: [None]
Processing airr sample P39_I130_S1
Invalid ontology id for label disease_diagnosis.label value ['HIV']: [None]
Invalid ontology id for label cell_subset.label value ['PBMC']: [None]
Processing airr sample P39_I131_S1
Invalid ontology id for label disease_diagnosis.label value ['HIV']: [None]
Invalid ontology id for label cell_subset.label value ['PBMC']: [None]
Processing airr sample P39_I132_S1
Invalid ontology id for label disease_diagnosis.label value ['HIV']: [None]
Invalid ontology id for label cell_subset.label value ['PBMC']: [None]
Processing airr sample P39_I133_S1
Invalid ontology id for label disease_diagnosis.label value ['HIV']: [None]
Invalid ontology id for label cell_subset.label value ['PBMC']: [None]
Processing airr sample P39_I134_S1
Invalid ontology id for label disease_diagnosis.label value ['HIV']: [None]
Invalid ontology id for label cell_subset.label value ['PBMC']: [None]
Processing airr sample P39_I135_S1
Invalid ontology id for label disease_diagnosis.label value ['HIV']: [None]
Invalid ontology id for label cell_subset.label value ['PBMC']: [None]
Processing airr sample P39_I136_S1
Invalid ontology id for label disease_diagnosis.label value ['HIV']: [None]
Invalid ontology id for label cell_subset.label value ['PBMC']: [None]
Processing airr sample P39_I137_S1
Invalid ontology id for label disease_diagnosis.label value ['HIV']: [None]
Invalid ontology id for label cell_subset.label value ['PBMC']: [None]
Processing airr sample P39_I138_S1
Invalid ontology id for label disease_diagnosis.label value ['HIV']: [None]
Invalid ontology id for label cell_subset.label value ['PBMC']: [None]
Processing airr sample P39_I139_S1
Invalid ontology id for label disease_diagnosis.label value ['HIV']: [None]
Invalid ontology id for label cell_subset.label value ['PBMC']: [None]
Processing airr sample P39_I140_S1
Invalid ontology id for label disease_diagnosis.label value ['HIV']: [None]
Invalid ontology id for label cell_subset.label value ['PBMC']: [None]
Processing airr sample P39_I141_S1
Invalid ontology id for label disease_diagnosis.label value ['HIV']: [None]
Invalid ontology id for label cell_subset.label value ['PBMC']: [None]
Processing airr sample P39_I142_S1
Invalid ontology id for label disease_diagnosis.label value ['HIV']: [None]
Invalid ontology id for label cell_subset.label value ['PBMC']: [None]
Processing airr sample P39_I143_S1
Invalid ontology id for label disease_diagnosis.label value ['HIV']: [None]
Invalid ontology id for label cell_subset.label value ['PBMC']: [None]
Processing airr sample P39_I144_S1
Invalid ontology id for label disease_diagnosis.label value ['HIV']: [None]
Invalid ontology id for label cell_subset.label value ['PBMC']: [None]
Processing airr sample P39_I145_S1
Invalid ontology id for label disease_diagnosis.label value ['HIV']: [None]
Invalid ontology id for label cell_subset.label value ['PBMC']: [None]
Processing airr sample P39_I146_S1
Invalid ontology id for label disease_diagnosis.label value ['HIV']: [None]
Invalid ontology id for label cell_subset.label value ['PBMC']: [None]
Processing airr sample P39_I147_S1
Invalid ontology id for label disease_diagnosis.label value ['HIV']: [None]
Invalid ontology id for label cell_subset.label value ['PBMC']: [None]
Processing airr sample P39_I148_S1
Invalid ontology id for label disease_diagnosis.label value ['HIV']: [None]
Invalid ontology id for label cell_subset.label value ['PBMC']: [None]
Processing airr sample P39_I149_S1
Invalid ontology id for label disease_diagnosis.label value ['HIV']: [None]
Invalid ontology id for label cell_subset.label value ['PBMC']: [None]
Processing airr sample P39_I150_S1
Invalid ontology id for label disease_diagnosis.label value ['HIV']: [None]
Invalid ontology id for label cell_subset.label value ['PBMC']: [None]
Processing airr sample P39_I151_S1
Invalid ontology id for label disease_diagnosis.label value ['HIV']: [None]
Invalid ontology id for label cell_subset.label value ['PBMC']: [None]
Processing airr sample P39_I152_S1
Invalid ontology id for label disease_diagnosis.label value ['HIV']: [None]
Invalid ontology id for label cell_subset.label value ['PBMC']: [None]
Processing airr sample P39_I153_S1
Invalid ontology id for label disease_diagnosis.label value ['HIV']: [None]
Invalid ontology id for label cell_subset.label value ['PBMC']: [None]
Processing airr sample P39_I154_S1
Invalid ontology id for label disease_diagnosis.label value ['HIV']: [None]
Invalid ontology id for label cell_subset.label value ['PBMC']: [None]
Processing airr sample P39_I155_S1
Invalid ontology id for label disease_diagnosis.label value ['HIV']: [None]
Invalid ontology id for label cell_subset.label value ['PBMC']: [None]
Processing airr sample P39_I156_S1
Invalid ontology id for label disease_diagnosis.label value ['HIV']: [None]
Invalid ontology id for label cell_subset.label value ['PBMC']: [None]
Processing airr sample P39_I157_S1
Invalid ontology id for label disease_diagnosis.label value ['HIV']: [None]
Invalid ontology id for label cell_subset.label value ['PBMC']: [None]
Processing airr sample P39_I158_S1
Invalid ontology id for label disease_diagnosis.label value ['HIV']: [None]
Invalid ontology id for label cell_subset.label value ['PBMC']: [None]
Processing airr sample P39_I159_S1
Invalid ontology id for label disease_diagnosis.label value ['HIV']: [None]
Invalid ontology id for label cell_subset.label value ['PBMC']: [None]
Processing airr sample P39_I160_S1
Invalid ontology id for label disease_diagnosis.label value ['HIV']: [None]
Invalid ontology id for label cell_subset.label value ['PBMC']: [None]
Processing airr sample P39_I161_S1
Invalid ontology id for label disease_diagnosis.label value ['HIV']: [None]
Invalid ontology id for label cell_subset.label value ['PBMC']: [None]
Processing airr sample P39_I162_S1
Invalid ontology id for label disease_diagnosis.label value ['HIV']: [None]
Invalid ontology id for label cell_subset.label value ['PBMC']: [None]
Processing airr sample P39_I163_S1
Invalid ontology id for label disease_diagnosis.label value ['HIV']: [None]
Invalid ontology id for label cell_subset.label value ['PBMC']: [None]
Processing airr sample P39_I164_S1
Invalid ontology id for label disease_diagnosis.label value ['HIV']: [None]
Invalid ontology id for label cell_subset.label value ['PBMC']: [None]
Processing airr sample P39_I165_S1
Invalid ontology id for label disease_diagnosis.label value ['HIV']: [None]
Invalid ontology id for label cell_subset.label value ['PBMC']: [None]
Processing airr sample P39_I166_S1
Invalid ontology id for label disease_diagnosis.label value ['HIV']: [None]
Invalid ontology id for label cell_subset.label value ['PBMC']: [None]
Processing airr sample P39_I167_S1
Invalid ontology id for label disease_diagnosis.label value ['Healthy/Background']: [None]
Invalid ontology id for label cell_subset.label value ['PBMC']: [None]
Processing airr sample P39_I168_S1
Invalid ontology id for label disease_diagnosis.label value ['Healthy/Background']: [None]
Invalid ontology id for label cell_subset.label value ['PBMC']: [None]
Processing airr sample P39_I169_S1
Invalid ontology id for label disease_diagnosis.label value ['Healthy/Background']: [None]
Invalid ontology id for label cell_subset.label value ['PBMC']: [None]
Processing airr sample P39_I170_S1
Invalid ontology id for label disease_diagnosis.label value ['Healthy/Background']: [None]
Invalid ontology id for label cell_subset.label value ['PBMC']: [None]
Processing airr sample P39_I171_S1
Invalid ontology id for label disease_diagnosis.label value ['Healthy/Background']: [None]
Invalid ontology id for label cell_subset.label value ['PBMC']: [None]
Processing airr sample P39_I172_S1
Invalid ontology id for label disease_diagnosis.label value ['Healthy/Background']: [None]
Invalid ontology id for label cell_subset.label value ['PBMC']: [None]
Processing airr sample P39_I173_S1
Invalid ontology id for label disease_diagnosis.label value ['Healthy/Background']: [None]
Invalid ontology id for label cell_subset.label value ['PBMC']: [None]
Processing airr sample P39_I174_S1
Invalid ontology id for label disease_diagnosis.label value ['Healthy/Background']: [None]
Invalid ontology id for label cell_subset.label value ['PBMC']: [None]
Processing airr sample P39_I175_S1
Invalid ontology id for label disease_diagnosis.label value ['Healthy/Background']: [None]
Invalid ontology id for label cell_subset.label value ['PBMC']: [None]
Processing airr sample P39_I176_S1
Invalid ontology id for label disease_diagnosis.label value ['Healthy/Background']: [None]
Invalid ontology id for label cell_subset.label value ['PBMC']: [None]
Processing airr sample P39_I177_S1
Invalid ontology id for label disease_diagnosis.label value ['Healthy/Background']: [None]
Invalid ontology id for label cell_subset.label value ['PBMC']: [None]
Processing airr sample P39_I178_S1
Invalid ontology id for label disease_diagnosis.label value ['Healthy/Background']: [None]
Invalid ontology id for label cell_subset.label value ['PBMC']: [None]
Processing airr sample P39_I179_S1
Invalid ontology id for label disease_diagnosis.label value ['Healthy/Background']: [None]
Invalid ontology id for label cell_subset.label value ['PBMC']: [None]
Processing airr sample P39_I180_S1
Invalid ontology id for label disease_diagnosis.label value ['Healthy/Background']: [None]
Invalid ontology id for label cell_subset.label value ['PBMC']: [None]
Processing airr sample P39_I181_S1
Invalid ontology id for label disease_diagnosis.label value ['Healthy/Background']: [None]
Invalid ontology id for label cell_subset.label value ['PBMC']: [None]
Processing airr sample P39_I182_S1
Invalid ontology id for label disease_diagnosis.label value ['Healthy/Background']: [None]
Invalid ontology id for label cell_subset.label value ['PBMC']: [None]
Processing airr sample P39_I183_S1
Invalid ontology id for label disease_diagnosis.label value ['Healthy/Background']: [None]
Invalid ontology id for label cell_subset.label value ['PBMC']: [None]
Processing airr sample P39_I184_S1
Invalid ontology id for label disease_diagnosis.label value ['Healthy/Background']: [None]
Invalid ontology id for label cell_subset.label value ['PBMC']: [None]
Processing airr sample P39_I185_S1
Invalid ontology id for label disease_diagnosis.label value ['Healthy/Background']: [None]
Invalid ontology id for label cell_subset.label value ['PBMC']: [None]
Processing airr sample P39_I186_S1
Invalid ontology id for label disease_diagnosis.label value ['Healthy/Background']: [None]
Invalid ontology id for label cell_subset.label value ['PBMC']: [None]
Processing airr sample P39_I187_S1
Invalid ontology id for label disease_diagnosis.label value ['Healthy/Background']: [None]
Invalid ontology id for label cell_subset.label value ['PBMC']: [None]
Processing airr sample P39_I188_S1
Invalid ontology id for label disease_diagnosis.label value ['Healthy/Background']: [None]
Invalid ontology id for label cell_subset.label value ['PBMC']: [None]
Processing airr sample P39_I189_S1
Invalid ontology id for label disease_diagnosis.label value ['Healthy/Background']: [None]
Invalid ontology id for label cell_subset.label value ['PBMC']: [None]
Processing airr sample P39_I190_S1
Invalid ontology id for label disease_diagnosis.label value ['Healthy/Background']: [None]
Invalid ontology id for label cell_subset.label value ['PBMC']: [None]
Processing airr sample P39_I191_S1
Invalid ontology id for label disease_diagnosis.label value ['Healthy/Background']: [None]
Invalid ontology id for label cell_subset.label value ['PBMC']: [None]
Processing airr sample P39_I192_S1
Invalid ontology id for label disease_diagnosis.label value ['Healthy/Background']: [None]
Invalid ontology id for label cell_subset.label value ['PBMC']: [None]
Processing airr sample P39_I193_S1
Invalid ontology id for label disease_diagnosis.label value ['Healthy/Background']: [None]
Invalid ontology id for label cell_subset.label value ['PBMC']: [None]
Processing airr sample P39_I194_S1
Invalid ontology id for label disease_diagnosis.label value ['Healthy/Background']: [None]
Invalid ontology id for label cell_subset.label value ['PBMC']: [None]
Processing airr sample P39_I195_S1
Invalid ontology id for label disease_diagnosis.label value ['Healthy/Background']: [None]
Invalid ontology id for label cell_subset.label value ['PBMC']: [None]
Processing airr sample P39_I196_S1
Invalid ontology id for label disease_diagnosis.label value ['Healthy/Background']: [None]
Invalid ontology id for label cell_subset.label value ['PBMC']: [None]
Processing airr sample P39_I197_S1
Invalid ontology id for label disease_diagnosis.label value ['Healthy/Background']: [None]
Invalid ontology id for label cell_subset.label value ['PBMC']: [None]
Processing airr sample P39_I198_S1
Invalid ontology id for label disease_diagnosis.label value ['Healthy/Background']: [None]
Invalid ontology id for label cell_subset.label value ['PBMC']: [None]
Processing airr sample P39_I199_S1
Invalid ontology id for label disease_diagnosis.label value ['Healthy/Background']: [None]
Invalid ontology id for label cell_subset.label value ['PBMC']: [None]
Processing airr sample P39_I200_S1
Invalid ontology id for label disease_diagnosis.label value ['HIV']: [None]
Invalid ontology id for label cell_subset.label value ['PBMC']: [None]
Processing airr sample P39_I201_S1
Invalid ontology id for label disease_diagnosis.label value ['HIV']: [None]
Invalid ontology id for label cell_subset.label value ['PBMC']: [None]
Processing airr sample P39_I202_S1
Invalid ontology id for label disease_diagnosis.label value ['HIV']: [None]
Invalid ontology id for label cell_subset.label value ['PBMC']: [None]
Processing airr sample P39_I203_S1
Invalid ontology id for label disease_diagnosis.label value ['HIV']: [None]
Invalid ontology id for label cell_subset.label value ['PBMC']: [None]
Processing airr sample P39_I204_S1
Invalid ontology id for label disease_diagnosis.label value ['HIV']: [None]
Invalid ontology id for label cell_subset.label value ['PBMC']: [None]
Processing airr sample P39_I205_S1
Invalid ontology id for label disease_diagnosis.label value ['HIV']: [None]
Invalid ontology id for label cell_subset.label value ['PBMC']: [None]
Processing airr sample P39_I206_S1
Invalid ontology id for label disease_diagnosis.label value ['HIV']: [None]
Invalid ontology id for label cell_subset.label value ['PBMC']: [None]
Processing airr sample P39_I207_S1
Invalid ontology id for label disease_diagnosis.label value ['HIV']: [None]
Invalid ontology id for label cell_subset.label value ['PBMC']: [None]
Processing airr sample P39_I208_S1
Invalid ontology id for label disease_diagnosis.label value ['HIV']: [None]
Invalid ontology id for label cell_subset.label value ['PBMC']: [None]
Processing airr sample P39_I209_S1
Invalid ontology id for label disease_diagnosis.label value ['HIV']: [None]
Invalid ontology id for label cell_subset.label value ['PBMC']: [None]
Processing airr sample P39_I210_S1
Invalid ontology id for label disease_diagnosis.label value ['HIV']: [None]
Invalid ontology id for label cell_subset.label value ['PBMC']: [None]
Processing airr sample P39_I211_S1
Invalid ontology id for label disease_diagnosis.label value ['HIV']: [None]
Invalid ontology id for label cell_subset.label value ['PBMC']: [None]
Processing airr sample P39_I212_S1
Invalid ontology id for label disease_diagnosis.label value ['HIV']: [None]
Invalid ontology id for label cell_subset.label value ['PBMC']: [None]
Processing airr sample P39_I213_S1
Invalid ontology id for label disease_diagnosis.label value ['HIV']: [None]
Invalid ontology id for label cell_subset.label value ['PBMC']: [None]
Processing airr sample P39_I214_S1
Invalid ontology id for label disease_diagnosis.label value ['HIV']: [None]
Invalid ontology id for label cell_subset.label value ['PBMC']: [None]
Processing airr sample P39_I215_S1
Invalid ontology id for label disease_diagnosis.label value ['HIV']: [None]
Invalid ontology id for label cell_subset.label value ['PBMC']: [None]
Processing airr sample P39_I216_S1
Invalid ontology id for label disease_diagnosis.label value ['HIV']: [None]
Invalid ontology id for label cell_subset.label value ['PBMC']: [None]
Processing airr sample P39_I217_S1
Invalid ontology id for label disease_diagnosis.label value ['HIV']: [None]
Invalid ontology id for label cell_subset.label value ['PBMC']: [None]
Processing airr sample P39_I218_S1
Invalid ontology id for label disease_diagnosis.label value ['HIV']: [None]
Invalid ontology id for label cell_subset.label value ['PBMC']: [None]
Processing airr sample P39_I219_S1
Invalid ontology id for label disease_diagnosis.label value ['HIV']: [None]
Invalid ontology id for label cell_subset.label value ['PBMC']: [None]
Processing airr sample P39_I220_S1
Invalid ontology id for label disease_diagnosis.label value ['HIV']: [None]
Invalid ontology id for label cell_subset.label value ['PBMC']: [None]
Processing airr sample P39_I221_S1
Invalid ontology id for label disease_diagnosis.label value ['HIV']: [None]
Invalid ontology id for label cell_subset.label value ['PBMC']: [None]
Processing airr sample P39_I222_S1
Invalid ontology id for label disease_diagnosis.label value ['HIV']: [None]
Invalid ontology id for label cell_subset.label value ['PBMC']: [None]
Processing airr sample P39_I223_S1
Invalid ontology id for label disease_diagnosis.label value ['HIV']: [None]
Invalid ontology id for label cell_subset.label value ['PBMC']: [None]
Processing airr sample P39_I224_S1
Invalid ontology id for label disease_diagnosis.label value ['HIV']: [None]
Invalid ontology id for label cell_subset.label value ['PBMC']: [None]
Processing airr sample P39_I225_S1
Invalid ontology id for label disease_diagnosis.label value ['HIV']: [None]
Invalid ontology id for label cell_subset.label value ['PBMC']: [None]
Processing airr sample P39_I226_S1
Invalid ontology id for label disease_diagnosis.label value ['HIV']: [None]
Invalid ontology id for label cell_subset.label value ['PBMC']: [None]
Processing airr sample P39_I227_S1
Invalid ontology id for label disease_diagnosis.label value ['HIV']: [None]
Invalid ontology id for label cell_subset.label value ['PBMC']: [None]
Processing airr sample P39_I228_S1
Invalid ontology id for label disease_diagnosis.label value ['HIV']: [None]
Invalid ontology id for label cell_subset.label value ['PBMC']: [None]
Processing airr sample P39_I229_S1
Invalid ontology id for label disease_diagnosis.label value ['HIV']: [None]
Invalid ontology id for label cell_subset.label value ['PBMC']: [None]
Processing airr sample P39_I230_S1
Invalid ontology id for label disease_diagnosis.label value ['HIV']: [None]
Invalid ontology id for label cell_subset.label value ['PBMC']: [None]
Processing airr sample P39_I231_S1
Invalid ontology id for label disease_diagnosis.label value ['HIV']: [None]
Invalid ontology id for label cell_subset.label value ['PBMC']: [None]
Processing airr sample P39_I232_S1
Invalid ontology id for label disease_diagnosis.label value ['HIV']: [None]
Invalid ontology id for label cell_subset.label value ['PBMC']: [None]
Processing airr sample P39_I233_S1
Invalid ontology id for label disease_diagnosis.label value ['HIV']: [None]
Invalid ontology id for label cell_subset.label value ['PBMC']: [None]
Processing airr sample P39_I234_S1
Invalid ontology id for label disease_diagnosis.label value ['HIV']: [None]
Invalid ontology id for label cell_subset.label value ['PBMC']: [None]
Processing airr sample P39_I235_S1
Invalid ontology id for label disease_diagnosis.label value ['HIV']: [None]
Invalid ontology id for label cell_subset.label value ['PBMC']: [None]
Processing airr sample P39_I236_S1
Invalid ontology id for label disease_diagnosis.label value ['HIV']: [None]
Invalid ontology id for label cell_subset.label value ['PBMC']: [None]
Processing airr sample P39_I237_S1
Invalid ontology id for label disease_diagnosis.label value ['HIV']: [None]
Invalid ontology id for label cell_subset.label value ['PBMC']: [None]
Processing airr sample P39_I238_S1
Invalid ontology id for label disease_diagnosis.label value ['HIV']: [None]
Invalid ontology id for label cell_subset.label value ['PBMC']: [None]
Processing airr sample P39_I239_S1
Invalid ontology id for label disease_diagnosis.label value ['HIV']: [None]
Invalid ontology id for label cell_subset.label value ['PBMC']: [None]
Processing airr sample P39_I240_S1
Invalid ontology id for label disease_diagnosis.label value ['HIV']: [None]
Invalid ontology id for label cell_subset.label value ['PBMC']: [None]
Processing airr sample P39_I241_S1
Invalid ontology id for label disease_diagnosis.label value ['Covid19']: [None]
Invalid ontology id for label cell_subset.label value ['PBMC']: [None]
Error combining value in attribute collection_time_point_relative: cannot coerce to number
Processing airr sample P39_I242_S1
Invalid ontology id for label disease_diagnosis.label value ['Covid19']: [None]
Invalid ontology id for label cell_subset.label value ['PBMC']: [None]
Error combining value in attribute collection_time_point_relative: cannot coerce to number
Processing airr sample P39_I243_S1
Invalid ontology id for label disease_diagnosis.label value ['Covid19']: [None]
Invalid ontology id for label cell_subset.label value ['PBMC']: [None]
Error combining value in attribute collection_time_point_relative: cannot coerce to number
Processing airr sample P39_I244_S1
Invalid ontology id for label disease_diagnosis.label value ['Covid19']: [None]
Invalid ontology id for label cell_subset.label value ['PBMC']: [None]
Error combining value in attribute collection_time_point_relative: cannot coerce to number
Processing airr sample P39_I245_S1
Invalid ontology id for label disease_diagnosis.label value ['Covid19']: [None]
Invalid ontology id for label cell_subset.label value ['PBMC']: [None]
Error combining value in attribute collection_time_point_relative: cannot coerce to number
Processing airr sample P39_I246_S1
Invalid ontology id for label disease_diagnosis.label value ['Covid19']: [None]
Invalid ontology id for label cell_subset.label value ['PBMC']: [None]
Error combining value in attribute collection_time_point_relative: cannot coerce to number
Processing airr sample P39_I247_S1
Invalid ontology id for label disease_diagnosis.label value ['Covid19']: [None]
Invalid ontology id for label cell_subset.label value ['PBMC']: [None]
Error combining value in attribute collection_time_point_relative: cannot coerce to number
Processing airr sample P39_I248_S1
Invalid ontology id for label disease_diagnosis.label value ['Covid19']: [None]
Invalid ontology id for label cell_subset.label value ['PBMC']: [None]
Error combining value in attribute collection_time_point_relative: cannot coerce to number
Processing airr sample P39_I249_S1
Invalid ontology id for label disease_diagnosis.label value ['Covid19']: [None]
Invalid ontology id for label cell_subset.label value ['PBMC']: [None]
Error combining value in attribute collection_time_point_relative: cannot coerce to number
Processing airr sample P39_I250_S1
Invalid ontology id for label disease_diagnosis.label value ['Covid19']: [None]
Invalid ontology id for label cell_subset.label value ['PBMC']: [None]
Error combining value in attribute collection_time_point_relative: cannot coerce to number
Processing airr sample P39_I251_S1
Invalid ontology id for label disease_diagnosis.label value ['Covid19']: [None]
Invalid ontology id for label cell_subset.label value ['PBMC']: [None]
Error combining value in attribute collection_time_point_relative: cannot coerce to number
Processing airr sample P39_I252_S1
Invalid ontology id for label disease_diagnosis.label value ['Covid19']: [None]
Invalid ontology id for label cell_subset.label value ['PBMC']: [None]
Error combining value in attribute collection_time_point_relative: cannot coerce to number
Processing airr sample P39_I253_S1
Invalid ontology id for label disease_diagnosis.label value ['Covid19']: [None]
Invalid ontology id for label cell_subset.label value ['PBMC']: [None]
Error combining value in attribute collection_time_point_relative: cannot coerce to number
Processing airr sample P39_I254_S1
Invalid ontology id for label disease_diagnosis.label value ['Covid19']: [None]
Invalid ontology id for label cell_subset.label value ['PBMC']: [None]
Error combining value in attribute collection_time_point_relative: cannot coerce to number
Processing airr sample P39_I255_S1
Invalid ontology id for label disease_diagnosis.label value ['Covid19']: [None]
Invalid ontology id for label cell_subset.label value ['PBMC']: [None]
Error combining value in attribute collection_time_point_relative: cannot coerce to number
Processing airr sample P39_I256_S1
Invalid ontology id for label disease_diagnosis.label value ['Covid19']: [None]
Invalid ontology id for label cell_subset.label value ['PBMC']: [None]
Error combining value in attribute collection_time_point_relative: cannot coerce to number
Processing airr sample P39_I257_S1
Invalid ontology id for label disease_diagnosis.label value ['Covid19']: [None]
Invalid ontology id for label cell_subset.label value ['PBMC']: [None]
Error combining value in attribute collection_time_point_relative: cannot coerce to number
Processing airr sample P39_I258_S1
Invalid ontology id for label disease_diagnosis.label value ['Covid19']: [None]
Invalid ontology id for label cell_subset.label value ['PBMC']: [None]
Error combining value in attribute collection_time_point_relative: cannot coerce to number
Processing airr sample P39_I259_S1
Invalid ontology id for label disease_diagnosis.label value ['Covid19']: [None]
Invalid ontology id for label cell_subset.label value ['PBMC']: [None]
Error combining value in attribute collection_time_point_relative: cannot coerce to number
Processing airr sample P39_I260_S1
Invalid ontology id for label disease_diagnosis.label value ['Covid19']: [None]
Invalid ontology id for label cell_subset.label value ['PBMC']: [None]
Error combining value in attribute collection_time_point_relative: cannot coerce to number
Processing airr sample P39_I261_S1
Invalid ontology id for label disease_diagnosis.label value ['Covid19']: [None]
Invalid ontology id for label cell_subset.label value ['PBMC']: [None]
Error combining value in attribute collection_time_point_relative: cannot coerce to number
Processing airr sample P39_I262_S1
Invalid ontology id for label disease_diagnosis.label value ['Covid19']: [None]
Invalid ontology id for label cell_subset.label value ['PBMC']: [None]
Error combining value in attribute collection_time_point_relative: cannot coerce to number
Processing airr sample P39_I263_S1
Invalid ontology id for label disease_diagnosis.label value ['Covid19']: [None]
Invalid ontology id for label cell_subset.label value ['PBMC']: [None]
Error combining value in attribute collection_time_point_relative: cannot coerce to number
Processing airr sample P39_I264_S1
Invalid ontology id for label disease_diagnosis.label value ['Covid19']: [None]
Invalid ontology id for label cell_subset.label value ['PBMC']: [None]
Error combining value in attribute collection_time_point_relative: cannot coerce to number
Processing airr sample P39_I265_S1
Invalid ontology id for label disease_diagnosis.label value ['Covid19']: [None]
Invalid ontology id for label cell_subset.label value ['PBMC']: [None]
Error combining value in attribute collection_time_point_relative: cannot coerce to number
Processing airr sample P39_I266_S1
Invalid ontology id for label disease_diagnosis.label value ['Covid19']: [None]
Invalid ontology id for label cell_subset.label value ['PBMC']: [None]
Error combining value in attribute collection_time_point_relative: cannot coerce to number
Processing airr sample P39_I267_S1
Invalid ontology id for label disease_diagnosis.label value ['Covid19']: [None]
Invalid ontology id for label cell_subset.label value ['PBMC']: [None]
Error combining value in attribute collection_time_point_relative: cannot coerce to number
Processing airr sample P39_I268_S1
Invalid ontology id for label disease_diagnosis.label value ['Covid19']: [None]
Invalid ontology id for label cell_subset.label value ['PBMC']: [None]
Error combining value in attribute collection_time_point_relative: cannot coerce to number
Processing airr sample P39_I269_S1
Invalid ontology id for label disease_diagnosis.label value ['Covid19']: [None]
Invalid ontology id for label cell_subset.label value ['PBMC']: [None]
Error combining value in attribute collection_time_point_relative: cannot coerce to number
Processing airr sample P39_I270_S1
Invalid ontology id for label disease_diagnosis.label value ['Covid19']: [None]
Invalid ontology id for label cell_subset.label value ['PBMC']: [None]
Error combining value in attribute collection_time_point_relative: cannot coerce to number
Processing airr sample P39_I271_S1
Invalid ontology id for label disease_diagnosis.label value ['Covid19']: [None]
Invalid ontology id for label cell_subset.label value ['PBMC']: [None]
Error combining value in attribute collection_time_point_relative: cannot coerce to number
Processing airr sample P39_I272_S1
Invalid ontology id for label disease_diagnosis.label value ['Covid19']: [None]
Invalid ontology id for label cell_subset.label value ['PBMC']: [None]
Error combining value in attribute collection_time_point_relative: cannot coerce to number
Processing airr sample P39_I273_S1
Invalid ontology id for label disease_diagnosis.label value ['Covid19']: [None]
Invalid ontology id for label cell_subset.label value ['PBMC']: [None]
Error combining value in attribute collection_time_point_relative: cannot coerce to number
Processing airr sample P39_I274_S1
Invalid ontology id for label disease_diagnosis.label value ['Covid19']: [None]
Invalid ontology id for label cell_subset.label value ['PBMC']: [None]
Error combining value in attribute collection_time_point_relative: cannot coerce to number
Processing airr sample P39_I275_S1
Invalid ontology id for label disease_diagnosis.label value ['Covid19']: [None]
Invalid ontology id for label cell_subset.label value ['PBMC']: [None]
Error combining value in attribute collection_time_point_relative: cannot coerce to number
Processing airr sample P39_I276_S1
Invalid ontology id for label disease_diagnosis.label value ['Covid19']: [None]
Invalid ontology id for label cell_subset.label value ['PBMC']: [None]
Error combining value in attribute collection_time_point_relative: cannot coerce to number
Processing airr sample P39_I277_S1
Invalid ontology id for label disease_diagnosis.label value ['Covid19']: [None]
Invalid ontology id for label cell_subset.label value ['PBMC']: [None]
Error combining value in attribute collection_time_point_relative: cannot coerce to number
Processing airr sample P39_I278_S1
Invalid ontology id for label disease_diagnosis.label value ['Covid19']: [None]
Invalid ontology id for label cell_subset.label value ['PBMC']: [None]
Error combining value in attribute collection_time_point_relative: cannot coerce to number
Processing airr sample P39_I279_S1
Invalid ontology id for label disease_diagnosis.label value ['Covid19']: [None]
Invalid ontology id for label cell_subset.label value ['PBMC']: [None]
Error combining value in attribute collection_time_point_relative: cannot coerce to number
Processing airr sample P39_I280_S1
Invalid ontology id for label disease_diagnosis.label value ['Covid19']: [None]
Invalid ontology id for label cell_subset.label value ['PBMC']: [None]
Error combining value in attribute collection_time_point_relative: cannot coerce to number
Processing airr sample P39_I281_S1
Invalid ontology id for label disease_diagnosis.label value ['Covid19']: [None]
Invalid ontology id for label cell_subset.label value ['PBMC']: [None]
Error combining value in attribute collection_time_point_relative: cannot coerce to number
Processing airr sample P39_I282_S1
Invalid ontology id for label disease_diagnosis.label value ['Covid19']: [None]
Invalid ontology id for label cell_subset.label value ['PBMC']: [None]
Error combining value in attribute collection_time_point_relative: cannot coerce to number
Processing airr sample P39_I283_S1
Invalid ontology id for label disease_diagnosis.label value ['Covid19']: [None]
Invalid ontology id for label cell_subset.label value ['PBMC']: [None]
Error combining value in attribute collection_time_point_relative: cannot coerce to number
Processing airr sample P39_I284_S1
Invalid ontology id for label disease_diagnosis.label value ['Covid19']: [None]
Invalid ontology id for label cell_subset.label value ['PBMC']: [None]
Error combining value in attribute collection_time_point_relative: cannot coerce to number
Processing airr sample P39_I285_S1
Invalid ontology id for label disease_diagnosis.label value ['Covid19']: [None]
Invalid ontology id for label cell_subset.label value ['PBMC']: [None]
Error combining value in attribute collection_time_point_relative: cannot coerce to number
Processing airr sample P39_I286_S1
Invalid ontology id for label disease_diagnosis.label value ['Covid19']: [None]
Invalid ontology id for label cell_subset.label value ['PBMC']: [None]
Error combining value in attribute collection_time_point_relative: cannot coerce to number
Processing airr sample P39_I287_S1
Invalid ontology id for label disease_diagnosis.label value ['Covid19']: [None]
Invalid ontology id for label cell_subset.label value ['PBMC']: [None]
Error combining value in attribute collection_time_point_relative: cannot coerce to number
Processing airr sample P39_I288_S1
Invalid ontology id for label disease_diagnosis.label value ['Covid19']: [None]
Invalid ontology id for label cell_subset.label value ['PBMC']: [None]
Error combining value in attribute collection_time_point_relative: cannot coerce to number
Processing airr sample P39_I289_S1
Invalid ontology id for label disease_diagnosis.label value ['Covid19']: [None]
Invalid ontology id for label cell_subset.label value ['PBMC']: [None]
Error combining value in attribute collection_time_point_relative: cannot coerce to number
Processing airr sample P39_I290_S1
Invalid ontology id for label disease_diagnosis.label value ['Covid19']: [None]
Invalid ontology id for label cell_subset.label value ['PBMC']: [None]
Error combining value in attribute collection_time_point_relative: cannot coerce to number
Processing airr sample P39_I291_S1
Invalid ontology id for label disease_diagnosis.label value ['Covid19']: [None]
Invalid ontology id for label cell_subset.label value ['PBMC']: [None]
Error combining value in attribute collection_time_point_relative: cannot coerce to number
Processing airr sample P39_I292_S1
Invalid ontology id for label disease_diagnosis.label value ['Covid19']: [None]
Invalid ontology id for label cell_subset.label value ['PBMC']: [None]
Error combining value in attribute collection_time_point_relative: cannot coerce to number
Processing airr sample P39_I293_S1
Invalid ontology id for label disease_diagnosis.label value ['Covid19']: [None]
Invalid ontology id for label cell_subset.label value ['PBMC']: [None]
Error combining value in attribute collection_time_point_relative: cannot coerce to number
Processing airr sample P39_I294_S1
Invalid ontology id for label disease_diagnosis.label value ['Covid19']: [None]
Invalid ontology id for label cell_subset.label value ['PBMC']: [None]
Error combining value in attribute collection_time_point_relative: cannot coerce to number
Processing airr sample P39_I295_S1
Invalid ontology id for label disease_diagnosis.label value ['Covid19']: [None]
Invalid ontology id for label cell_subset.label value ['PBMC']: [None]
Error combining value in attribute collection_time_point_relative: cannot coerce to number
Processing airr sample P39_I296_S1
Invalid ontology id for label disease_diagnosis.label value ['Covid19']: [None]
Invalid ontology id for label cell_subset.label value ['PBMC']: [None]
Error combining value in attribute collection_time_point_relative: cannot coerce to number
Processing airr sample P39_I297_S1
Invalid ontology id for label disease_diagnosis.label value ['Covid19']: [None]
Invalid ontology id for label cell_subset.label value ['PBMC']: [None]
Error combining value in attribute collection_time_point_relative: cannot coerce to number
Processing airr sample P39_I298_S1
Invalid ontology id for label disease_diagnosis.label value ['Covid19']: [None]
Invalid ontology id for label cell_subset.label value ['PBMC']: [None]
Error combining value in attribute collection_time_point_relative: cannot coerce to number
Processing airr sample P39_I299_S1
Invalid ontology id for label disease_diagnosis.label value ['Lupus']: [None]
Invalid ontology id for label cell_subset.label value ['PBMC']: [None]
Error combining value in attribute collection_time_point_relative: cannot coerce to number
Processing airr sample P39_I300_S1
Invalid ontology id for label disease_diagnosis.label value ['Lupus']: [None]
Invalid ontology id for label cell_subset.label value ['PBMC']: [None]
Error combining value in attribute collection_time_point_relative: cannot coerce to number
Processing airr sample P39_I301_S1
Invalid ontology id for label disease_diagnosis.label value ['Lupus']: [None]
Invalid ontology id for label cell_subset.label value ['PBMC']: [None]
Error combining value in attribute collection_time_point_relative: cannot coerce to number
Processing airr sample P39_I302_S1
Invalid ontology id for label disease_diagnosis.label value ['Lupus']: [None]
Invalid ontology id for label cell_subset.label value ['PBMC']: [None]
Error combining value in attribute collection_time_point_relative: cannot coerce to number
Processing airr sample P39_I303_S1
Invalid ontology id for label disease_diagnosis.label value ['Lupus']: [None]
Invalid ontology id for label cell_subset.label value ['PBMC']: [None]
Error combining value in attribute collection_time_point_relative: cannot coerce to number
Processing airr sample P39_I304_S1
Invalid ontology id for label disease_diagnosis.label value ['Lupus']: [None]
Invalid ontology id for label cell_subset.label value ['PBMC']: [None]
Error combining value in attribute collection_time_point_relative: cannot coerce to number
Processing airr sample P39_I305_S1
Invalid ontology id for label disease_diagnosis.label value ['Lupus']: [None]
Invalid ontology id for label cell_subset.label value ['PBMC']: [None]
Error combining value in attribute collection_time_point_relative: cannot coerce to number
Processing airr sample P39_I306_S1
Invalid ontology id for label disease_diagnosis.label value ['Lupus']: [None]
Invalid ontology id for label cell_subset.label value ['PBMC']: [None]
Error combining value in attribute collection_time_point_relative: cannot coerce to number
Processing airr sample P39_I307_S1
Invalid ontology id for label disease_diagnosis.label value ['Lupus']: [None]
Invalid ontology id for label cell_subset.label value ['PBMC']: [None]
Error combining value in attribute collection_time_point_relative: cannot coerce to number
Processing airr sample P39_I308_S1
Invalid ontology id for label disease_diagnosis.label value ['Lupus']: [None]
Invalid ontology id for label cell_subset.label value ['PBMC']: [None]
Error combining value in attribute collection_time_point_relative: cannot coerce to number
Processing airr sample P39_I309_S1
Invalid ontology id for label disease_diagnosis.label value ['Lupus']: [None]
Invalid ontology id for label cell_subset.label value ['PBMC']: [None]
Error combining value in attribute collection_time_point_relative: cannot coerce to number
Processing airr sample P39_I310_S1
Invalid ontology id for label disease_diagnosis.label value ['Lupus']: [None]
Invalid ontology id for label cell_subset.label value ['PBMC']: [None]
Error combining value in attribute collection_time_point_relative: cannot coerce to number
Processing airr sample P39_I311_S1
Invalid ontology id for label disease_diagnosis.label value ['Lupus']: [None]
Invalid ontology id for label cell_subset.label value ['PBMC']: [None]
Error combining value in attribute collection_time_point_relative: cannot coerce to number
Processing airr sample P39_I312_S1
Invalid ontology id for label disease_diagnosis.label value ['Lupus']: [None]
Invalid ontology id for label cell_subset.label value ['PBMC']: [None]
Error combining value in attribute collection_time_point_relative: cannot coerce to number
Processing airr sample P39_I313_S1
Invalid ontology id for label disease_diagnosis.label value ['Lupus']: [None]
Invalid ontology id for label cell_subset.label value ['PBMC']: [None]
Error combining value in attribute collection_time_point_relative: cannot coerce to number
Processing airr sample P39_I314_S1
Invalid ontology id for label disease_diagnosis.label value ['Lupus']: [None]
Invalid ontology id for label cell_subset.label value ['PBMC']: [None]
Error combining value in attribute collection_time_point_relative: cannot coerce to number
Processing airr sample P39_I315_S1
Invalid ontology id for label disease_diagnosis.label value ['Lupus']: [None]
Invalid ontology id for label cell_subset.label value ['PBMC']: [None]
Error combining value in attribute collection_time_point_relative: cannot coerce to number
Processing airr sample P39_I316_S1
Invalid ontology id for label disease_diagnosis.label value ['Lupus']: [None]
Invalid ontology id for label cell_subset.label value ['PBMC']: [None]
Error combining value in attribute collection_time_point_relative: cannot coerce to number
Processing airr sample P39_I317_S1
Invalid ontology id for label disease_diagnosis.label value ['Lupus']: [None]
Invalid ontology id for label cell_subset.label value ['PBMC']: [None]
Error combining value in attribute collection_time_point_relative: cannot coerce to number
Processing airr sample P39_I318_S1
Invalid ontology id for label disease_diagnosis.label value ['Lupus']: [None]
Invalid ontology id for label cell_subset.label value ['PBMC']: [None]
Error combining value in attribute collection_time_point_relative: cannot coerce to number
Processing airr sample P39_I319_S1
Invalid ontology id for label disease_diagnosis.label value ['Lupus']: [None]
Invalid ontology id for label cell_subset.label value ['PBMC']: [None]
Error combining value in attribute collection_time_point_relative: cannot coerce to number
Processing airr sample P39_I320_S1
Invalid ontology id for label disease_diagnosis.label value ['Lupus']: [None]
Invalid ontology id for label cell_subset.label value ['PBMC']: [None]
Error combining value in attribute collection_time_point_relative: cannot coerce to number
Processing airr sample P39_I321_S1
Invalid ontology id for label disease_diagnosis.label value ['Lupus']: [None]
Invalid ontology id for label cell_subset.label value ['PBMC']: [None]
Error combining value in attribute collection_time_point_relative: cannot coerce to number
Processing airr sample P39_I322_S1
Invalid ontology id for label disease_diagnosis.label value ['Lupus']: [None]
Invalid ontology id for label cell_subset.label value ['PBMC']: [None]
Error combining value in attribute collection_time_point_relative: cannot coerce to number
Processing airr sample P39_I323_S1
Invalid ontology id for label disease_diagnosis.label value ['Lupus']: [None]
Invalid ontology id for label cell_subset.label value ['PBMC']: [None]
Error combining value in attribute collection_time_point_relative: cannot coerce to number
Processing airr sample P39_I324_S1
Invalid ontology id for label disease_diagnosis.label value ['Lupus']: [None]
Invalid ontology id for label cell_subset.label value ['PBMC']: [None]
Error combining value in attribute collection_time_point_relative: cannot coerce to number
Processing airr sample P39_I325_S1
Invalid ontology id for label disease_diagnosis.label value ['Lupus']: [None]
Invalid ontology id for label cell_subset.label value ['PBMC']: [None]
Error combining value in attribute collection_time_point_relative: cannot coerce to number
Processing airr sample P39_I326_S1
Invalid ontology id for label disease_diagnosis.label value ['Lupus']: [None]
Invalid ontology id for label cell_subset.label value ['PBMC']: [None]
Error combining value in attribute collection_time_point_relative: cannot coerce to number
Processing airr sample P39_I327_S1
Invalid ontology id for label disease_diagnosis.label value ['Lupus']: [None]
Invalid ontology id for label cell_subset.label value ['PBMC']: [None]
Error combining value in attribute collection_time_point_relative: cannot coerce to number
Processing airr sample P39_I328_S1
Invalid ontology id for label disease_diagnosis.label value ['Lupus']: [None]
Invalid ontology id for label cell_subset.label value ['PBMC']: [None]
Error combining value in attribute collection_time_point_relative: cannot coerce to number
Processing airr sample P39_I329_S1
Invalid ontology id for label disease_diagnosis.label value ['Lupus']: [None]
Invalid ontology id for label cell_subset.label value ['PBMC']: [None]
Error combining value in attribute collection_time_point_relative: cannot coerce to number
Processing airr sample P39_I330_S1
Invalid ontology id for label disease_diagnosis.label value ['Lupus']: [None]
Invalid ontology id for label cell_subset.label value ['PBMC']: [None]
Error combining value in attribute collection_time_point_relative: cannot coerce to number
Processing airr sample P39_I331_S1
Invalid ontology id for label disease_diagnosis.label value ['Lupus']: [None]
Invalid ontology id for label cell_subset.label value ['PBMC']: [None]
Error combining value in attribute collection_time_point_relative: cannot coerce to number
Processing airr sample P39_I332_S1
Invalid ontology id for label disease_diagnosis.label value ['Lupus']: [None]
Invalid ontology id for label cell_subset.label value ['PBMC']: [None]
Error combining value in attribute collection_time_point_relative: cannot coerce to number
Processing airr sample P39_I333_S1
Invalid ontology id for label disease_diagnosis.label value ['Lupus']: [None]
Invalid ontology id for label cell_subset.label value ['PBMC']: [None]
Error combining value in attribute collection_time_point_relative: cannot coerce to number
Processing airr sample P39_I334_S1
Invalid ontology id for label disease_diagnosis.label value ['Lupus']: [None]
Invalid ontology id for label cell_subset.label value ['PBMC']: [None]
Error combining value in attribute collection_time_point_relative: cannot coerce to number
Processing airr sample P39_I335_S1
Invalid ontology id for label disease_diagnosis.label value ['Lupus']: [None]
Invalid ontology id for label cell_subset.label value ['PBMC']: [None]
Error combining value in attribute collection_time_point_relative: cannot coerce to number
Processing airr sample P39_I336_S1
Invalid ontology id for label disease_diagnosis.label value ['Lupus']: [None]
Invalid ontology id for label cell_subset.label value ['PBMC']: [None]
Error combining value in attribute collection_time_point_relative: cannot coerce to number
Processing airr sample P39_I337_S1
Invalid ontology id for label disease_diagnosis.label value ['Lupus']: [None]
Invalid ontology id for label cell_subset.label value ['PBMC']: [None]
Error combining value in attribute collection_time_point_relative: cannot coerce to number
Processing airr sample P39_I338_S1
Invalid ontology id for label disease_diagnosis.label value ['Lupus']: [None]
Invalid ontology id for label cell_subset.label value ['PBMC']: [None]
Error combining value in attribute collection_time_point_relative: cannot coerce to number
Processing airr sample P39_I339_S1
Invalid ontology id for label disease_diagnosis.label value ['Lupus']: [None]
Invalid ontology id for label cell_subset.label value ['PBMC']: [None]
Error combining value in attribute collection_time_point_relative: cannot coerce to number
Processing airr sample P39_I340_S1
Invalid ontology id for label disease_diagnosis.label value ['Lupus']: [None]
Invalid ontology id for label cell_subset.label value ['PBMC']: [None]
Error combining value in attribute collection_time_point_relative: cannot coerce to number
Processing airr sample P39_I341_S1
Invalid ontology id for label disease_diagnosis.label value ['Lupus']: [None]
Invalid ontology id for label cell_subset.label value ['PBMC']: [None]
Error combining value in attribute collection_time_point_relative: cannot coerce to number
Processing airr sample P39_I342_S1
Invalid ontology id for label disease_diagnosis.label value ['Influenza']: [None]
Invalid ontology id for label cell_subset.label value ['PBMC']: [None]
Error combining value in attribute collection_time_point_relative: cannot coerce to number
Processing airr sample P39_I343_S1
Invalid ontology id for label disease_diagnosis.label value ['Influenza']: [None]
Invalid ontology id for label cell_subset.label value ['PBMC']: [None]
Error combining value in attribute collection_time_point_relative: cannot coerce to number
Processing airr sample P39_I344_S1
Invalid ontology id for label disease_diagnosis.label value ['Influenza']: [None]
Invalid ontology id for label cell_subset.label value ['PBMC']: [None]
Error combining value in attribute collection_time_point_relative: cannot coerce to number
Processing airr sample P39_I345_S1
Invalid ontology id for label disease_diagnosis.label value ['Influenza']: [None]
Invalid ontology id for label cell_subset.label value ['PBMC']: [None]
Error combining value in attribute collection_time_point_relative: cannot coerce to number
Processing airr sample P39_I346_S1
Invalid ontology id for label disease_diagnosis.label value ['Influenza']: [None]
Invalid ontology id for label cell_subset.label value ['PBMC']: [None]
Error combining value in attribute collection_time_point_relative: cannot coerce to number
Processing airr sample P39_I347_S1
Invalid ontology id for label disease_diagnosis.label value ['Influenza']: [None]
Invalid ontology id for label cell_subset.label value ['PBMC']: [None]
Error combining value in attribute collection_time_point_relative: cannot coerce to number
Processing airr sample P39_I348_S1
Invalid ontology id for label disease_diagnosis.label value ['Influenza']: [None]
Invalid ontology id for label cell_subset.label value ['PBMC']: [None]
Error combining value in attribute collection_time_point_relative: cannot coerce to number
Processing airr sample P39_I349_S1
Invalid ontology id for label disease_diagnosis.label value ['Influenza']: [None]
Invalid ontology id for label cell_subset.label value ['PBMC']: [None]
Error combining value in attribute collection_time_point_relative: cannot coerce to number
Processing airr sample P39_I350_S1
Invalid ontology id for label disease_diagnosis.label value ['Influenza']: [None]
Invalid ontology id for label cell_subset.label value ['PBMC']: [None]
Error combining value in attribute collection_time_point_relative: cannot coerce to number
Processing airr sample P39_I351_S1
Invalid ontology id for label disease_diagnosis.label value ['Influenza']: [None]
Invalid ontology id for label cell_subset.label value ['PBMC']: [None]
Error combining value in attribute collection_time_point_relative: cannot coerce to number
Processing airr sample P39_I352_S1
Invalid ontology id for label disease_diagnosis.label value ['Influenza']: [None]
Invalid ontology id for label cell_subset.label value ['PBMC']: [None]
Error combining value in attribute collection_time_point_relative: cannot coerce to number
Processing airr sample P39_I353_S1
Invalid ontology id for label disease_diagnosis.label value ['Influenza']: [None]
Invalid ontology id for label cell_subset.label value ['PBMC']: [None]
Error combining value in attribute collection_time_point_relative: cannot coerce to number
Processing airr sample P39_I354_S1
Invalid ontology id for label disease_diagnosis.label value ['Influenza']: [None]
Invalid ontology id for label cell_subset.label value ['PBMC']: [None]
Error combining value in attribute collection_time_point_relative: cannot coerce to number
Processing airr sample P39_I355_S1
Invalid ontology id for label disease_diagnosis.label value ['Influenza']: [None]
Invalid ontology id for label cell_subset.label value ['PBMC']: [None]
Error combining value in attribute collection_time_point_relative: cannot coerce to number
Processing airr sample P39_I356_S1
Invalid ontology id for label disease_diagnosis.label value ['Influenza']: [None]
Invalid ontology id for label cell_subset.label value ['PBMC']: [None]
Error combining value in attribute collection_time_point_relative: cannot coerce to number
Processing airr sample P39_I357_S1
Invalid ontology id for label disease_diagnosis.label value ['Influenza']: [None]
Invalid ontology id for label cell_subset.label value ['PBMC']: [None]
Error combining value in attribute collection_time_point_relative: cannot coerce to number
Processing airr sample P39_I358_S1
Invalid ontology id for label disease_diagnosis.label value ['Influenza']: [None]
Invalid ontology id for label cell_subset.label value ['PBMC']: [None]
Error combining value in attribute collection_time_point_relative: cannot coerce to number
Processing airr sample P39_I359_S1
Invalid ontology id for label disease_diagnosis.label value ['Influenza']: [None]
Invalid ontology id for label cell_subset.label value ['PBMC']: [None]
Error combining value in attribute collection_time_point_relative: cannot coerce to number
Processing airr sample P39_I360_S1
Invalid ontology id for label disease_diagnosis.label value ['Influenza']: [None]
Invalid ontology id for label cell_subset.label value ['PBMC']: [None]
Error combining value in attribute collection_time_point_relative: cannot coerce to number
Processing airr sample P39_I361_S1
Invalid ontology id for label disease_diagnosis.label value ['Influenza']: [None]
Invalid ontology id for label cell_subset.label value ['PBMC']: [None]
Error combining value in attribute collection_time_point_relative: cannot coerce to number
Processing airr sample P39_I362_S1
Invalid ontology id for label disease_diagnosis.label value ['Influenza']: [None]
Invalid ontology id for label cell_subset.label value ['PBMC']: [None]
Error combining value in attribute collection_time_point_relative: cannot coerce to number
Processing airr sample P39_I363_S1
Invalid ontology id for label disease_diagnosis.label value ['Influenza']: [None]
Invalid ontology id for label cell_subset.label value ['PBMC']: [None]
Error combining value in attribute collection_time_point_relative: cannot coerce to number
Processing airr sample P39_I364_S1
Invalid ontology id for label disease_diagnosis.label value ['Influenza']: [None]
Invalid ontology id for label cell_subset.label value ['PBMC']: [None]
Error combining value in attribute collection_time_point_relative: cannot coerce to number
Processing airr sample P39_I365_S1
Invalid ontology id for label disease_diagnosis.label value ['Influenza']: [None]
Invalid ontology id for label cell_subset.label value ['PBMC']: [None]
Error combining value in attribute collection_time_point_relative: cannot coerce to number
Processing airr sample P39_I366_S1
Invalid ontology id for label disease_diagnosis.label value ['Influenza']: [None]
Invalid ontology id for label cell_subset.label value ['PBMC']: [None]
Error combining value in attribute collection_time_point_relative: cannot coerce to number
Processing airr sample P39_I367_S1
Invalid ontology id for label disease_diagnosis.label value ['Influenza']: [None]
Invalid ontology id for label cell_subset.label value ['PBMC']: [None]
Error combining value in attribute collection_time_point_relative: cannot coerce to number
Processing airr sample P39_I368_S1
Invalid ontology id for label disease_diagnosis.label value ['Influenza']: [None]
Invalid ontology id for label cell_subset.label value ['PBMC']: [None]
Error combining value in attribute collection_time_point_relative: cannot coerce to number
Processing airr sample P39_I369_S1
Invalid ontology id for label disease_diagnosis.label value ['Influenza']: [None]
Invalid ontology id for label cell_subset.label value ['PBMC']: [None]
Error combining value in attribute collection_time_point_relative: cannot coerce to number
Processing airr sample P39_I370_S1
Invalid ontology id for label disease_diagnosis.label value ['Influenza']: [None]
Invalid ontology id for label cell_subset.label value ['PBMC']: [None]
Error combining value in attribute collection_time_point_relative: cannot coerce to number
Processing airr sample P39_I371_S1
Invalid ontology id for label disease_diagnosis.label value ['Influenza']: [None]
Invalid ontology id for label cell_subset.label value ['PBMC']: [None]
Error combining value in attribute collection_time_point_relative: cannot coerce to number
Processing airr sample P39_I372_S1
Invalid ontology id for label disease_diagnosis.label value ['Influenza']: [None]
Invalid ontology id for label cell_subset.label value ['PBMC']: [None]
Error combining value in attribute collection_time_point_relative: cannot coerce to number
Processing airr sample P39_I373_S1
Invalid ontology id for label disease_diagnosis.label value ['Influenza']: [None]
Invalid ontology id for label cell_subset.label value ['PBMC']: [None]
Error combining value in attribute collection_time_point_relative: cannot coerce to number
Processing airr sample P39_I374_S1
Invalid ontology id for label disease_diagnosis.label value ['Influenza']: [None]
Invalid ontology id for label cell_subset.label value ['PBMC']: [None]
Error combining value in attribute collection_time_point_relative: cannot coerce to number
Processing airr sample P39_I375_S1
Invalid ontology id for label disease_diagnosis.label value ['Influenza']: [None]
Invalid ontology id for label cell_subset.label value ['PBMC']: [None]
Error combining value in attribute collection_time_point_relative: cannot coerce to number
Processing airr sample P39_I376_S1
Invalid ontology id for label disease_diagnosis.label value ['Influenza']: [None]
Invalid ontology id for label cell_subset.label value ['PBMC']: [None]
Error combining value in attribute collection_time_point_relative: cannot coerce to number
Processing airr sample P39_I377_S1
Invalid ontology id for label disease_diagnosis.label value ['Influenza']: [None]
Invalid ontology id for label cell_subset.label value ['PBMC']: [None]
Error combining value in attribute collection_time_point_relative: cannot coerce to number
Processing airr sample P39_I378_S1
Invalid ontology id for label disease_diagnosis.label value ['Influenza']: [None]
Invalid ontology id for label cell_subset.label value ['PBMC']: [None]
Error combining value in attribute collection_time_point_relative: cannot coerce to number
Processing airr sample P39_I379_S1
Invalid ontology id for label disease_diagnosis.label value ['Lupus']: [None]
Invalid ontology id for label cell_subset.label value ['PBMC']: [None]
Processing airr sample P39_I380_S1
Invalid ontology id for label disease_diagnosis.label value ['Lupus']: [None]
Invalid ontology id for label cell_subset.label value ['PBMC']: [None]
Processing airr sample P39_I381_S1
Invalid ontology id for label disease_diagnosis.label value ['Lupus']: [None]
Invalid ontology id for label cell_subset.label value ['PBMC']: [None]
Processing airr sample P39_I382_S1
Invalid ontology id for label disease_diagnosis.label value ['Lupus']: [None]
Invalid ontology id for label cell_subset.label value ['PBMC']: [None]
Processing airr sample P39_I383_S1
Invalid ontology id for label disease_diagnosis.label value ['Lupus']: [None]
Invalid ontology id for label cell_subset.label value ['PBMC']: [None]
Processing airr sample P39_I384_S1
Invalid ontology id for label disease_diagnosis.label value ['Lupus']: [None]
Invalid ontology id for label cell_subset.label value ['PBMC']: [None]
Processing airr sample P39_I385_S1
Invalid ontology id for label disease_diagnosis.label value ['Healthy/Background']: [None]
Invalid ontology id for label cell_subset.label value ['PBMC']: [None]
Processing airr sample P39_I386_S1
Invalid ontology id for label disease_diagnosis.label value ['Healthy/Background']: [None]
Invalid ontology id for label cell_subset.label value ['PBMC']: [None]
Processing airr sample P39_I387_S1
Invalid ontology id for label disease_diagnosis.label value ['Healthy/Background']: [None]
Invalid ontology id for label cell_subset.label value ['PBMC']: [None]
Processing airr sample P39_I388_S1
Invalid ontology id for label disease_diagnosis.label value ['Lupus']: [None]
Invalid ontology id for label cell_subset.label value ['PBMC']: [None]
Processing airr sample P39_I389_S1
Invalid ontology id for label disease_diagnosis.label value ['Healthy/Background']: [None]
Invalid ontology id for label cell_subset.label value ['PBMC']: [None]
Processing airr sample P39_I390_S1
Invalid ontology id for label disease_diagnosis.label value ['Lupus']: [None]
Invalid ontology id for label cell_subset.label value ['PBMC']: [None]
Processing airr sample P39_I391_S1
Invalid ontology id for label disease_diagnosis.label value ['Lupus']: [None]
Invalid ontology id for label cell_subset.label value ['PBMC']: [None]
Processing airr sample P39_I392_S1
Invalid ontology id for label disease_diagnosis.label value ['Lupus']: [None]
Invalid ontology id for label cell_subset.label value ['PBMC']: [None]
Processing airr sample P39_I393_S1
Invalid ontology id for label disease_diagnosis.label value ['Lupus']: [None]
Invalid ontology id for label cell_subset.label value ['PBMC']: [None]
Processing airr sample P39_I394_S1
Invalid ontology id for label disease_diagnosis.label value ['Lupus']: [None]
Invalid ontology id for label cell_subset.label value ['PBMC']: [None]
Processing airr sample P39_I395_S1
Invalid ontology id for label disease_diagnosis.label value ['Lupus']: [None]
Invalid ontology id for label cell_subset.label value ['PBMC']: [None]
Processing airr sample P39_I396_S1
Invalid ontology id for label disease_diagnosis.label value ['Lupus']: [None]
Invalid ontology id for label cell_subset.label value ['PBMC']: [None]
Processing airr sample P39_I397_S1
Invalid ontology id for label disease_diagnosis.label value ['Lupus']: [None]
Invalid ontology id for label cell_subset.label value ['PBMC']: [None]
Processing airr sample P39_I398_S1
Invalid ontology id for label disease_diagnosis.label value ['Lupus']: [None]
Invalid ontology id for label cell_subset.label value ['PBMC']: [None]
Processing airr sample P39_I399_S1
Invalid ontology id for label disease_diagnosis.label value ['Lupus']: [None]
Invalid ontology id for label cell_subset.label value ['PBMC']: [None]
Processing airr sample P39_I400_S1
Invalid ontology id for label disease_diagnosis.label value ['Healthy/Background']: [None]
Invalid ontology id for label cell_subset.label value ['PBMC']: [None]
Processing airr sample P39_I401_S1
Invalid ontology id for label disease_diagnosis.label value ['Lupus']: [None]
Invalid ontology id for label cell_subset.label value ['PBMC']: [None]
Processing airr sample P39_I402_S1
Invalid ontology id for label disease_diagnosis.label value ['Healthy/Background']: [None]
Invalid ontology id for label cell_subset.label value ['PBMC']: [None]
Processing airr sample P39_I403_S1
Invalid ontology id for label disease_diagnosis.label value ['Lupus']: [None]
Invalid ontology id for label cell_subset.label value ['PBMC']: [None]
Processing airr sample P39_I404_S1
Invalid ontology id for label disease_diagnosis.label value ['Lupus']: [None]
Invalid ontology id for label cell_subset.label value ['PBMC']: [None]
Processing airr sample P39_I405_S1
Invalid ontology id for label disease_diagnosis.label value ['Healthy/Background']: [None]
Invalid ontology id for label cell_subset.label value ['PBMC']: [None]
Processing airr sample P39_I406_S1
Invalid ontology id for label disease_diagnosis.label value ['Healthy/Background']: [None]
Invalid ontology id for label cell_subset.label value ['PBMC']: [None]
Processing airr sample P39_I407_S1
Invalid ontology id for label disease_diagnosis.label value ['Healthy/Background']: [None]
Invalid ontology id for label cell_subset.label value ['PBMC']: [None]
Processing airr sample P39_I408_S1
Invalid ontology id for label disease_diagnosis.label value ['Healthy/Background']: [None]
Invalid ontology id for label cell_subset.label value ['PBMC']: [None]
Processing airr sample P39_I409_S1
Invalid ontology id for label disease_diagnosis.label value ['Healthy/Background']: [None]
Invalid ontology id for label cell_subset.label value ['PBMC']: [None]
Processing airr sample P39_I410_S1
Invalid ontology id for label disease_diagnosis.label value ['Healthy/Background']: [None]
Invalid ontology id for label cell_subset.label value ['PBMC']: [None]
Processing airr sample P39_I411_S1
Invalid ontology id for label disease_diagnosis.label value ['Healthy/Background']: [None]
Invalid ontology id for label cell_subset.label value ['PBMC']: [None]
Processing airr sample P39_I412_S1
Invalid ontology id for label disease_diagnosis.label value ['Healthy/Background']: [None]
Invalid ontology id for label cell_subset.label value ['PBMC']: [None]
Processing airr sample P39_I413_S1
Invalid ontology id for label disease_diagnosis.label value ['Healthy/Background']: [None]
Invalid ontology id for label cell_subset.label value ['PBMC']: [None]
Processing airr sample P39_I414_S1
Invalid ontology id for label disease_diagnosis.label value ['Healthy/Background']: [None]
Invalid ontology id for label cell_subset.label value ['PBMC']: [None]
Processing airr sample P39_I415_S1
Invalid ontology id for label disease_diagnosis.label value ['Healthy/Background']: [None]
Invalid ontology id for label cell_subset.label value ['PBMC']: [None]
Processing airr sample P39_I416_S1
Invalid ontology id for label disease_diagnosis.label value ['Healthy/Background']: [None]
Invalid ontology id for label cell_subset.label value ['PBMC']: [None]
Processing airr sample P39_I417_S1
Invalid ontology id for label disease_diagnosis.label value ['Healthy/Background']: [None]
Invalid ontology id for label cell_subset.label value ['PBMC']: [None]
Processing airr sample P39_I418_S1
Invalid ontology id for label disease_diagnosis.label value ['Healthy/Background']: [None]
Invalid ontology id for label cell_subset.label value ['PBMC']: [None]
Processing airr sample P39_I419_S1
Invalid ontology id for label disease_diagnosis.label value ['Healthy/Background']: [None]
Invalid ontology id for label cell_subset.label value ['PBMC']: [None]
Processing airr sample P39_I420_S1
Invalid ontology id for label disease_diagnosis.label value ['Healthy/Background']: [None]
Invalid ontology id for label cell_subset.label value ['PBMC']: [None]
Processing airr sample P39_I421_S1
Invalid ontology id for label disease_diagnosis.label value ['Healthy/Background']: [None]
Invalid ontology id for label cell_subset.label value ['PBMC']: [None]
Processing airr sample P39_I422_S1
Invalid ontology id for label disease_diagnosis.label value ['Healthy/Background']: [None]
Invalid ontology id for label cell_subset.label value ['PBMC']: [None]
Processing airr sample P39_I423_S1
Invalid ontology id for label disease_diagnosis.label value ['Healthy/Background']: [None]
Invalid ontology id for label cell_subset.label value ['PBMC']: [None]
Processing airr sample P39_I424_S1
Invalid ontology id for label disease_diagnosis.label value ['Healthy/Background']: [None]
Invalid ontology id for label cell_subset.label value ['PBMC']: [None]
Processing airr sample P39_I425_S1
Invalid ontology id for label disease_diagnosis.label value ['Healthy/Background']: [None]
Invalid ontology id for label cell_subset.label value ['PBMC']: [None]
Processing airr sample P39_I426_S1
Invalid ontology id for label disease_diagnosis.label value ['Healthy/Background']: [None]
Invalid ontology id for label cell_subset.label value ['PBMC']: [None]
Processing airr sample P39_I427_S1
Invalid ontology id for label disease_diagnosis.label value ['Healthy/Background']: [None]
Invalid ontology id for label cell_subset.label value ['PBMC']: [None]
Processing airr sample P39_I428_S1
Invalid ontology id for label disease_diagnosis.label value ['Healthy/Background']: [None]
Invalid ontology id for label cell_subset.label value ['PBMC']: [None]
Processing airr sample P39_I429_S1
Invalid ontology id for label disease_diagnosis.label value ['Healthy/Background']: [None]
Invalid ontology id for label cell_subset.label value ['PBMC']: [None]
Processing airr sample P39_I430_S1
Invalid ontology id for label disease_diagnosis.label value ['Healthy/Background']: [None]
Invalid ontology id for label cell_subset.label value ['PBMC']: [None]
Processing airr sample P39_I431_S1
Invalid ontology id for label disease_diagnosis.label value ['Healthy/Background']: [None]
Invalid ontology id for label cell_subset.label value ['PBMC']: [None]
Processing airr sample P39_I432_S1
Invalid ontology id for label disease_diagnosis.label value ['Healthy/Background']: [None]
Invalid ontology id for label cell_subset.label value ['PBMC']: [None]
Processing airr sample P39_I433_S1
Invalid ontology id for label disease_diagnosis.label value ['Healthy/Background']: [None]
Invalid ontology id for label cell_subset.label value ['PBMC']: [None]
Processing airr sample P39_I434_S1
Invalid ontology id for label disease_diagnosis.label value ['Healthy/Background']: [None]
Invalid ontology id for label cell_subset.label value ['PBMC']: [None]
Processing airr sample P39_I435_S1
Invalid ontology id for label disease_diagnosis.label value ['Healthy/Background']: [None]
Invalid ontology id for label cell_subset.label value ['PBMC']: [None]
Processing airr sample P39_I436_S1
Invalid ontology id for label disease_diagnosis.label value ['Healthy/Background']: [None]
Invalid ontology id for label cell_subset.label value ['PBMC']: [None]
Processing airr sample P39_I437_S1
Invalid ontology id for label disease_diagnosis.label value ['Healthy/Background']: [None]
Invalid ontology id for label cell_subset.label value ['PBMC']: [None]
Processing airr sample P39_I438_S1
Invalid ontology id for label disease_diagnosis.label value ['Healthy/Background']: [None]
Invalid ontology id for label cell_subset.label value ['PBMC']: [None]
Processing airr sample P39_I439_S1
Invalid ontology id for label disease_diagnosis.label value ['Healthy/Background']: [None]
Invalid ontology id for label cell_subset.label value ['PBMC']: [None]
Processing airr sample P39_I440_S1
Invalid ontology id for label disease_diagnosis.label value ['Healthy/Background']: [None]
Invalid ontology id for label cell_subset.label value ['PBMC']: [None]
Processing airr sample P39_I441_S1
Invalid ontology id for label disease_diagnosis.label value ['Healthy/Background']: [None]
Invalid ontology id for label cell_subset.label value ['PBMC']: [None]
Processing airr sample P39_I442_S1
Invalid ontology id for label disease_diagnosis.label value ['Healthy/Background']: [None]
Invalid ontology id for label cell_subset.label value ['PBMC']: [None]
Processing airr sample P39_I443_S1
Invalid ontology id for label disease_diagnosis.label value ['Healthy/Background']: [None]
Invalid ontology id for label cell_subset.label value ['PBMC']: [None]
Processing airr sample P39_I444_S1
Invalid ontology id for label disease_diagnosis.label value ['Healthy/Background']: [None]
Invalid ontology id for label cell_subset.label value ['PBMC']: [None]
Processing airr sample P39_I445_S1
Invalid ontology id for label disease_diagnosis.label value ['Healthy/Background']: [None]
Invalid ontology id for label cell_subset.label value ['PBMC']: [None]
Processing airr sample P39_I446_S1
Invalid ontology id for label disease_diagnosis.label value ['Healthy/Background']: [None]
Invalid ontology id for label cell_subset.label value ['PBMC']: [None]
Processing airr sample P39_I447_S1
Invalid ontology id for label disease_diagnosis.label value ['Healthy/Background']: [None]
Invalid ontology id for label cell_subset.label value ['PBMC']: [None]
Processing airr sample P39_I448_S1
Invalid ontology id for label disease_diagnosis.label value ['T1D']: [None]
Invalid ontology id for label cell_subset.label value ['PBMC']: [None]
Processing airr sample P39_I449_S1
Invalid ontology id for label disease_diagnosis.label value ['T1D']: [None]
Invalid ontology id for label cell_subset.label value ['PBMC']: [None]
Processing airr sample P39_I450_S1
Invalid ontology id for label disease_diagnosis.label value ['T1D']: [None]
Invalid ontology id for label cell_subset.label value ['PBMC']: [None]
Processing airr sample P39_I451_S1
Invalid ontology id for label disease_diagnosis.label value ['T1D']: [None]
Invalid ontology id for label cell_subset.label value ['PBMC']: [None]
Processing airr sample P39_I452_S1
Invalid ontology id for label disease_diagnosis.label value ['T1D']: [None]
Invalid ontology id for label cell_subset.label value ['PBMC']: [None]
Processing airr sample P39_I453_S1
Invalid ontology id for label disease_diagnosis.label value ['T1D']: [None]
Invalid ontology id for label cell_subset.label value ['PBMC']: [None]
Processing airr sample P39_I454_S1
Invalid ontology id for label disease_diagnosis.label value ['T1D']: [None]
Invalid ontology id for label cell_subset.label value ['PBMC']: [None]
Processing airr sample P39_I455_S1
Invalid ontology id for label disease_diagnosis.label value ['T1D']: [None]
Invalid ontology id for label cell_subset.label value ['PBMC']: [None]
Processing airr sample P39_I456_S1
Invalid ontology id for label disease_diagnosis.label value ['T1D']: [None]
Invalid ontology id for label cell_subset.label value ['PBMC']: [None]
Processing airr sample P39_I457_S1
Invalid ontology id for label disease_diagnosis.label value ['T1D']: [None]
Invalid ontology id for label cell_subset.label value ['PBMC']: [None]
Processing airr sample P39_I458_S1
Invalid ontology id for label disease_diagnosis.label value ['T1D']: [None]
Invalid ontology id for label cell_subset.label value ['PBMC']: [None]
Processing airr sample P39_I459_S1
Invalid ontology id for label disease_diagnosis.label value ['T1D']: [None]
Invalid ontology id for label cell_subset.label value ['PBMC']: [None]
Processing airr sample P39_I460_S1
Invalid ontology id for label disease_diagnosis.label value ['T1D']: [None]
Invalid ontology id for label cell_subset.label value ['PBMC']: [None]
Processing airr sample P39_I461_S1
Invalid ontology id for label disease_diagnosis.label value ['T1D']: [None]
Invalid ontology id for label cell_subset.label value ['PBMC']: [None]
Processing airr sample P39_I462_S1
Invalid ontology id for label disease_diagnosis.label value ['T1D']: [None]
Invalid ontology id for label cell_subset.label value ['PBMC']: [None]
Processing airr sample P39_I463_S1
Invalid ontology id for label disease_diagnosis.label value ['T1D']: [None]
Invalid ontology id for label cell_subset.label value ['PBMC']: [None]
Processing airr sample P39_I464_S1
Invalid ontology id for label disease_diagnosis.label value ['Healthy/Background']: [None]
Invalid ontology id for label cell_subset.label value ['PBMC']: [None]
Processing airr sample P39_I465_S1
Invalid ontology id for label disease_diagnosis.label value ['T1D']: [None]
Invalid ontology id for label cell_subset.label value ['PBMC']: [None]
Processing airr sample P39_I466_S1
Invalid ontology id for label disease_diagnosis.label value ['T1D']: [None]
Invalid ontology id for label cell_subset.label value ['PBMC']: [None]
Processing airr sample P39_I467_S1
Invalid ontology id for label disease_diagnosis.label value ['T1D']: [None]
Invalid ontology id for label cell_subset.label value ['PBMC']: [None]
Processing airr sample P39_I468_S1
Invalid ontology id for label disease_diagnosis.label value ['T1D']: [None]
Invalid ontology id for label cell_subset.label value ['PBMC']: [None]
Processing airr sample P39_I469_S1
Invalid ontology id for label disease_diagnosis.label value ['T1D']: [None]
Invalid ontology id for label cell_subset.label value ['PBMC']: [None]
Processing airr sample P39_I470_S1
Invalid ontology id for label disease_diagnosis.label value ['T1D']: [None]
Invalid ontology id for label cell_subset.label value ['PBMC']: [None]
Processing airr sample P39_I471_S1
Invalid ontology id for label disease_diagnosis.label value ['T1D']: [None]
Invalid ontology id for label cell_subset.label value ['PBMC']: [None]
Processing airr sample P39_I472_S1
Invalid ontology id for label disease_diagnosis.label value ['T1D']: [None]
Invalid ontology id for label cell_subset.label value ['PBMC']: [None]
Processing airr sample P39_I473_S1
Invalid ontology id for label disease_diagnosis.label value ['T1D']: [None]
Invalid ontology id for label cell_subset.label value ['PBMC']: [None]
Processing airr sample P39_I474_S1
Invalid ontology id for label disease_diagnosis.label value ['T1D']: [None]
Invalid ontology id for label cell_subset.label value ['PBMC']: [None]
Processing airr sample P39_I475_S1
Invalid ontology id for label disease_diagnosis.label value ['T1D']: [None]
Invalid ontology id for label cell_subset.label value ['PBMC']: [None]
Processing airr sample P39_I476_S1
Invalid ontology id for label disease_diagnosis.label value ['T1D']: [None]
Invalid ontology id for label cell_subset.label value ['PBMC']: [None]
Processing airr sample P39_I477_S1
Invalid ontology id for label disease_diagnosis.label value ['T1D']: [None]
Invalid ontology id for label cell_subset.label value ['PBMC']: [None]
Processing airr sample P39_I478_S1
Invalid ontology id for label disease_diagnosis.label value ['T1D']: [None]
Invalid ontology id for label cell_subset.label value ['PBMC']: [None]
Processing airr sample P39_I479_S1
Invalid ontology id for label disease_diagnosis.label value ['T1D']: [None]
Invalid ontology id for label cell_subset.label value ['PBMC']: [None]
Processing airr sample P39_I480_S1
Invalid ontology id for label disease_diagnosis.label value ['T1D']: [None]
Invalid ontology id for label cell_subset.label value ['PBMC']: [None]
Processing airr sample P39_I481_S1
Invalid ontology id for label disease_diagnosis.label value ['T1D']: [None]
Invalid ontology id for label cell_subset.label value ['PBMC']: [None]
Processing airr sample P39_I482_S1
Invalid ontology id for label disease_diagnosis.label value ['Healthy/Background']: [None]
Invalid ontology id for label cell_subset.label value ['PBMC']: [None]
Processing airr sample P39_I483_S1
Invalid ontology id for label disease_diagnosis.label value ['T1D']: [None]
Invalid ontology id for label cell_subset.label value ['PBMC']: [None]
Processing airr sample P39_I484_S1
Invalid ontology id for label disease_diagnosis.label value ['T1D']: [None]
Invalid ontology id for label cell_subset.label value ['PBMC']: [None]
Processing airr sample P39_I485_S1
Invalid ontology id for label disease_diagnosis.label value ['T1D']: [None]
Invalid ontology id for label cell_subset.label value ['PBMC']: [None]
Processing airr sample P39_I486_S1
Invalid ontology id for label disease_diagnosis.label value ['T1D']: [None]
Invalid ontology id for label cell_subset.label value ['PBMC']: [None]
Processing airr sample P39_I487_S1
Invalid ontology id for label disease_diagnosis.label value ['T1D']: [None]
Invalid ontology id for label cell_subset.label value ['PBMC']: [None]
Processing airr sample P39_I488_S1
Invalid ontology id for label disease_diagnosis.label value ['T1D']: [None]
Invalid ontology id for label cell_subset.label value ['PBMC']: [None]
Processing airr sample P39_I489_S1
Invalid ontology id for label disease_diagnosis.label value ['T1D']: [None]
Invalid ontology id for label cell_subset.label value ['PBMC']: [None]
Processing airr sample P39_I490_S1
Invalid ontology id for label disease_diagnosis.label value ['T1D']: [None]
Invalid ontology id for label cell_subset.label value ['PBMC']: [None]
Processing airr sample P39_I491_S1
Invalid ontology id for label disease_diagnosis.label value ['T1D']: [None]
Invalid ontology id for label cell_subset.label value ['PBMC']: [None]
Processing airr sample P39_I492_S1
Invalid ontology id for label disease_diagnosis.label value ['T1D']: [None]
Invalid ontology id for label cell_subset.label value ['PBMC']: [None]
Processing airr sample P39_I493_S1
Invalid ontology id for label disease_diagnosis.label value ['T1D']: [None]
Invalid ontology id for label cell_subset.label value ['PBMC']: [None]
Processing airr sample P39_I494_S1
Invalid ontology id for label disease_diagnosis.label value ['T1D']: [None]
Invalid ontology id for label cell_subset.label value ['PBMC']: [None]
Processing airr sample P39_I495_S1
Invalid ontology id for label disease_diagnosis.label value ['T1D']: [None]
Invalid ontology id for label cell_subset.label value ['PBMC']: [None]
Processing airr sample P39_I496_S1
Invalid ontology id for label disease_diagnosis.label value ['T1D']: [None]
Invalid ontology id for label cell_subset.label value ['PBMC']: [None]
Processing airr sample P39_I497_S1
Invalid ontology id for label disease_diagnosis.label value ['T1D']: [None]
Invalid ontology id for label cell_subset.label value ['PBMC']: [None]
Processing airr sample P39_I498_S1
Invalid ontology id for label disease_diagnosis.label value ['T1D']: [None]
Invalid ontology id for label cell_subset.label value ['PBMC']: [None]
Processing airr sample P39_I499_S1
Invalid ontology id for label disease_diagnosis.label value ['T1D']: [None]
Invalid ontology id for label cell_subset.label value ['PBMC']: [None]
Processing airr sample P39_I500_S1
Invalid ontology id for label disease_diagnosis.label value ['T1D']: [None]
Invalid ontology id for label cell_subset.label value ['PBMC']: [None]
Processing airr sample P39_I501_S1
Invalid ontology id for label disease_diagnosis.label value ['Healthy/Background']: [None]
Invalid ontology id for label cell_subset.label value ['PBMC']: [None]
Processing airr sample P39_I502_S1
Invalid ontology id for label disease_diagnosis.label value ['T1D']: [None]
Invalid ontology id for label cell_subset.label value ['PBMC']: [None]
Processing airr sample P39_I503_S1
Invalid ontology id for label disease_diagnosis.label value ['T1D']: [None]
Invalid ontology id for label cell_subset.label value ['PBMC']: [None]
Processing airr sample P39_I504_S1
Invalid ontology id for label disease_diagnosis.label value ['T1D']: [None]
Invalid ontology id for label cell_subset.label value ['PBMC']: [None]
Processing airr sample P39_I505_S1
Invalid ontology id for label disease_diagnosis.label value ['T1D']: [None]
Invalid ontology id for label cell_subset.label value ['PBMC']: [None]
Processing airr sample P39_I506_S1
Invalid ontology id for label disease_diagnosis.label value ['T1D']: [None]
Invalid ontology id for label cell_subset.label value ['PBMC']: [None]
Processing airr sample P39_I507_S1
Invalid ontology id for label disease_diagnosis.label value ['T1D']: [None]
Invalid ontology id for label cell_subset.label value ['PBMC']: [None]
Processing airr sample P39_I508_S1
Invalid ontology id for label disease_diagnosis.label value ['T1D']: [None]
Invalid ontology id for label cell_subset.label value ['PBMC']: [None]
Processing airr sample P39_I509_S1
Invalid ontology id for label disease_diagnosis.label value ['T1D']: [None]
Invalid ontology id for label cell_subset.label value ['PBMC']: [None]
Processing airr sample P39_I510_S1
Invalid ontology id for label disease_diagnosis.label value ['T1D']: [None]
Invalid ontology id for label cell_subset.label value ['PBMC']: [None]
Processing airr sample P39_I511_S1
Invalid ontology id for label disease_diagnosis.label value ['T1D']: [None]
Invalid ontology id for label cell_subset.label value ['PBMC']: [None]
Processing airr sample P39_I512_S1
Invalid ontology id for label disease_diagnosis.label value ['T1D']: [None]
Invalid ontology id for label cell_subset.label value ['PBMC']: [None]
Processing airr sample P39_I513_S1
Invalid ontology id for label disease_diagnosis.label value ['T1D']: [None]
Invalid ontology id for label cell_subset.label value ['PBMC']: [None]
Processing airr sample P39_I514_S1
Invalid ontology id for label disease_diagnosis.label value ['T1D']: [None]
Invalid ontology id for label cell_subset.label value ['PBMC']: [None]
Processing airr sample P39_I515_S1
Invalid ontology id for label disease_diagnosis.label value ['T1D']: [None]
Invalid ontology id for label cell_subset.label value ['PBMC']: [None]
Processing airr sample P39_I516_S1
Invalid ontology id for label disease_diagnosis.label value ['T1D']: [None]
Invalid ontology id for label cell_subset.label value ['PBMC']: [None]
Processing airr sample P39_I517_S1
Invalid ontology id for label disease_diagnosis.label value ['T1D']: [None]
Invalid ontology id for label cell_subset.label value ['PBMC']: [None]
Processing airr sample P39_I518_S1
Invalid ontology id for label disease_diagnosis.label value ['T1D']: [None]
Invalid ontology id for label cell_subset.label value ['PBMC']: [None]
Processing airr sample P39_I519_S1
Invalid ontology id for label disease_diagnosis.label value ['T1D']: [None]
Invalid ontology id for label cell_subset.label value ['PBMC']: [None]
Processing airr sample P39_I520_S1
Invalid ontology id for label disease_diagnosis.label value ['T1D']: [None]
Invalid ontology id for label cell_subset.label value ['PBMC']: [None]
Processing airr sample P39_I521_S1
Invalid ontology id for label disease_diagnosis.label value ['T1D']: [None]
Invalid ontology id for label cell_subset.label value ['PBMC']: [None]
Processing airr sample P39_I522_S1
Invalid ontology id for label disease_diagnosis.label value ['T1D']: [None]
Invalid ontology id for label cell_subset.label value ['PBMC']: [None]
Processing airr sample P39_I523_S1
Invalid ontology id for label disease_diagnosis.label value ['T1D']: [None]
Invalid ontology id for label cell_subset.label value ['PBMC']: [None]
Processing airr sample P39_I524_S1
Invalid ontology id for label disease_diagnosis.label value ['T1D']: [None]
Invalid ontology id for label cell_subset.label value ['PBMC']: [None]
Processing airr sample P39_I525_S1
Invalid ontology id for label disease_diagnosis.label value ['T1D']: [None]
Invalid ontology id for label cell_subset.label value ['PBMC']: [None]
Processing airr sample P39_I526_S1
Invalid ontology id for label disease_diagnosis.label value ['T1D']: [None]
Invalid ontology id for label cell_subset.label value ['PBMC']: [None]
Processing airr sample P39_I527_S1
Invalid ontology id for label disease_diagnosis.label value ['T1D']: [None]
Invalid ontology id for label cell_subset.label value ['PBMC']: [None]
Processing airr sample P39_I528_S1
Invalid ontology id for label disease_diagnosis.label value ['T1D']: [None]
Invalid ontology id for label cell_subset.label value ['PBMC']: [None]
Processing airr sample P39_I529_S1
Invalid ontology id for label disease_diagnosis.label value ['T1D']: [None]
Invalid ontology id for label cell_subset.label value ['PBMC']: [None]
Processing airr sample P39_I530_S1
Invalid ontology id for label disease_diagnosis.label value ['T1D']: [None]
Invalid ontology id for label cell_subset.label value ['PBMC']: [None]
Processing airr sample P39_I531_S1
Invalid ontology id for label disease_diagnosis.label value ['T1D']: [None]
Invalid ontology id for label cell_subset.label value ['PBMC']: [None]
Processing airr sample P39_I532_S1
Invalid ontology id for label disease_diagnosis.label value ['T1D']: [None]
Invalid ontology id for label cell_subset.label value ['PBMC']: [None]
Processing airr sample P39_I533_S1
Invalid ontology id for label disease_diagnosis.label value ['T1D']: [None]
Invalid ontology id for label cell_subset.label value ['PBMC']: [None]
Processing airr sample P39_I534_S1
Invalid ontology id for label disease_diagnosis.label value ['T1D']: [None]
Invalid ontology id for label cell_subset.label value ['PBMC']: [None]
Processing airr sample P39_I535_S1
Invalid ontology id for label disease_diagnosis.label value ['T1D']: [None]
Invalid ontology id for label cell_subset.label value ['PBMC']: [None]
Processing airr sample P39_I536_S1
Invalid ontology id for label disease_diagnosis.label value ['T1D']: [None]
Invalid ontology id for label cell_subset.label value ['PBMC']: [None]
Processing airr sample P39_I537_S1
Invalid ontology id for label disease_diagnosis.label value ['T1D']: [None]
Invalid ontology id for label cell_subset.label value ['PBMC']: [None]
Processing airr sample P39_I538_S1
Invalid ontology id for label disease_diagnosis.label value ['T1D']: [None]
Invalid ontology id for label cell_subset.label value ['PBMC']: [None]
Processing airr sample P39_I539_S1
Invalid ontology id for label disease_diagnosis.label value ['T1D']: [None]
Invalid ontology id for label cell_subset.label value ['PBMC']: [None]
Processing airr sample P39_I540_S1
Invalid ontology id for label disease_diagnosis.label value ['T1D']: [None]
Invalid ontology id for label cell_subset.label value ['PBMC']: [None]
Processing airr sample P39_I541_S1
Invalid ontology id for label disease_diagnosis.label value ['T1D']: [None]
Invalid ontology id for label cell_subset.label value ['PBMC']: [None]
Processing airr sample P39_I542_S1
Invalid ontology id for label disease_diagnosis.label value ['T1D']: [None]
Invalid ontology id for label cell_subset.label value ['PBMC']: [None]
Processing airr sample P39_I543_S1
Invalid ontology id for label disease_diagnosis.label value ['Lupus']: [None]
Invalid ontology id for label cell_subset.label value ['PBMC']: [None]
Processing airr sample P39_I544_S1
Invalid ontology id for label disease_diagnosis.label value ['Lupus']: [None]
Invalid ontology id for label cell_subset.label value ['PBMC']: [None]
Processing airr sample P39_I545_S1
Invalid ontology id for label disease_diagnosis.label value ['Lupus']: [None]
Invalid ontology id for label cell_subset.label value ['PBMC']: [None]
Processing airr sample P39_I546_S1
Invalid ontology id for label disease_diagnosis.label value ['Lupus']: [None]
Invalid ontology id for label cell_subset.label value ['PBMC']: [None]
Processing airr sample P39_I547_S1
Invalid ontology id for label disease_diagnosis.label value ['Lupus']: [None]
Invalid ontology id for label cell_subset.label value ['PBMC']: [None]
Processing airr sample P39_I548_S1
Invalid ontology id for label disease_diagnosis.label value ['Lupus']: [None]
Invalid ontology id for label cell_subset.label value ['PBMC']: [None]
Processing airr sample P39_I549_S1
Invalid ontology id for label disease_diagnosis.label value ['Lupus']: [None]
Invalid ontology id for label cell_subset.label value ['PBMC']: [None]
Processing airr sample P39_I550_S1
Invalid ontology id for label disease_diagnosis.label value ['Lupus']: [None]
Invalid ontology id for label cell_subset.label value ['PBMC']: [None]
Processing airr sample P39_I551_S1
Invalid ontology id for label disease_diagnosis.label value ['Lupus']: [None]
Invalid ontology id for label cell_subset.label value ['PBMC']: [None]
Processing airr sample P39_I552_S1
Invalid ontology id for label disease_diagnosis.label value ['Lupus']: [None]
Invalid ontology id for label cell_subset.label value ['PBMC']: [None]
Processing airr sample P39_I553_S1
Invalid ontology id for label disease_diagnosis.label value ['Lupus']: [None]
Invalid ontology id for label cell_subset.label value ['PBMC']: [None]
Processing airr sample P39_I554_S1
Invalid ontology id for label disease_diagnosis.label value ['Lupus']: [None]
Invalid ontology id for label cell_subset.label value ['PBMC']: [None]
Processing airr sample P39_I555_S1
Invalid ontology id for label disease_diagnosis.label value ['Lupus']: [None]
Invalid ontology id for label cell_subset.label value ['PBMC']: [None]
Processing airr sample P39_I556_S1
Invalid ontology id for label disease_diagnosis.label value ['Lupus']: [None]
Invalid ontology id for label cell_subset.label value ['PBMC']: [None]
Processing airr sample P39_I557_S1
Invalid ontology id for label disease_diagnosis.label value ['Lupus']: [None]
Invalid ontology id for label cell_subset.label value ['PBMC']: [None]
Processing airr sample P39_I558_S1
Invalid ontology id for label disease_diagnosis.label value ['Lupus']: [None]
Invalid ontology id for label cell_subset.label value ['PBMC']: [None]
Processing airr sample P39_I559_S1
Invalid ontology id for label disease_diagnosis.label value ['Lupus']: [None]
Invalid ontology id for label cell_subset.label value ['PBMC']: [None]
Processing airr sample P39_I560_S1
Invalid ontology id for label disease_diagnosis.label value ['Lupus']: [None]
Invalid ontology id for label cell_subset.label value ['PBMC']: [None]
Processing airr sample P39_I561_S1
Invalid ontology id for label disease_diagnosis.label value ['Lupus']: [None]
Invalid ontology id for label cell_subset.label value ['PBMC']: [None]
Processing airr sample P39_I562_S1
Invalid ontology id for label disease_diagnosis.label value ['Lupus']: [None]
Invalid ontology id for label cell_subset.label value ['PBMC']: [None]
Processing airr sample P39_I563_S1
Invalid ontology id for label disease_diagnosis.label value ['Lupus']: [None]
Invalid ontology id for label cell_subset.label value ['PBMC']: [None]
Processing airr sample P39_I564_S1
Invalid ontology id for label disease_diagnosis.label value ['Lupus']: [None]
Invalid ontology id for label cell_subset.label value ['PBMC']: [None]
Processing airr sample P39_I565_S1
Invalid ontology id for label disease_diagnosis.label value ['Lupus']: [None]
Invalid ontology id for label cell_subset.label value ['PBMC']: [None]
Processing airr sample P39_I566_S1
Invalid ontology id for label disease_diagnosis.label value ['Healthy/Background']: [None]
Invalid ontology id for label cell_subset.label value ['PBMC']: [None]
Processing airr sample P39_I567_S1
Invalid ontology id for label disease_diagnosis.label value ['Healthy/Background']: [None]
Invalid ontology id for label cell_subset.label value ['PBMC']: [None]
Processing airr sample P39_I568_S1
Invalid ontology id for label disease_diagnosis.label value ['Healthy/Background']: [None]
Invalid ontology id for label cell_subset.label value ['PBMC']: [None]
Processing airr sample P39_I569_S1
Invalid ontology id for label disease_diagnosis.label value ['Healthy/Background']: [None]
Invalid ontology id for label cell_subset.label value ['PBMC']: [None]
Processing airr sample P39_I570_S1
Invalid ontology id for label disease_diagnosis.label value ['Healthy/Background']: [None]
Invalid ontology id for label cell_subset.label value ['PBMC']: [None]
Processing airr sample P39_I571_S1
Invalid ontology id for label disease_diagnosis.label value ['Healthy/Background']: [None]
Invalid ontology id for label cell_subset.label value ['PBMC']: [None]
Processing airr sample P39_I572_S1
Invalid ontology id for label disease_diagnosis.label value ['Healthy/Background']: [None]
Invalid ontology id for label cell_subset.label value ['PBMC']: [None]
Processing airr sample P39_I573_S1
Invalid ontology id for label disease_diagnosis.label value ['Healthy/Background']: [None]
Invalid ontology id for label cell_subset.label value ['PBMC']: [None]
Processing airr sample P39_I574_S1
Invalid ontology id for label disease_diagnosis.label value ['Healthy/Background']: [None]
Invalid ontology id for label cell_subset.label value ['PBMC']: [None]
Processing airr sample P39_I575_S1
Invalid ontology id for label disease_diagnosis.label value ['Healthy/Background']: [None]
Invalid ontology id for label cell_subset.label value ['PBMC']: [None]
Processing airr sample P39_I576_S1
Invalid ontology id for label disease_diagnosis.label value ['Healthy/Background']: [None]
Invalid ontology id for label cell_subset.label value ['PBMC']: [None]
Processing airr sample P39_I577_S1
Invalid ontology id for label disease_diagnosis.label value ['Healthy/Background']: [None]
Invalid ontology id for label cell_subset.label value ['PBMC']: [None]
Processing airr sample P39_I578_S1
Invalid ontology id for label disease_diagnosis.label value ['Healthy/Background']: [None]
Invalid ontology id for label cell_subset.label value ['PBMC']: [None]
Processing airr sample P39_I579_S1
Invalid ontology id for label disease_diagnosis.label value ['Healthy/Background']: [None]
Invalid ontology id for label cell_subset.label value ['PBMC']: [None]
Processing airr sample P39_I580_S1
Invalid ontology id for label disease_diagnosis.label value ['Healthy/Background']: [None]
Invalid ontology id for label cell_subset.label value ['PBMC']: [None]
Processing airr sample P39_I581_S1
Invalid ontology id for label disease_diagnosis.label value ['Healthy/Background']: [None]
Invalid ontology id for label cell_subset.label value ['PBMC']: [None]
Processing airr sample P39_I582_S1
Invalid ontology id for label disease_diagnosis.label value ['Healthy/Background']: [None]
Invalid ontology id for label cell_subset.label value ['PBMC']: [None]
Processing airr sample P39_I583_S1
Invalid ontology id for label disease_diagnosis.label value ['Healthy/Background']: [None]
Invalid ontology id for label cell_subset.label value ['PBMC']: [None]
Processing airr sample P39_I584_S1
Invalid ontology id for label disease_diagnosis.label value ['Healthy/Background']: [None]
Invalid ontology id for label cell_subset.label value ['PBMC']: [None]
Processing airr sample P39_I585_S1
Invalid ontology id for label disease_diagnosis.label value ['Healthy/Background']: [None]
Invalid ontology id for label cell_subset.label value ['PBMC']: [None]
Processing airr sample P39_I586_S1
Invalid ontology id for label disease_diagnosis.label value ['Healthy/Background']: [None]
Invalid ontology id for label cell_subset.label value ['PBMC']: [None]
Processing airr sample P39_I587_S1
Invalid ontology id for label disease_diagnosis.label value ['Healthy/Background']: [None]
Invalid ontology id for label cell_subset.label value ['PBMC']: [None]
Processing airr sample P39_I588_S1
Invalid ontology id for label disease_diagnosis.label value ['Healthy/Background']: [None]
Invalid ontology id for label cell_subset.label value ['PBMC']: [None]
Processing airr sample P39_I589_S1
Invalid ontology id for label disease_diagnosis.label value ['Covid19']: [None]
Invalid ontology id for label cell_subset.label value ['PBMC']: [None]
Error combining value in attribute collection_time_point_relative: cannot coerce to number
Processing airr sample P39_I590_S1
Invalid ontology id for label disease_diagnosis.label value ['Covid19']: [None]
Invalid ontology id for label cell_subset.label value ['PBMC']: [None]
Error combining value in attribute collection_time_point_relative: cannot coerce to number
Processing airr sample P39_I591_S1
Invalid ontology id for label disease_diagnosis.label value ['Covid19']: [None]
Invalid ontology id for label cell_subset.label value ['PBMC']: [None]
Error combining value in attribute collection_time_point_relative: cannot coerce to number
Processing airr sample P39_I592_S1
Invalid ontology id for label disease_diagnosis.label value ['Covid19']: [None]
Invalid ontology id for label cell_subset.label value ['PBMC']: [None]
Error combining value in attribute collection_time_point_relative: cannot coerce to number
Processing airr sample P39_I593_S1
Invalid ontology id for label disease_diagnosis.label value ['Covid19']: [None]
Invalid ontology id for label cell_subset.label value ['PBMC']: [None]
Error combining value in attribute collection_time_point_relative: cannot coerce to number
Committing metadata for sample P39_I1_S1
Committing metadata for sample P39_I2_S1
Committing metadata for sample P39_I3_S1
Committing metadata for sample P39_I4_S1
Committing metadata for sample P39_I5_S1
Committing metadata for sample P39_I6_S1
Committing metadata for sample P39_I7_S1
Committing metadata for sample P39_I8_S1
Committing metadata for sample P39_I9_S1
Committing metadata for sample P39_I10_S1
Committing metadata for sample P39_I11_S1
Committing metadata for sample P39_I12_S1
Committing metadata for sample P39_I13_S1
Committing metadata for sample P39_I14_S1
Committing metadata for sample P39_I15_S1
Committing metadata for sample P39_I16_S1
Committing metadata for sample P39_I17_S1
Committing metadata for sample P39_I18_S1
Committing metadata for sample P39_I19_S1
Committing metadata for sample P39_I20_S1
Committing metadata for sample P39_I21_S1
Committing metadata for sample P39_I22_S1
Committing metadata for sample P39_I23_S1
Committing metadata for sample P39_I24_S1
Committing metadata for sample P39_I25_S1
Committing metadata for sample P39_I26_S1
Committing metadata for sample P39_I27_S1
Committing metadata for sample P39_I28_S1
Committing metadata for sample P39_I29_S1
Committing metadata for sample P39_I30_S1
Committing metadata for sample P39_I31_S1
Committing metadata for sample P39_I32_S1
Committing metadata for sample P39_I33_S1
Committing metadata for sample P39_I34_S1
Committing metadata for sample P39_I35_S1
Committing metadata for sample P39_I36_S1
Committing metadata for sample P39_I37_S1
Committing metadata for sample P39_I38_S1
Committing metadata for sample P39_I39_S1
Committing metadata for sample P39_I40_S1
Committing metadata for sample P39_I41_S1
Committing metadata for sample P39_I42_S1
Committing metadata for sample P39_I43_S1
Committing metadata for sample P39_I44_S1
Committing metadata for sample P39_I45_S1
Committing metadata for sample P39_I46_S1
Committing metadata for sample P39_I47_S1
Committing metadata for sample P39_I48_S1
Committing metadata for sample P39_I49_S1
Committing metadata for sample P39_I50_S1
Committing metadata for sample P39_I51_S1
Committing metadata for sample P39_I52_S1
Committing metadata for sample P39_I53_S1
Committing metadata for sample P39_I54_S1
Committing metadata for sample P39_I55_S1
Committing metadata for sample P39_I56_S1
Committing metadata for sample P39_I57_S1
Committing metadata for sample P39_I58_S1
Committing metadata for sample P39_I59_S1
Committing metadata for sample P39_I60_S1
Committing metadata for sample P39_I61_S1
Committing metadata for sample P39_I62_S1
Committing metadata for sample P39_I63_S1
Committing metadata for sample P39_I64_S1
Committing metadata for sample P39_I65_S1
Committing metadata for sample P39_I66_S1
Committing metadata for sample P39_I67_S1
Committing metadata for sample P39_I68_S1
Committing metadata for sample P39_I69_S1
Committing metadata for sample P39_I70_S1
Committing metadata for sample P39_I71_S1
Committing metadata for sample P39_I72_S1
Committing metadata for sample P39_I73_S1
Committing metadata for sample P39_I74_S1
Committing metadata for sample P39_I75_S1
Committing metadata for sample P39_I76_S1
Committing metadata for sample P39_I77_S1
Committing metadata for sample P39_I78_S1
Committing metadata for sample P39_I79_S1
Committing metadata for sample P39_I80_S1
Committing metadata for sample P39_I81_S1
Committing metadata for sample P39_I82_S1
Committing metadata for sample P39_I83_S1
Committing metadata for sample P39_I84_S1
Committing metadata for sample P39_I85_S1
Committing metadata for sample P39_I86_S1
Committing metadata for sample P39_I87_S1
Committing metadata for sample P39_I88_S1
Committing metadata for sample P39_I89_S1
Committing metadata for sample P39_I90_S1
Committing metadata for sample P39_I91_S1
Committing metadata for sample P39_I92_S1
Committing metadata for sample P39_I93_S1
Committing metadata for sample P39_I94_S1
Committing metadata for sample P39_I95_S1
Committing metadata for sample P39_I96_S1
Committing metadata for sample P39_I97_S1
Committing metadata for sample P39_I98_S1
Committing metadata for sample P39_I99_S1
Committing metadata for sample P39_I100_S1
Committing metadata for sample P39_I101_S1
Committing metadata for sample P39_I102_S1
Committing metadata for sample P39_I103_S1
Committing metadata for sample P39_I104_S1
Committing metadata for sample P39_I105_S1
Committing metadata for sample P39_I106_S1
Committing metadata for sample P39_I107_S1
Committing metadata for sample P39_I108_S1
Committing metadata for sample P39_I109_S1
Committing metadata for sample P39_I110_S1
Committing metadata for sample P39_I111_S1
Committing metadata for sample P39_I112_S1
Committing metadata for sample P39_I113_S1
Committing metadata for sample P39_I114_S1
Committing metadata for sample P39_I115_S1
Committing metadata for sample P39_I116_S1
Committing metadata for sample P39_I117_S1
Committing metadata for sample P39_I118_S1
Committing metadata for sample P39_I119_S1
Committing metadata for sample P39_I120_S1
Committing metadata for sample P39_I121_S1
Committing metadata for sample P39_I122_S1
Committing metadata for sample P39_I123_S1
Committing metadata for sample P39_I124_S1
Committing metadata for sample P39_I125_S1
Committing metadata for sample P39_I126_S1
Committing metadata for sample P39_I127_S1
Committing metadata for sample P39_I128_S1
Committing metadata for sample P39_I129_S1
Committing metadata for sample P39_I130_S1
Committing metadata for sample P39_I131_S1
Committing metadata for sample P39_I132_S1
Committing metadata for sample P39_I133_S1
Committing metadata for sample P39_I134_S1
Committing metadata for sample P39_I135_S1
Committing metadata for sample P39_I136_S1
Committing metadata for sample P39_I137_S1
Committing metadata for sample P39_I138_S1
Committing metadata for sample P39_I139_S1
Committing metadata for sample P39_I140_S1
Committing metadata for sample P39_I141_S1
Committing metadata for sample P39_I142_S1
Committing metadata for sample P39_I143_S1
Committing metadata for sample P39_I144_S1
Committing metadata for sample P39_I145_S1
Committing metadata for sample P39_I146_S1
Committing metadata for sample P39_I147_S1
Committing metadata for sample P39_I148_S1
Committing metadata for sample P39_I149_S1
Committing metadata for sample P39_I150_S1
Committing metadata for sample P39_I151_S1
Committing metadata for sample P39_I152_S1
Committing metadata for sample P39_I153_S1
Committing metadata for sample P39_I154_S1
Committing metadata for sample P39_I155_S1
Committing metadata for sample P39_I156_S1
Committing metadata for sample P39_I157_S1
Committing metadata for sample P39_I158_S1
Committing metadata for sample P39_I159_S1
Committing metadata for sample P39_I160_S1
Committing metadata for sample P39_I161_S1
Committing metadata for sample P39_I162_S1
Committing metadata for sample P39_I163_S1
Committing metadata for sample P39_I164_S1
Committing metadata for sample P39_I165_S1
Committing metadata for sample P39_I166_S1
Committing metadata for sample P39_I167_S1
Committing metadata for sample P39_I168_S1
Committing metadata for sample P39_I169_S1
Committing metadata for sample P39_I170_S1
Committing metadata for sample P39_I171_S1
Committing metadata for sample P39_I172_S1
Committing metadata for sample P39_I173_S1
Committing metadata for sample P39_I174_S1
Committing metadata for sample P39_I175_S1
Committing metadata for sample P39_I176_S1
Committing metadata for sample P39_I177_S1
Committing metadata for sample P39_I178_S1
Committing metadata for sample P39_I179_S1
Committing metadata for sample P39_I180_S1
Committing metadata for sample P39_I181_S1
Committing metadata for sample P39_I182_S1
Committing metadata for sample P39_I183_S1
Committing metadata for sample P39_I184_S1
Committing metadata for sample P39_I185_S1
Committing metadata for sample P39_I186_S1
Committing metadata for sample P39_I187_S1
Committing metadata for sample P39_I188_S1
Committing metadata for sample P39_I189_S1
Committing metadata for sample P39_I190_S1
Committing metadata for sample P39_I191_S1
Committing metadata for sample P39_I192_S1
Committing metadata for sample P39_I193_S1
Committing metadata for sample P39_I194_S1
Committing metadata for sample P39_I195_S1
Committing metadata for sample P39_I196_S1
Committing metadata for sample P39_I197_S1
Committing metadata for sample P39_I198_S1
Committing metadata for sample P39_I199_S1
Committing metadata for sample P39_I200_S1
Committing metadata for sample P39_I201_S1
Committing metadata for sample P39_I202_S1
Committing metadata for sample P39_I203_S1
Committing metadata for sample P39_I204_S1
Committing metadata for sample P39_I205_S1
Committing metadata for sample P39_I206_S1
Committing metadata for sample P39_I207_S1
Committing metadata for sample P39_I208_S1
Committing metadata for sample P39_I209_S1
Committing metadata for sample P39_I210_S1
Committing metadata for sample P39_I211_S1
Committing metadata for sample P39_I212_S1
Committing metadata for sample P39_I213_S1
Committing metadata for sample P39_I214_S1
Committing metadata for sample P39_I215_S1
Committing metadata for sample P39_I216_S1
Committing metadata for sample P39_I217_S1
Committing metadata for sample P39_I218_S1
Committing metadata for sample P39_I219_S1
Committing metadata for sample P39_I220_S1
Committing metadata for sample P39_I221_S1
Committing metadata for sample P39_I222_S1
Committing metadata for sample P39_I223_S1
Committing metadata for sample P39_I224_S1
Committing metadata for sample P39_I225_S1
Committing metadata for sample P39_I226_S1
Committing metadata for sample P39_I227_S1
Committing metadata for sample P39_I228_S1
Committing metadata for sample P39_I229_S1
Committing metadata for sample P39_I230_S1
Committing metadata for sample P39_I231_S1
Committing metadata for sample P39_I232_S1
Committing metadata for sample P39_I233_S1
Committing metadata for sample P39_I234_S1
Committing metadata for sample P39_I235_S1
Committing metadata for sample P39_I236_S1
Committing metadata for sample P39_I237_S1
Committing metadata for sample P39_I238_S1
Committing metadata for sample P39_I239_S1
Committing metadata for sample P39_I240_S1
Committing metadata for sample P39_I241_S1
Committing metadata for sample P39_I242_S1
Committing metadata for sample P39_I243_S1
Committing metadata for sample P39_I244_S1
Committing metadata for sample P39_I245_S1
Committing metadata for sample P39_I246_S1
Committing metadata for sample P39_I247_S1
Committing metadata for sample P39_I248_S1
Committing metadata for sample P39_I249_S1
Committing metadata for sample P39_I250_S1
Committing metadata for sample P39_I251_S1
Committing metadata for sample P39_I252_S1
Committing metadata for sample P39_I253_S1
Committing metadata for sample P39_I254_S1
Committing metadata for sample P39_I255_S1
Committing metadata for sample P39_I256_S1
Committing metadata for sample P39_I257_S1
Committing metadata for sample P39_I258_S1
Committing metadata for sample P39_I259_S1
Committing metadata for sample P39_I260_S1
Committing metadata for sample P39_I261_S1
Committing metadata for sample P39_I262_S1
Committing metadata for sample P39_I263_S1
Committing metadata for sample P39_I264_S1
Committing metadata for sample P39_I265_S1
Committing metadata for sample P39_I266_S1
Committing metadata for sample P39_I267_S1
Committing metadata for sample P39_I268_S1
Committing metadata for sample P39_I269_S1
Committing metadata for sample P39_I270_S1
Committing metadata for sample P39_I271_S1
Committing metadata for sample P39_I272_S1
Committing metadata for sample P39_I273_S1
Committing metadata for sample P39_I274_S1
Committing metadata for sample P39_I275_S1
Committing metadata for sample P39_I276_S1
Committing metadata for sample P39_I277_S1
Committing metadata for sample P39_I278_S1
Committing metadata for sample P39_I279_S1
Committing metadata for sample P39_I280_S1
Committing metadata for sample P39_I281_S1
Committing metadata for sample P39_I282_S1
Committing metadata for sample P39_I283_S1
Committing metadata for sample P39_I284_S1
Committing metadata for sample P39_I285_S1
Committing metadata for sample P39_I286_S1
Committing metadata for sample P39_I287_S1
Committing metadata for sample P39_I288_S1
Committing metadata for sample P39_I289_S1
Committing metadata for sample P39_I290_S1
Committing metadata for sample P39_I291_S1
Committing metadata for sample P39_I292_S1
Committing metadata for sample P39_I293_S1
Committing metadata for sample P39_I294_S1
Committing metadata for sample P39_I295_S1
Committing metadata for sample P39_I296_S1
Committing metadata for sample P39_I297_S1
Committing metadata for sample P39_I298_S1
Committing metadata for sample P39_I299_S1
Committing metadata for sample P39_I300_S1
Committing metadata for sample P39_I301_S1
Committing metadata for sample P39_I302_S1
Committing metadata for sample P39_I303_S1
Committing metadata for sample P39_I304_S1
Committing metadata for sample P39_I305_S1
Committing metadata for sample P39_I306_S1
Committing metadata for sample P39_I307_S1
Committing metadata for sample P39_I308_S1
Committing metadata for sample P39_I309_S1
Committing metadata for sample P39_I310_S1
Committing metadata for sample P39_I311_S1
Committing metadata for sample P39_I312_S1
Committing metadata for sample P39_I313_S1
Committing metadata for sample P39_I314_S1
Committing metadata for sample P39_I315_S1
Committing metadata for sample P39_I316_S1
Committing metadata for sample P39_I317_S1
Committing metadata for sample P39_I318_S1
Committing metadata for sample P39_I319_S1
Committing metadata for sample P39_I320_S1
Committing metadata for sample P39_I321_S1
Committing metadata for sample P39_I322_S1
Committing metadata for sample P39_I323_S1
Committing metadata for sample P39_I324_S1
Committing metadata for sample P39_I325_S1
Committing metadata for sample P39_I326_S1
Committing metadata for sample P39_I327_S1
Committing metadata for sample P39_I328_S1
Committing metadata for sample P39_I329_S1
Committing metadata for sample P39_I330_S1
Committing metadata for sample P39_I331_S1
Committing metadata for sample P39_I332_S1
Committing metadata for sample P39_I333_S1
Committing metadata for sample P39_I334_S1
Committing metadata for sample P39_I335_S1
Committing metadata for sample P39_I336_S1
Committing metadata for sample P39_I337_S1
Committing metadata for sample P39_I338_S1
Committing metadata for sample P39_I339_S1
Committing metadata for sample P39_I340_S1
Committing metadata for sample P39_I341_S1
Committing metadata for sample P39_I342_S1
Committing metadata for sample P39_I343_S1
Committing metadata for sample P39_I344_S1
Committing metadata for sample P39_I345_S1
Committing metadata for sample P39_I346_S1
Committing metadata for sample P39_I347_S1
Committing metadata for sample P39_I348_S1
Committing metadata for sample P39_I349_S1
Committing metadata for sample P39_I350_S1
Committing metadata for sample P39_I351_S1
Committing metadata for sample P39_I352_S1
Committing metadata for sample P39_I353_S1
Committing metadata for sample P39_I354_S1
Committing metadata for sample P39_I355_S1
Committing metadata for sample P39_I356_S1
Committing metadata for sample P39_I357_S1
Committing metadata for sample P39_I358_S1
Committing metadata for sample P39_I359_S1
Committing metadata for sample P39_I360_S1
Committing metadata for sample P39_I361_S1
Committing metadata for sample P39_I362_S1
Committing metadata for sample P39_I363_S1
Committing metadata for sample P39_I364_S1
Committing metadata for sample P39_I365_S1
Committing metadata for sample P39_I366_S1
Committing metadata for sample P39_I367_S1
Committing metadata for sample P39_I368_S1
Committing metadata for sample P39_I369_S1
Committing metadata for sample P39_I370_S1
Committing metadata for sample P39_I371_S1
Committing metadata for sample P39_I372_S1
Committing metadata for sample P39_I373_S1
Committing metadata for sample P39_I374_S1
Committing metadata for sample P39_I375_S1
Committing metadata for sample P39_I376_S1
Committing metadata for sample P39_I377_S1
Committing metadata for sample P39_I378_S1
Committing metadata for sample P39_I379_S1
Committing metadata for sample P39_I380_S1
Committing metadata for sample P39_I381_S1
Committing metadata for sample P39_I382_S1
Committing metadata for sample P39_I383_S1
Committing metadata for sample P39_I384_S1
Committing metadata for sample P39_I385_S1
Committing metadata for sample P39_I386_S1
Committing metadata for sample P39_I387_S1
Committing metadata for sample P39_I388_S1
Committing metadata for sample P39_I389_S1
Committing metadata for sample P39_I390_S1
Committing metadata for sample P39_I391_S1
Committing metadata for sample P39_I392_S1
Committing metadata for sample P39_I393_S1
Committing metadata for sample P39_I394_S1
Committing metadata for sample P39_I395_S1
Committing metadata for sample P39_I396_S1
Committing metadata for sample P39_I397_S1
Committing metadata for sample P39_I398_S1
Committing metadata for sample P39_I399_S1
Committing metadata for sample P39_I400_S1
Committing metadata for sample P39_I401_S1
Committing metadata for sample P39_I402_S1
Committing metadata for sample P39_I403_S1
Committing metadata for sample P39_I404_S1
Committing metadata for sample P39_I405_S1
Committing metadata for sample P39_I406_S1
Committing metadata for sample P39_I407_S1
Committing metadata for sample P39_I408_S1
Committing metadata for sample P39_I409_S1
Committing metadata for sample P39_I410_S1
Committing metadata for sample P39_I411_S1
Committing metadata for sample P39_I412_S1
Committing metadata for sample P39_I413_S1
Committing metadata for sample P39_I414_S1
Committing metadata for sample P39_I415_S1
Committing metadata for sample P39_I416_S1
Committing metadata for sample P39_I417_S1
Committing metadata for sample P39_I418_S1
Committing metadata for sample P39_I419_S1
Committing metadata for sample P39_I420_S1
Committing metadata for sample P39_I421_S1
Committing metadata for sample P39_I422_S1
Committing metadata for sample P39_I423_S1
Committing metadata for sample P39_I424_S1
Committing metadata for sample P39_I425_S1
Committing metadata for sample P39_I426_S1
Committing metadata for sample P39_I427_S1
Committing metadata for sample P39_I428_S1
Committing metadata for sample P39_I429_S1
Committing metadata for sample P39_I430_S1
Committing metadata for sample P39_I431_S1
Committing metadata for sample P39_I432_S1
Committing metadata for sample P39_I433_S1
Committing metadata for sample P39_I434_S1
Committing metadata for sample P39_I435_S1
Committing metadata for sample P39_I436_S1
Committing metadata for sample P39_I437_S1
Committing metadata for sample P39_I438_S1
Committing metadata for sample P39_I439_S1
Committing metadata for sample P39_I440_S1
Committing metadata for sample P39_I441_S1
Committing metadata for sample P39_I442_S1
Committing metadata for sample P39_I443_S1
Committing metadata for sample P39_I444_S1
Committing metadata for sample P39_I445_S1
Committing metadata for sample P39_I446_S1
Committing metadata for sample P39_I447_S1
Committing metadata for sample P39_I448_S1
Committing metadata for sample P39_I449_S1
Committing metadata for sample P39_I450_S1
Committing metadata for sample P39_I451_S1
Committing metadata for sample P39_I452_S1
Committing metadata for sample P39_I453_S1
Committing metadata for sample P39_I454_S1
Committing metadata for sample P39_I455_S1
Committing metadata for sample P39_I456_S1
Committing metadata for sample P39_I457_S1
Committing metadata for sample P39_I458_S1
Committing metadata for sample P39_I459_S1
Committing metadata for sample P39_I460_S1
Committing metadata for sample P39_I461_S1
Committing metadata for sample P39_I462_S1
Committing metadata for sample P39_I463_S1
Committing metadata for sample P39_I464_S1
Committing metadata for sample P39_I465_S1
Committing metadata for sample P39_I466_S1
Committing metadata for sample P39_I467_S1
Committing metadata for sample P39_I468_S1
Committing metadata for sample P39_I469_S1
Committing metadata for sample P39_I470_S1
Committing metadata for sample P39_I471_S1
Committing metadata for sample P39_I472_S1
Committing metadata for sample P39_I473_S1
Committing metadata for sample P39_I474_S1
Committing metadata for sample P39_I475_S1
Committing metadata for sample P39_I476_S1
Committing metadata for sample P39_I477_S1
Committing metadata for sample P39_I478_S1
Committing metadata for sample P39_I479_S1
Committing metadata for sample P39_I480_S1
Committing metadata for sample P39_I481_S1
Committing metadata for sample P39_I482_S1
Committing metadata for sample P39_I483_S1
Committing metadata for sample P39_I484_S1
Committing metadata for sample P39_I485_S1
Committing metadata for sample P39_I486_S1
Committing metadata for sample P39_I487_S1
Committing metadata for sample P39_I488_S1
Committing metadata for sample P39_I489_S1
Committing metadata for sample P39_I490_S1
Committing metadata for sample P39_I491_S1
Committing metadata for sample P39_I492_S1
Committing metadata for sample P39_I493_S1
Committing metadata for sample P39_I494_S1
Committing metadata for sample P39_I495_S1
Committing metadata for sample P39_I496_S1
Committing metadata for sample P39_I497_S1
Committing metadata for sample P39_I498_S1
Committing metadata for sample P39_I499_S1
Committing metadata for sample P39_I500_S1
Committing metadata for sample P39_I501_S1
Committing metadata for sample P39_I502_S1
Committing metadata for sample P39_I503_S1
Committing metadata for sample P39_I504_S1
Committing metadata for sample P39_I505_S1
Committing metadata for sample P39_I506_S1
Committing metadata for sample P39_I507_S1
Committing metadata for sample P39_I508_S1
Committing metadata for sample P39_I509_S1
Committing metadata for sample P39_I510_S1
Committing metadata for sample P39_I511_S1
Committing metadata for sample P39_I512_S1
Committing metadata for sample P39_I513_S1
Committing metadata for sample P39_I514_S1
Committing metadata for sample P39_I515_S1
Committing metadata for sample P39_I516_S1
Committing metadata for sample P39_I517_S1
Committing metadata for sample P39_I518_S1
Committing metadata for sample P39_I519_S1
Committing metadata for sample P39_I520_S1
Committing metadata for sample P39_I521_S1
Committing metadata for sample P39_I522_S1
Committing metadata for sample P39_I523_S1
Committing metadata for sample P39_I524_S1
Committing metadata for sample P39_I525_S1
Committing metadata for sample P39_I526_S1
Committing metadata for sample P39_I527_S1
Committing metadata for sample P39_I528_S1
Committing metadata for sample P39_I529_S1
Committing metadata for sample P39_I530_S1
Committing metadata for sample P39_I531_S1
Committing metadata for sample P39_I532_S1
Committing metadata for sample P39_I533_S1
Committing metadata for sample P39_I534_S1
Committing metadata for sample P39_I535_S1
Committing metadata for sample P39_I536_S1
Committing metadata for sample P39_I537_S1
Committing metadata for sample P39_I538_S1
Committing metadata for sample P39_I539_S1
Committing metadata for sample P39_I540_S1
Committing metadata for sample P39_I541_S1
Committing metadata for sample P39_I542_S1
Committing metadata for sample P39_I543_S1
Committing metadata for sample P39_I544_S1
Committing metadata for sample P39_I545_S1
Committing metadata for sample P39_I546_S1
Committing metadata for sample P39_I547_S1
Committing metadata for sample P39_I548_S1
Committing metadata for sample P39_I549_S1
Committing metadata for sample P39_I550_S1
Committing metadata for sample P39_I551_S1
Committing metadata for sample P39_I552_S1
Committing metadata for sample P39_I553_S1
Committing metadata for sample P39_I554_S1
Committing metadata for sample P39_I555_S1
Committing metadata for sample P39_I556_S1
Committing metadata for sample P39_I557_S1
Committing metadata for sample P39_I558_S1
Committing metadata for sample P39_I559_S1
Committing metadata for sample P39_I560_S1
Committing metadata for sample P39_I561_S1
Committing metadata for sample P39_I562_S1
Committing metadata for sample P39_I563_S1
Committing metadata for sample P39_I564_S1
Committing metadata for sample P39_I565_S1
Committing metadata for sample P39_I566_S1
Committing metadata for sample P39_I567_S1
Committing metadata for sample P39_I568_S1
Committing metadata for sample P39_I569_S1
Committing metadata for sample P39_I570_S1
Committing metadata for sample P39_I571_S1
Committing metadata for sample P39_I572_S1
Committing metadata for sample P39_I573_S1
Committing metadata for sample P39_I574_S1
Committing metadata for sample P39_I575_S1
Committing metadata for sample P39_I576_S1
Committing metadata for sample P39_I577_S1
Committing metadata for sample P39_I578_S1
Committing metadata for sample P39_I579_S1
Committing metadata for sample P39_I580_S1
Committing metadata for sample P39_I581_S1
Committing metadata for sample P39_I582_S1
Committing metadata for sample P39_I583_S1
Committing metadata for sample P39_I584_S1
Committing metadata for sample P39_I585_S1
Committing metadata for sample P39_I586_S1
Committing metadata for sample P39_I587_S1
Committing metadata for sample P39_I588_S1
Committing metadata for sample P39_I589_S1
Committing metadata for sample P39_I590_S1
Committing metadata for sample P39_I591_S1
Committing metadata for sample P39_I592_S1
Committing metadata for sample P39_I593_S1
status: Processing deleted alleles
status: Processing genotypes
/misc/work/VDJbase/digby_dev_data/AIRR-seq/Human/IGH/samples/P39/P39_I1_S1/P39_I1_S1_genotype.tsv
adding ambiguous allele IGHV1-3*01_05_c134a
adding  allele IGHV3-30*02_t201c
adding  allele IGHV3-48*03_t303g
adding  allele IGHV4-30-2*01_c315g
adding  allele IGHV4-34*01_t300c
adding  allele IGHV4-59*12_c300t
adding  allele IGHV4-59*12_g291a
adding  allele IGHV4-NL1*01_c300t
/misc/work/VDJbase/digby_dev_data/AIRR-seq/Human/IGH/samples/P39/P39_I2_S1/P39_I2_S1_genotype.tsv
adding  allele IGHV1-3*02_g167t_c309t
adding  allele IGHV2-70*15_t112c
adding  allele IGHV3-30*18_c170g_a171g
adding  allele IGHV3-30*02_t201c_a317g
adding  allele IGHV3-33*08_c288t
adding  allele IGHV3-74*01_a315g
adding  allele IGHV4-30-2*01_c228t_c285t_c315g
/misc/work/VDJbase/digby_dev_data/AIRR-seq/Human/IGH/samples/P39/P39_I3_S1/P39_I3_S1_genotype.tsv
adding  allele IGHV1-8*02_a250g
adding  allele IGHV1-69*10_a244g
adding  allele IGHV4-30-4*08_c315g
adding  allele IGHV4-34*01_g291a_t300c
adding  allele IGHV4-61*02_g164a
/misc/work/VDJbase/digby_dev_data/AIRR-seq/Human/IGH/samples/P39/P39_I4_S1/P39_I4_S1_genotype.tsv
adding  allele IGHV3-15*01_t247c
adding  allele IGHV3-30-3*01_g317a
adding  allele IGHV4-4*09_a291g_c300t
adding  allele IGHV4-38-2*01_a291g_c300t
adding  allele IGHV4-61*02_a291g_c300t
adding  allele IGHV4-NL1*01_t109c
/misc/work/VDJbase/digby_dev_data/AIRR-seq/Human/IGH/samples/P39/P39_I5_S1/P39_I5_S1_genotype.tsv
adding  allele IGHV1-24*01_a315g_c317g
adding  allele IGHV3-11*04_g240a
adding  allele IGHV3-15*07_c159t
adding  allele IGHV3-30*18_c170g_a171g_g301a
adding  allele IGHV4-4*08_c136g_a138c_t163c_c237a
adding  allele IGHV4-31*03_c198t
adding  allele IGHV4-39*07_g291a
adding  allele IGHV4-59*11_a147g_t163a_a164g
adding  allele IGHV4-61*02_g164a_c288t_a291g
adding  allele IGHV4-NL1*01_t109c_a147g_t163a_a164g_c300t
adding  allele IGHV4-NL1*01_t109c_a147g_t163a_a164g
/misc/work/VDJbase/digby_dev_data/AIRR-seq/Human/IGH/samples/P39/P39_I6_S1/P39_I6_S1_genotype.tsv
adding ambiguous allele IGHV1-69*04_09_a81t_g82t_g83a_c90t_g104c_c113g
adding  allele IGHV3-30*03_t288c
adding  allele IGHV4-34*01_g291a
/misc/work/VDJbase/digby_dev_data/AIRR-seq/Human/IGH/samples/P39/P39_I7_S1/P39_I7_S1_genotype.tsv
adding  allele IGHV3-30-3*01_t288c
adding ambiguous allele IGHV4-4*02_03_a245c_c300t
adding  allele IGHV4-59*01_a138g
/misc/work/VDJbase/digby_dev_data/AIRR-seq/Human/IGH/samples/P39/P39_I8_S1/P39_I8_S1_genotype.tsv
adding  allele IGHV3-7*04_g318a
adding  allele IGHV3-13*04_a315g
adding  allele IGHV3-30*i02_t201c_t288c_t300c_g303a
adding  allele IGHV3-33*01_c288t
adding  allele IGHV3-66*02_t267g
adding  allele IGHV3-66*02_a81g_t267g
adding ambiguous allele IGHV4-4*02_03_a245c_c288t
adding  allele IGHV4-30-4*01_c315g
adding  allele IGHV4-38-2*01_a291g
adding  allele IGHV4-38-2*01_c288a_a291g
/misc/work/VDJbase/digby_dev_data/AIRR-seq/Human/IGH/samples/P39/P39_I9_S1/P39_I9_S1_genotype.tsv
adding  allele IGHV3-30*02_a317g
/misc/work/VDJbase/digby_dev_data/AIRR-seq/Human/IGH/samples/P39/P39_I10_S1/P39_I10_S1_genotype.tsv
adding  allele IGHV1-3*02_g167t
adding  allele IGHV3-9*01_c246t
adding  allele IGHV3-30*04_t288c
adding  allele IGHV4-31*03_t285c
/misc/work/VDJbase/digby_dev_data/AIRR-seq/Human/IGH/samples/P39/P39_I11_S1/P39_I11_S1_genotype.tsv
adding  allele IGHV1-18*01_a190g
adding  allele IGHV2-5*02_a202g
adding  allele IGHV3-15*01_g147a
/misc/work/VDJbase/digby_dev_data/AIRR-seq/Human/IGH/samples/P39/P39_I12_S1/P39_I12_S1_genotype.tsv
adding ambiguous allele IGHV1-69*01_12_13_c191t
adding  allele IGHV3-9*01_t194c
adding  allele IGHV3-13*01_g290a
/misc/work/VDJbase/digby_dev_data/AIRR-seq/Human/IGH/samples/P39/P39_I13_S1/P39_I13_S1_genotype.tsv
adding  allele IGHV3-9*01_g106a
adding  allele IGHV3-11*06_a240g
/misc/work/VDJbase/digby_dev_data/AIRR-seq/Human/IGH/samples/P39/P39_I14_S1/P39_I14_S1_genotype.tsv
adding ambiguous allele IGHV1-3*01_05_t300c
adding  allele IGHV1-24*01_g291c_a315g_c317g
adding  allele IGHV1-46*01_a75t_a106g
adding  allele IGHV2-26*01_a301g
adding  allele IGHV2-70*15_a60g
adding  allele IGHV3-7*01_g315a
adding  allele IGHV3-13*01_a315g
adding  allele IGHV3-20*04_c258a_t279c_c300t_t301g
adding  allele IGHV3-30*02_g75c
adding  allele IGHV3-33*01_g163t_t169c
adding  allele IGHV3-33*01_g163t_t169c_t246c_t247g_a256t_g258a
adding  allele IGHV3-33*01_g163t_t169c_g315a
adding ambiguous allele IGHV3-53*01_02_g81a_a225g_t267g_g303a_g317a
adding  allele IGHV3-64D*09_t314c
adding  allele IGHV3-66*02_t267g_g317a
adding ambiguous allele IGHV4-4*02_03_a245c_g291a
adding  allele IGHV4-30-4*08_t285c_c315g
adding  allele IGHV4-38-2*02_a291g_c300t
adding  allele IGHV4-39*07_c129g_t172c_g291a
adding  allele IGHV4-39*07_a237c_g291a
adding  allele IGHV4-61*11_a291g
adding  allele IGHV4-NL1*01_c285t_g315c
adding  allele IGHV4-NL1*01_a237c_c300t
adding ambiguous allele IGHV5-10-1*01_03_a118g
adding ambiguous allele IGHV5-10-1*01_03_t258c
/misc/work/VDJbase/digby_dev_data/AIRR-seq/Human/IGH/samples/P39/P39_I15_S1/P39_I15_S1_genotype.tsv
adding  allele IGHV1-3*02_t296c_t300c
adding  allele IGHV1-8*02_c213t_a225g_a241g_c246g_a252c_c279g_g291c
adding  allele IGHV1-58*02_g316a_c317g
adding  allele IGHV2-70*15_g303a
adding  allele IGHV3-9*01_c258a_t279c_t288c_c300t_t301g_a315g_a317g
adding  allele IGHV3-21*01_g315a
adding ambiguous allele IGHV3-23*01_04_c113g
adding  allele IGHV3-33*01_g163t_t169c_t201c_t300c
adding  allele IGHV3-33*01_g163t_t169c_t201c
adding  allele IGHV3-33*01_g163t_t169c_t201c_g315a
adding  allele IGHV3-53*05_t267g_c300t
adding  allele IGHV3-53*05_t267g_c300t_g317a
adding  allele IGHV3-64D*06_a223c_a225g_t267g_g275a_t279c_t288c_t300c_g303a_t314c
adding  allele IGHV4-4*08_t163c_a164g_c237a
adding  allele IGHV4-4*08_t163c_a164g_c237a_a291g
adding  allele IGHV4-61*02_a291g
/misc/work/VDJbase/digby_dev_data/AIRR-seq/Human/IGH/samples/P39/P39_I16_S1/P39_I16_S1_genotype.tsv
adding  allele IGHV1-46*03_a75t_a106g
adding  allele IGHV1-69-2*01_t164g_c201t_g240a
adding  allele IGHV2-70D*04_c112t
adding  allele IGHV3-33*01_g163t_t169c_t300c
adding  allele IGHV4-4*08_c136g_a138c_t163c_a164g_c300t
adding  allele IGHV4-4*09_c165t_a234g_a291g
adding  allele IGHV4-30-2*01_g245c_g291a_c315g
adding  allele IGHV4-30-4*08_t285c_a291g_c315g
adding  allele IGHV4-38-2*02_a291g
/misc/work/VDJbase/digby_dev_data/AIRR-seq/Human/IGH/samples/P39/P39_I17_S1/P39_I17_S1_genotype.tsv
adding  allele IGHV4-38-2*01_c300t
/misc/work/VDJbase/digby_dev_data/AIRR-seq/Human/IGH/samples/P39/P39_I18_S1/P39_I18_S1_genotype.tsv
adding  allele IGHV4-30-2*01_g291a_c315g
adding  allele IGHV4-30-2*01_g291a
adding ambiguous allele IGHV4-39*01_08_t300c
/misc/work/VDJbase/digby_dev_data/AIRR-seq/Human/IGH/samples/P39/P39_I19_S1/P39_I19_S1_genotype.tsv
adding  allele IGHV1-18*04_t81a_t90c_a106g_g112t_g113a_c117g_a118c_g119a_a190g
adding ambiguous allele IGHV1-69*01_12_13_a81t_g82t_g83a_c90t_g104c_c113g
adding ambiguous allele IGHV3-23*01_04_c300t_a303g_a317g
adding  allele IGHV3-30*i02_t189c
adding  allele IGHV3-33*06_c288t
adding  allele IGHV4-4*09_c136g_a138c
adding  allele IGHV4-4*09_c77a_c84g_a88t_a106g_c136g_a138c
adding  allele IGHV4-4*09_t109c_c136g_a138c
adding  allele IGHV4-30-2*01_c113a_g129c_c134a_a135c_c315g
adding  allele IGHV4-30-2*01_c113a_g129c_c134a_a135c
adding  allele IGHV4-59*11_t288c
adding  allele IGHV4-61*02_c163t_g164a_t165c
adding  allele IGHV4-61*01_i04_g88a
/misc/work/VDJbase/digby_dev_data/AIRR-seq/Human/IGH/samples/P39/P39_I20_S1/P39_I20_S1_genotype.tsv
adding  allele IGHV1-8*02_a106g_t111c_g112t_c117g_a118c_a136c
adding  allele IGHV1-46*01_a75t
adding  allele IGHV3-11*04_g240a_g303t
adding  allele IGHV3-48*04_a184g
adding  allele IGHV3-66*01_a193g
adding  allele IGHV4-4*09_a291g
adding  allele IGHV4-30-2*01_g245c_c315g
adding ambiguous allele IGHV4-39*01_08_c237a_t300c
adding  allele IGHV4-59*12_a147g_t163a_a164g_c174t_a196t_c207g
adding  allele IGHV4-61*01_i04_g88a_g103a
adding  allele IGHV4-NL1*01_a147g_t163a_a164g_t172c_c174t_a196t_c207g
/misc/work/VDJbase/digby_dev_data/AIRR-seq/Human/IGH/samples/P39/P39_I21_S1/P39_I21_S1_genotype.tsv
adding ambiguous allele IGHV1-69*06_14_g163a
adding  allele IGHV2-26*01_g73a
adding  allele IGHV3-74*01_g297a
adding  allele IGHV3-74*01_t279c_a315g
adding  allele IGHV3-74*01_a256t_g258a_t279c_a315g
adding ambiguous allele IGHV4-4*02_03_a245c
adding  allele IGHV4-30-4*08_t228c_t285c_a291g_c315g
adding  allele IGHV4-30-4*08_t228c_t285c_c315g
adding  allele IGHV4-NL1*01_t109c_a147g_t163a_a164g_t172c_c174t_a196t_c207g
/misc/work/VDJbase/digby_dev_data/AIRR-seq/Human/IGH/samples/P39/P39_I22_S1/P39_I22_S1_genotype.tsv
/misc/work/VDJbase/digby_dev_data/AIRR-seq/Human/IGH/samples/P39/P39_I23_S1/P39_I23_S1_genotype.tsv
adding  allele IGHV3-23*03_c288t
adding  allele IGHV3-23*03_t201c_t243c
/misc/work/VDJbase/digby_dev_data/AIRR-seq/Human/IGH/samples/P39/P39_I24_S1/P39_I24_S1_genotype.tsv
adding  allele IGHV4-39*07_t172c_g291a
/misc/work/VDJbase/digby_dev_data/AIRR-seq/Human/IGH/samples/P39/P39_I25_S1/P39_I25_S1_genotype.tsv
/misc/work/VDJbase/digby_dev_data/AIRR-seq/Human/IGH/samples/P39/P39_I26_S1/P39_I26_S1_genotype.tsv
/misc/work/VDJbase/digby_dev_data/AIRR-seq/Human/IGH/samples/P39/P39_I27_S1/P39_I27_S1_genotype.tsv
adding ambiguous allele IGHV1-3*01_05_a291g_t300c
adding  allele IGHV1-18*04_t81a_t90c_a106g_g112t_g113a_c117g_a118c_g119a
adding  allele IGHV3-30*20_g75c
adding  allele IGHV3-64D*06_t314c
adding ambiguous allele IGHV4-4*02_03_t169a_g189a_a245c_c300t
adding  allele IGHV4-30-2*01_g245c_c300t_c315g
adding  allele IGHV4-30-4*01_t228c_t285c_a291g_c300t_c315g
adding  allele IGHV4-30-4*01_t285c_a291g_c300t_c315g
adding  allele IGHV4-31*03_t285c_c300t
adding  allele IGHV4-38-2*01_c77a_t82g_a83g_c84g_a88t
adding  allele IGHV4-39*07_g118a_a163g_g164a_t165a_t169a_t172c_g189a_t196a_c300t
adding  allele IGHV4-61*01_i04_t288c_g291a
adding  allele IGHV4-61*01_i04_g88a_a106g_g107a_c120t_g129c_a147c_t165c
/misc/work/VDJbase/digby_dev_data/AIRR-seq/Human/IGH/samples/P39/P39_I28_S1/P39_I28_S1_genotype.tsv
/misc/work/VDJbase/digby_dev_data/AIRR-seq/Human/IGH/samples/P39/P39_I29_S1/P39_I29_S1_genotype.tsv
adding  allele IGHV3-33*06_t300c_g303a
adding ambiguous allele IGHV5-51*01_03_c230a
/misc/work/VDJbase/digby_dev_data/AIRR-seq/Human/IGH/samples/P39/P39_I30_S1/P39_I30_S1_genotype.tsv
adding  allele IGHV3-30*18_t288c_t300c_g303a
adding  allele IGHV3-30-3*01_t288c_t300c_g303a_g317a
adding  allele IGHV4-30-4*01_c249t_a291g_c315g
adding  allele IGHV4-34*01_c288t_t300c
adding  allele IGHV4-39*07_a103g_a106g_g118a_a163g_g164a_t165a_t169a_t172c_g189a_t196a_c300t
adding  allele IGHV4-39*07_a237c_c288t
/misc/work/VDJbase/digby_dev_data/AIRR-seq/Human/IGH/samples/P39/P39_I31_S1/P39_I31_S1_genotype.tsv
/misc/work/VDJbase/digby_dev_data/AIRR-seq/Human/IGH/samples/P39/P39_I32_S1/P39_I32_S1_genotype.tsv
/misc/work/VDJbase/digby_dev_data/AIRR-seq/Human/IGH/samples/P39/P39_I33_S1/P39_I33_S1_genotype.tsv
adding ambiguous allele IGHV3-23*01_04_c288t_c300t_a303g_a317g
adding  allele IGHV3-30*i02_t201c
adding  allele IGHV4-31*03_g92a_c111t_a113t_a138t_a164g_a225c_a234c_g238c_a240t_t249c_a250g
adding  allele IGHV4-61*01_i04_g88a_t288c_g291a
/misc/work/VDJbase/digby_dev_data/AIRR-seq/Human/IGH/samples/P39/P39_I34_S1/P39_I34_S1_genotype.tsv
adding  allele IGHV1-2*02_g279c_c291g
adding  allele IGHV1-18*04_c291g
adding similar allele IGHV3-7*04_g318a
adding ambiguous allele IGHV3-23*01_04_c288t_c300t_a303g
adding  allele IGHV3-48*01_t300c_g303a_g317a
adding ambiguous allele IGHV3-53*01_02_t267g_g303a_g317a
adding ambiguous allele IGHV3-53*01_02_a225g_t267g_g303a_g317a
adding  allele IGHV4-30-4*07_c315g
/misc/work/VDJbase/digby_dev_data/AIRR-seq/Human/IGH/samples/P39/P39_I35_S1/P39_I35_S1_genotype.tsv
adding ambiguous allele IGHV1-3*01_05_a291c_t300c
adding  allele IGHV4-30-2*01_g245c_c288t_c315g
adding  allele IGHV4-61*01_i04_g88a_a106g
/misc/work/VDJbase/digby_dev_data/AIRR-seq/Human/IGH/samples/P39/P39_I36_S1/P39_I36_S1_genotype.tsv
adding  allele IGHV3-30*03_c75g_t288c
adding  allele IGHV3-33*06_g170c_g171a
adding ambiguous allele IGHV4-4*02_03_c300t
adding  allele IGHV4-NL1*01_a138g
/misc/work/VDJbase/digby_dev_data/AIRR-seq/Human/IGH/samples/P39/P39_I37_S1/P39_I37_S1_genotype.tsv
adding  allele IGHV3-30*01_t288c
/misc/work/VDJbase/digby_dev_data/AIRR-seq/Human/IGH/samples/P39/P39_I38_S1/P39_I38_S1_genotype.tsv
/misc/work/VDJbase/digby_dev_data/AIRR-seq/Human/IGH/samples/P39/P39_I39_S1/P39_I39_S1_genotype.tsv
adding  allele IGHV4-30-2*01_c288t_c315g
adding  allele IGHV4-30-4*01_t285c_c288t_a291g_c315g
adding  allele IGHV4-38-2*01_c288t_a291g
/misc/work/VDJbase/digby_dev_data/AIRR-seq/Human/IGH/samples/P39/P39_I40_S1/P39_I40_S1_genotype.tsv
adding ambiguous allele IGHV1-69*04_09_t89c
adding  allele IGHV3-30*04_c203t
adding  allele IGHV3-48*01_t300c
adding  allele IGHV3-48*01_c288t
adding  allele IGHV4-59*12_a196t_c207g_c228t_c249t_c285t
/misc/work/VDJbase/digby_dev_data/AIRR-seq/Human/IGH/samples/P39/P39_I41_S1/P39_I41_S1_genotype.tsv
/misc/work/VDJbase/digby_dev_data/AIRR-seq/Human/IGH/samples/P39/P39_I42_S1/P39_I42_S1_genotype.tsv
adding  allele IGHV3-30*03_t246c_t247g_a256t_g258a_t288c
adding  allele IGHV3-64D*06_t314c_a317g
/misc/work/VDJbase/digby_dev_data/AIRR-seq/Human/IGH/samples/P39/P39_I43_S1/P39_I43_S1_genotype.tsv
/misc/work/VDJbase/digby_dev_data/AIRR-seq/Human/IGH/samples/P39/P39_I44_S1/P39_I44_S1_genotype.tsv
adding ambiguous allele IGHV4-39*01_08_a291g
/misc/work/VDJbase/digby_dev_data/AIRR-seq/Human/IGH/samples/P39/P39_I45_S1/P39_I45_S1_genotype.tsv
adding  allele IGHV1-18*01_g276c_c291g
adding ambiguous allele IGHV1-69*04_09_a244g
adding  allele IGHV3-9*01_a104g
adding  allele IGHV4-59*12_a138g_c300t
/misc/work/VDJbase/digby_dev_data/AIRR-seq/Human/IGH/samples/P39/P39_I46_S1/P39_I46_S1_genotype.tsv
adding  allele IGHV1-18*01_t81a_t82g_a83g_t90c_c104g_g113c
adding ambiguous allele IGHV1-69*01_12_13_g291c
/misc/work/VDJbase/digby_dev_data/AIRR-seq/Human/IGH/samples/P39/P39_I47_S1/P39_I47_S1_genotype.tsv
/misc/work/VDJbase/digby_dev_data/AIRR-seq/Human/IGH/samples/P39/P39_I48_S1/P39_I48_S1_genotype.tsv
adding  allele IGHV4-59*12_c285t
adding  allele IGHV4-61*02_c288t_a291g
/misc/work/VDJbase/digby_dev_data/AIRR-seq/Human/IGH/samples/P39/P39_I49_S1/P39_I49_S1_genotype.tsv
/misc/work/VDJbase/digby_dev_data/AIRR-seq/Human/IGH/samples/P39/P39_I50_S1/P39_I50_S1_genotype.tsv
/misc/work/VDJbase/digby_dev_data/AIRR-seq/Human/IGH/samples/P39/P39_I51_S1/P39_I51_S1_genotype.tsv
adding  allele IGHV1-2*06_g279c_c291g
/misc/work/VDJbase/digby_dev_data/AIRR-seq/Human/IGH/samples/P39/P39_I52_S1/P39_I52_S1_genotype.tsv
/misc/work/VDJbase/digby_dev_data/AIRR-seq/Human/IGH/samples/P39/P39_I53_S1/P39_I53_S1_genotype.tsv
adding  allele IGHV4-31*03_t196a_g207c_t228c_t249c_t285c_c288t
/misc/work/VDJbase/digby_dev_data/AIRR-seq/Human/IGH/samples/P39/P39_I54_S1/P39_I54_S1_genotype.tsv
adding  allele IGHV4-61*01_i04_g88a_a106g_g129c_c134a_a147c_t165c
/misc/work/VDJbase/digby_dev_data/AIRR-seq/Human/IGH/samples/P39/P39_I55_S1/P39_I55_S1_genotype.tsv
/misc/work/VDJbase/digby_dev_data/AIRR-seq/Human/IGH/samples/P39/P39_I56_S1/P39_I56_S1_genotype.tsv
adding  allele IGHV3-33*06_g75c_t300c_g303a
/misc/work/VDJbase/digby_dev_data/AIRR-seq/Human/IGH/samples/P39/P39_I57_S1/P39_I57_S1_genotype.tsv
adding  allele IGHV3-48*02_g289a
/misc/work/VDJbase/digby_dev_data/AIRR-seq/Human/IGH/samples/P39/P39_I58_S1/P39_I58_S1_genotype.tsv
/misc/work/VDJbase/digby_dev_data/AIRR-seq/Human/IGH/samples/P39/P39_I59_S1/P39_I59_S1_genotype.tsv
adding  allele IGHV1-24*01_g278t_a315g_c317g
adding  allele IGHV1-24*01_g278t
adding  allele IGHV3-7*03_g303a_g317a
adding  allele IGHV3-20*04_a104g
/misc/work/VDJbase/digby_dev_data/AIRR-seq/Human/IGH/samples/P39/P39_I60_S1/P39_I60_S1_genotype.tsv
/misc/work/VDJbase/digby_dev_data/AIRR-seq/Human/IGH/samples/P39/P39_I61_S1/P39_I61_S1_genotype.tsv
adding  allele IGHV4-39*07_a237c
/misc/work/VDJbase/digby_dev_data/AIRR-seq/Human/IGH/samples/P39/P39_I62_S1/P39_I62_S1_genotype.tsv
/misc/work/VDJbase/digby_dev_data/AIRR-seq/Human/IGH/samples/P39/P39_I63_S1/P39_I63_S1_genotype.tsv
adding ambiguous allele IGHV3-23*01_04_a303g_a317g
adding  allele IGHV3-48*01_g247t_t256a_a258g_t300c_g303a_g317a
adding  allele IGHV3-66*01_g88t_c90t_t105c_a109t_c111t_t112g_a113c
adding  allele IGHV4-30-4*01_t285c_a291g_c315g
adding  allele IGHV4-30-4*01_t285c_c315g
/misc/work/VDJbase/digby_dev_data/AIRR-seq/Human/IGH/samples/P39/P39_I64_S1/P39_I64_S1_genotype.tsv
adding  allele IGHV2-70*01_g303a
adding  allele IGHV3-48*04_a184g_a240g_t300c
adding  allele IGHV4-61*01_i04_t288c_c300t
/misc/work/VDJbase/digby_dev_data/AIRR-seq/Human/IGH/samples/P39/P39_I65_S1/P39_I65_S1_genotype.tsv
adding  allele IGHV4-30-4*08_c245g
/misc/work/VDJbase/digby_dev_data/AIRR-seq/Human/IGH/samples/P39/P39_I66_S1/P39_I66_S1_genotype.tsv
adding  allele IGHV1-46*01_g291c
adding  allele IGHV3-74*01_c246t_g247t_t279c_t300c_g303a_a315g_g317a
/misc/work/VDJbase/digby_dev_data/AIRR-seq/Human/IGH/samples/P39/P39_I67_S1/P39_I67_S1_genotype.tsv
adding  allele IGHV1-2*04_c291g
adding  allele IGHV1-2*02_t211c_t213c_g225a_g239c_g240a_g246a_t251c_c252g_c276g_g279c
adding  allele IGHV1-24*01_c231g_g234t_a239c_a244g_c245a_t249c_a252g_g253a_a254g_a315g_c317g
adding  allele IGHV4-30-2*01_c300t_c315g
/misc/work/VDJbase/digby_dev_data/AIRR-seq/Human/IGH/samples/P39/P39_I68_S1/P39_I68_S1_genotype.tsv
/misc/work/VDJbase/digby_dev_data/AIRR-seq/Human/IGH/samples/P39/P39_I69_S1/P39_I69_S1_genotype.tsv
adding  allele IGHV3-33*08_g317a
adding ambiguous allele IGHV3-53*01_02_g241c
adding  allele IGHV4-61*01_i04_g88a_g103a_t288c_g291a
/misc/work/VDJbase/digby_dev_data/AIRR-seq/Human/IGH/samples/P39/P39_I70_S1/P39_I70_S1_genotype.tsv
/misc/work/VDJbase/digby_dev_data/AIRR-seq/Human/IGH/samples/P39/P39_I71_S1/P39_I71_S1_genotype.tsv
adding similar allele IGHV3-30*18_c170g_a171g
adding  allele IGHV4-38-2*02_a237c_c300t
adding  allele IGHV4-38-2*02_c288t_a291g
/misc/work/VDJbase/digby_dev_data/AIRR-seq/Human/IGH/samples/P39/P39_I72_S1/P39_I72_S1_genotype.tsv
/misc/work/VDJbase/digby_dev_data/AIRR-seq/Human/IGH/samples/P39/P39_I73_S1/P39_I73_S1_genotype.tsv
/misc/work/VDJbase/digby_dev_data/AIRR-seq/Human/IGH/samples/P39/P39_I74_S1/P39_I74_S1_genotype.tsv
adding  allele IGHV4-31*03_t249c_t285c_c300t
adding  allele IGHV4-31*03_t249c_t285c_c288t
adding  allele IGHV4-NL1*01_a138g_c300t
adding  allele IGHV4-NL1*01_a138g_a237c_c300t
/misc/work/VDJbase/digby_dev_data/AIRR-seq/Human/IGH/samples/P39/P39_I75_S1/P39_I75_S1_genotype.tsv
/misc/work/VDJbase/digby_dev_data/AIRR-seq/Human/IGH/samples/P39/P39_I76_S1/P39_I76_S1_genotype.tsv
/misc/work/VDJbase/digby_dev_data/AIRR-seq/Human/IGH/samples/P39/P39_I77_S1/P39_I77_S1_genotype.tsv
/misc/work/VDJbase/digby_dev_data/AIRR-seq/Human/IGH/samples/P39/P39_I78_S1/P39_I78_S1_genotype.tsv
adding  allele IGHV3-66*02_a81g
/misc/work/VDJbase/digby_dev_data/AIRR-seq/Human/IGH/samples/P39/P39_I79_S1/P39_I79_S1_genotype.tsv
/misc/work/VDJbase/digby_dev_data/AIRR-seq/Human/IGH/samples/P39/P39_I80_S1/P39_I80_S1_genotype.tsv
adding  allele IGHV4-NL1*01_c77a_c84g_a88t_a106g
/misc/work/VDJbase/digby_dev_data/AIRR-seq/Human/IGH/samples/P39/P39_I81_S1/P39_I81_S1_genotype.tsv
adding  allele IGHV4-61*11_g103a_a291g
/misc/work/VDJbase/digby_dev_data/AIRR-seq/Human/IGH/samples/P39/P39_I82_S1/P39_I82_S1_genotype.tsv
adding  allele IGHV3-48*03_a240g_t300c_t303g
/misc/work/VDJbase/digby_dev_data/AIRR-seq/Human/IGH/samples/P39/P39_I83_S1/P39_I83_S1_genotype.tsv
adding  allele IGHV4-31*03_c90t
/misc/work/VDJbase/digby_dev_data/AIRR-seq/Human/IGH/samples/P39/P39_I84_S1/P39_I84_S1_genotype.tsv
/misc/work/VDJbase/digby_dev_data/AIRR-seq/Human/IGH/samples/P39/P39_I85_S1/P39_I85_S1_genotype.tsv
adding  allele IGHV3-7*01_c288t
adding  allele IGHV3-11*06_c288t
adding  allele IGHV3-21*01_t300c
adding  allele IGHV4-30-2*05_t228c_a237c_t285c_c300t_c315g
/misc/work/VDJbase/digby_dev_data/AIRR-seq/Human/IGH/samples/P39/P39_I86_S1/P39_I86_S1_genotype.tsv
/misc/work/VDJbase/digby_dev_data/AIRR-seq/Human/IGH/samples/P39/P39_I87_S1/P39_I87_S1_genotype.tsv
/misc/work/VDJbase/digby_dev_data/AIRR-seq/Human/IGH/samples/P39/P39_I88_S1/P39_I88_S1_genotype.tsv
/misc/work/VDJbase/digby_dev_data/AIRR-seq/Human/IGH/samples/P39/P39_I89_S1/P39_I89_S1_genotype.tsv
adding  allele IGHV3-33*01_t105c_a173t_t192g_c288t
adding  allele IGHV3-33*06_t105c_a173t_t192g
adding  allele IGHV3-33*06_t105c_a173t_t192g_t300c_g303a
adding  allele IGHV4-31*03_t228c_t249c_t285c_c300t
/misc/work/VDJbase/digby_dev_data/AIRR-seq/Human/IGH/samples/P39/P39_I90_S1/P39_I90_S1_genotype.tsv
adding  allele IGHV1-46*01_c104t_g107a_t112c_g126a_c171a_c173a_a175g_g176a_g188t_g191c_g197t_a232g_a265t_g270a
adding  allele IGHV1-46*01_c104t_g107a_t112c_g126a_c171a_c173a_a175g_g176a_g188t_g191c_g197t_c231g_g234t_a238g_g239c_a244g_c245a_g246a_t260c
/misc/work/VDJbase/digby_dev_data/AIRR-seq/Human/IGH/samples/P39/P39_I91_S1/P39_I91_S1_genotype.tsv
/misc/work/VDJbase/digby_dev_data/AIRR-seq/Human/IGH/samples/P39/P39_I92_S1/P39_I92_S1_genotype.tsv
adding  allele IGHV1-2*06_t211c_t213c_g225a_g239c_g240a_g246a_t251c_c252g_c276g_g279c
adding  allele IGHV4-31*03_t228c_a237c_t249c_t285c_g291a_c300t
adding  allele IGHV4-61*01_i04_g88a_a106g_t288c_g291a
/misc/work/VDJbase/digby_dev_data/AIRR-seq/Human/IGH/samples/P39/P39_I93_S1/P39_I93_S1_genotype.tsv
adding  allele IGHV4-39*07_a103g_g118a_a163g_g164a_t165a_t169a_t172c_g189a_t196a_c300t
/misc/work/VDJbase/digby_dev_data/AIRR-seq/Human/IGH/samples/P39/P39_I94_S1/P39_I94_S1_genotype.tsv
adding ambiguous allele IGHV3-23*01_04_a303g
adding ambiguous allele IGHV3-53*01_02_t267g_c300t
adding  allele IGHV4-30-4*08_a107g_c134a
/misc/work/VDJbase/digby_dev_data/AIRR-seq/Human/IGH/samples/P39/P39_I95_S1/P39_I95_S1_genotype.tsv
/misc/work/VDJbase/digby_dev_data/AIRR-seq/Human/IGH/samples/P39/P39_I96_S1/P39_I96_S1_genotype.tsv
adding ambiguous allele IGHV1-58*01_03_c288t_g316a_c317g
adding ambiguous allele IGHV1-58*01_03_g316a_c317g
adding ambiguous allele IGHV3-23*01_04_a317g
adding  allele IGHV3-66*01_a81g
adding  allele IGHV4-61*01_i04_t288c
adding  allele IGHV4-NL1*01_c174t_a196t_c207g_a237c_c300t
adding  allele IGHV4-NL1*01_a196t_c207g_a237c_c300t
/misc/work/VDJbase/digby_dev_data/AIRR-seq/Human/IGH/samples/P39/P39_I97_S1/P39_I97_S1_genotype.tsv
adding  allele IGHV1-2*04_g279c_c291g
/misc/work/VDJbase/digby_dev_data/AIRR-seq/Human/IGH/samples/P39/P39_I98_S1/P39_I98_S1_genotype.tsv
adding  allele IGHV3-30*i02_t201c_c203t_t288c_t300c_g303a
adding  allele IGHV3-48*04_t300c
/misc/work/VDJbase/digby_dev_data/AIRR-seq/Human/IGH/samples/P39/P39_I99_S1/P39_I99_S1_genotype.tsv
/misc/work/VDJbase/digby_dev_data/AIRR-seq/Human/IGH/samples/P39/P39_I100_S1/P39_I100_S1_genotype.tsv
adding  allele IGHV1-2*02_c291g
adding  allele IGHV3-48*02_g313a
/misc/work/VDJbase/digby_dev_data/AIRR-seq/Human/IGH/samples/P39/P39_I101_S1/P39_I101_S1_genotype.tsv
/misc/work/VDJbase/digby_dev_data/AIRR-seq/Human/IGH/samples/P39/P39_I102_S1/P39_I102_S1_genotype.tsv
/misc/work/VDJbase/digby_dev_data/AIRR-seq/Human/IGH/samples/P39/P39_I103_S1/P39_I103_S1_genotype.tsv
adding  allele IGHV1-8*02_a241g_c246g_t251c_a252g_c260t
adding  allele IGHV3-74*01_a81g
adding  allele IGHV3-74*01_a81g_a315g
/misc/work/VDJbase/digby_dev_data/AIRR-seq/Human/IGH/samples/P39/P39_I104_S1/P39_I104_S1_genotype.tsv
adding  allele IGHV3-74*01_t82c_g107a_c108a_c118t_t168c_a169g_t177c_a195g_g197a_c198t_c234t_t279c_a315g
adding  allele IGHV3-74*01_t82c_g107a_c108a_c118t_t168c_a169g_t177c_a195g_g197a_c198t_c234t_t279c_t300c_g303a_a315g_g317a
/misc/work/VDJbase/digby_dev_data/AIRR-seq/Human/IGH/samples/P39/P39_I105_S1/P39_I105_S1_genotype.tsv
/misc/work/VDJbase/digby_dev_data/AIRR-seq/Human/IGH/samples/P39/P39_I106_S1/P39_I106_S1_genotype.tsv
/misc/work/VDJbase/digby_dev_data/AIRR-seq/Human/IGH/samples/P39/P39_I107_S1/P39_I107_S1_genotype.tsv
adding ambiguous allele IGHV3-23*01_04_g225a_c288t_c300t_a303g_a317g
adding  allele IGHV4-61*02_c300t
/misc/work/VDJbase/digby_dev_data/AIRR-seq/Human/IGH/samples/P39/P39_I108_S1/P39_I108_S1_genotype.tsv
/misc/work/VDJbase/digby_dev_data/AIRR-seq/Human/IGH/samples/P39/P39_I109_S1/P39_I109_S1_genotype.tsv
/misc/work/VDJbase/digby_dev_data/AIRR-seq/Human/IGH/samples/P39/P39_I110_S1/P39_I110_S1_genotype.tsv
/misc/work/VDJbase/digby_dev_data/AIRR-seq/Human/IGH/samples/P39/P39_I111_S1/P39_I111_S1_genotype.tsv
adding similar allele IGHV3-7*04_g318a
/misc/work/VDJbase/digby_dev_data/AIRR-seq/Human/IGH/samples/P39/P39_I112_S1/P39_I112_S1_genotype.tsv
/misc/work/VDJbase/digby_dev_data/AIRR-seq/Human/IGH/samples/P39/P39_I113_S1/P39_I113_S1_genotype.tsv
/misc/work/VDJbase/digby_dev_data/AIRR-seq/Human/IGH/samples/P39/P39_I114_S1/P39_I114_S1_genotype.tsv
/misc/work/VDJbase/digby_dev_data/AIRR-seq/Human/IGH/samples/P39/P39_I115_S1/P39_I115_S1_genotype.tsv
adding  allele IGHV3-9*01_t279c_t288c_c300t_t301g_a315g_a317g
adding  allele IGHV3-74*01_t105g_g156c_t171g_g191t_c198t_g258t_a315g
/misc/work/VDJbase/digby_dev_data/AIRR-seq/Human/IGH/samples/P39/P39_I116_S1/P39_I116_S1_genotype.tsv
/misc/work/VDJbase/digby_dev_data/AIRR-seq/Human/IGH/samples/P39/P39_I117_S1/P39_I117_S1_genotype.tsv
adding  allele IGHV2-5*02_a303g
adding  allele IGHV3-64D*09_t314c_a317g
/misc/work/VDJbase/digby_dev_data/AIRR-seq/Human/IGH/samples/P39/P39_I118_S1/P39_I118_S1_genotype.tsv
/misc/work/VDJbase/digby_dev_data/AIRR-seq/Human/IGH/samples/P39/P39_I119_S1/P39_I119_S1_genotype.tsv
adding  allele IGHV3-48*04_a184g_g303t
adding ambiguous allele IGHV5-51*01_03_a263t
/misc/work/VDJbase/digby_dev_data/AIRR-seq/Human/IGH/samples/P39/P39_I120_S1/P39_I120_S1_genotype.tsv
/misc/work/VDJbase/digby_dev_data/AIRR-seq/Human/IGH/samples/P39/P39_I121_S1/P39_I121_S1_genotype.tsv
/misc/work/VDJbase/digby_dev_data/AIRR-seq/Human/IGH/samples/P39/P39_I122_S1/P39_I122_S1_genotype.tsv
/misc/work/VDJbase/digby_dev_data/AIRR-seq/Human/IGH/samples/P39/P39_I123_S1/P39_I123_S1_genotype.tsv
/misc/work/VDJbase/digby_dev_data/AIRR-seq/Human/IGH/samples/P39/P39_I124_S1/P39_I124_S1_genotype.tsv
/misc/work/VDJbase/digby_dev_data/AIRR-seq/Human/IGH/samples/P39/P39_I125_S1/P39_I125_S1_genotype.tsv
/misc/work/VDJbase/digby_dev_data/AIRR-seq/Human/IGH/samples/P39/P39_I126_S1/P39_I126_S1_genotype.tsv
adding  allele IGHV4-39*07_c300t
/misc/work/VDJbase/digby_dev_data/AIRR-seq/Human/IGH/samples/P39/P39_I127_S1/P39_I127_S1_genotype.tsv
/misc/work/VDJbase/digby_dev_data/AIRR-seq/Human/IGH/samples/P39/P39_I128_S1/P39_I128_S1_genotype.tsv
adding  allele IGHV4-4*08_c136g_a138c_t163c_a164g_a196t_c207g_c300t
/misc/work/VDJbase/digby_dev_data/AIRR-seq/Human/IGH/samples/P39/P39_I129_S1/P39_I129_S1_genotype.tsv
/misc/work/VDJbase/digby_dev_data/AIRR-seq/Human/IGH/samples/P39/P39_I130_S1/P39_I130_S1_genotype.tsv
adding  allele IGHV1-46*01_a113g
adding  allele IGHV3-11*04_c296t
adding  allele IGHV3-30*18_c170g_a171g_a275g_g301a
/misc/work/VDJbase/digby_dev_data/AIRR-seq/Human/IGH/samples/P39/P39_I131_S1/P39_I131_S1_genotype.tsv
adding  allele IGHV1-24*01_t105c_t116g_t138c
adding  allele IGHV1-46*01_g315a
/misc/work/VDJbase/digby_dev_data/AIRR-seq/Human/IGH/samples/P39/P39_I132_S1/P39_I132_S1_genotype.tsv
/misc/work/VDJbase/digby_dev_data/AIRR-seq/Human/IGH/samples/P39/P39_I133_S1/P39_I133_S1_genotype.tsv
/misc/work/VDJbase/digby_dev_data/AIRR-seq/Human/IGH/samples/P39/P39_I134_S1/P39_I134_S1_genotype.tsv
adding  allele IGHV1-18*01_g132a
adding  allele IGHV4-4*08_c237a
adding  allele IGHV4-30-2*01_g82t_g83a_c228t_c315g
adding  allele IGHV4-59*12_t172a_a173c_c300t
/misc/work/VDJbase/digby_dev_data/AIRR-seq/Human/IGH/samples/P39/P39_I135_S1/P39_I135_S1_genotype.tsv
/misc/work/VDJbase/digby_dev_data/AIRR-seq/Human/IGH/samples/P39/P39_I136_S1/P39_I136_S1_genotype.tsv
/misc/work/VDJbase/digby_dev_data/AIRR-seq/Human/IGH/samples/P39/P39_I137_S1/P39_I137_S1_genotype.tsv
/misc/work/VDJbase/digby_dev_data/AIRR-seq/Human/IGH/samples/P39/P39_I138_S1/P39_I138_S1_genotype.tsv
adding  allele IGHV4-59*01_a164g
/misc/work/VDJbase/digby_dev_data/AIRR-seq/Human/IGH/samples/P39/P39_I139_S1/P39_I139_S1_genotype.tsv
adding  allele IGHV3-66*01_c288t
/misc/work/VDJbase/digby_dev_data/AIRR-seq/Human/IGH/samples/P39/P39_I140_S1/P39_I140_S1_genotype.tsv
adding  allele IGHV1-46*01_c245t
adding ambiguous allele IGHV4-39*01_08_g107a_t109c_t125c_g176c_g191t_a203g_a234t_t260a_g275a
adding  allele IGHV4-59*12_a234g
adding  allele IGHV4-NL1*01_a164g
adding  allele IGHV4-NL1*01_a164g_c300t
/misc/work/VDJbase/digby_dev_data/AIRR-seq/Human/IGH/samples/P39/P39_I141_S1/P39_I141_S1_genotype.tsv
/misc/work/VDJbase/digby_dev_data/AIRR-seq/Human/IGH/samples/P39/P39_I142_S1/P39_I142_S1_genotype.tsv
adding ambiguous allele IGHV4-4*02_03_t78c_t81c_a88g_t105c_g107c_c111g_a166g_t171c_c172g_a175g_g188a_c194t_a197c_c198t_c201t_a203g_c204t_a234g_a251g_a254g_a257t_c276g
adding  allele IGHV4-39*07_t172c
/misc/work/VDJbase/digby_dev_data/AIRR-seq/Human/IGH/samples/P39/P39_I143_S1/P39_I143_S1_genotype.tsv
/misc/work/VDJbase/digby_dev_data/AIRR-seq/Human/IGH/samples/P39/P39_I144_S1/P39_I144_S1_genotype.tsv
adding  allele IGHV3-30*02_t288c_a317g
adding  allele IGHV4-59*12_a164g
adding  allele IGHV4-59*12_a164g_c300t
/misc/work/VDJbase/digby_dev_data/AIRR-seq/Human/IGH/samples/P39/P39_I145_S1/P39_I145_S1_genotype.tsv
adding ambiguous allele IGHV3-53*01_02_g273a
/misc/work/VDJbase/digby_dev_data/AIRR-seq/Human/IGH/samples/P39/P39_I146_S1/P39_I146_S1_genotype.tsv
/misc/work/VDJbase/digby_dev_data/AIRR-seq/Human/IGH/samples/P39/P39_I147_S1/P39_I147_S1_genotype.tsv
/misc/work/VDJbase/digby_dev_data/AIRR-seq/Human/IGH/samples/P39/P39_I148_S1/P39_I148_S1_genotype.tsv
adding ambiguous allele IGHV1-69*01_12_13_t184c
adding  allele IGHV3-7*05_c161t
adding  allele IGHV3-30*04_g145a
/misc/work/VDJbase/digby_dev_data/AIRR-seq/Human/IGH/samples/P39/P39_I149_S1/P39_I149_S1_genotype.tsv
adding  allele IGHV4-59*12_t109c_c300t
/misc/work/VDJbase/digby_dev_data/AIRR-seq/Human/IGH/samples/P39/P39_I150_S1/P39_I150_S1_genotype.tsv
adding  allele IGHV3-33*08_a176g_c288t
/misc/work/VDJbase/digby_dev_data/AIRR-seq/Human/IGH/samples/P39/P39_I151_S1/P39_I151_S1_genotype.tsv
adding  allele IGHV1-69*02_a244g
/misc/work/VDJbase/digby_dev_data/AIRR-seq/Human/IGH/samples/P39/P39_I152_S1/P39_I152_S1_genotype.tsv
adding  allele IGHV2-5*02_g60a_g259c
adding  allele IGHV4-30-2*01_g129c
adding  allele IGHV4-30-2*01_g129c_c315g
adding  allele IGHV4-59*12_t109c_g291a
adding  allele IGHV4-NL1*01_t109c_a291g_c300t
/misc/work/VDJbase/digby_dev_data/AIRR-seq/Human/IGH/samples/P39/P39_I153_S1/P39_I153_S1_genotype.tsv
/misc/work/VDJbase/digby_dev_data/AIRR-seq/Human/IGH/samples/P39/P39_I154_S1/P39_I154_S1_genotype.tsv
adding  allele IGHV1-69*05_t184c_c191t
/misc/work/VDJbase/digby_dev_data/AIRR-seq/Human/IGH/samples/P39/P39_I155_S1/P39_I155_S1_genotype.tsv
adding ambiguous allele IGHV1-69*15_18_g112a
adding  allele IGHV4-31*03_t172c_c174t
adding ambiguous allele IGHV5-51*01_03_g119t
/misc/work/VDJbase/digby_dev_data/AIRR-seq/Human/IGH/samples/P39/P39_I156_S1/P39_I156_S1_genotype.tsv
adding ambiguous allele IGHV4-39*01_08_c237a_a291g
/misc/work/VDJbase/digby_dev_data/AIRR-seq/Human/IGH/samples/P39/P39_I157_S1/P39_I157_S1_genotype.tsv
adding  allele IGHV3-20*04_c248a
/misc/work/VDJbase/digby_dev_data/AIRR-seq/Human/IGH/samples/P39/P39_I158_S1/P39_I158_S1_genotype.tsv
adding ambiguous allele IGHV4-4*02_03_a234g
adding  allele IGHV4-61*11_c93t_g116t_g164a_c173t_c174t_g176c_c192a_a237g_g238c_a240g_a269g_g275c
/misc/work/VDJbase/digby_dev_data/AIRR-seq/Human/IGH/samples/P39/P39_I159_S1/P39_I159_S1_genotype.tsv
adding  allele IGHV1-2*02_c105t
adding ambiguous allele IGHV1-69*01_12_13_g112a
/misc/work/VDJbase/digby_dev_data/AIRR-seq/Human/IGH/samples/P39/P39_I160_S1/P39_I160_S1_genotype.tsv
/misc/work/VDJbase/digby_dev_data/AIRR-seq/Human/IGH/samples/P39/P39_I161_S1/P39_I161_S1_genotype.tsv
/misc/work/VDJbase/digby_dev_data/AIRR-seq/Human/IGH/samples/P39/P39_I162_S1/P39_I162_S1_genotype.tsv
adding  allele IGHV4-30-2*01_c134a_a135c
/misc/work/VDJbase/digby_dev_data/AIRR-seq/Human/IGH/samples/P39/P39_I163_S1/P39_I163_S1_genotype.tsv
/misc/work/VDJbase/digby_dev_data/AIRR-seq/Human/IGH/samples/P39/P39_I164_S1/P39_I164_S1_genotype.tsv
/misc/work/VDJbase/digby_dev_data/AIRR-seq/Human/IGH/samples/P39/P39_I165_S1/P39_I165_S1_genotype.tsv
/misc/work/VDJbase/digby_dev_data/AIRR-seq/Human/IGH/samples/P39/P39_I166_S1/P39_I166_S1_genotype.tsv
/misc/work/VDJbase/digby_dev_data/AIRR-seq/Human/IGH/samples/P39/P39_I167_S1/P39_I167_S1_genotype.tsv
/misc/work/VDJbase/digby_dev_data/AIRR-seq/Human/IGH/samples/P39/P39_I168_S1/P39_I168_S1_genotype.tsv
/misc/work/VDJbase/digby_dev_data/AIRR-seq/Human/IGH/samples/P39/P39_I169_S1/P39_I169_S1_genotype.tsv
/misc/work/VDJbase/digby_dev_data/AIRR-seq/Human/IGH/samples/P39/P39_I170_S1/P39_I170_S1_genotype.tsv
adding  allele IGHV3-33*08_c288t_a318c
/misc/work/VDJbase/digby_dev_data/AIRR-seq/Human/IGH/samples/P39/P39_I171_S1/P39_I171_S1_genotype.tsv
/misc/work/VDJbase/digby_dev_data/AIRR-seq/Human/IGH/samples/P39/P39_I172_S1/P39_I172_S1_genotype.tsv
/misc/work/VDJbase/digby_dev_data/AIRR-seq/Human/IGH/samples/P39/P39_I173_S1/P39_I173_S1_genotype.tsv
adding ambiguous allele IGHV1-69*06_14_g112a
adding  allele IGHV3-9*01_t194c_c198t
/misc/work/VDJbase/digby_dev_data/AIRR-seq/Human/IGH/samples/P39/P39_I174_S1/P39_I174_S1_genotype.tsv
adding  allele IGHV3-74*01_g173c
/misc/work/VDJbase/digby_dev_data/AIRR-seq/Human/IGH/samples/P39/P39_I175_S1/P39_I175_S1_genotype.tsv
adding  allele IGHV4-59*01_t259a
/misc/work/VDJbase/digby_dev_data/AIRR-seq/Human/IGH/samples/P39/P39_I176_S1/P39_I176_S1_genotype.tsv
/misc/work/VDJbase/digby_dev_data/AIRR-seq/Human/IGH/samples/P39/P39_I177_S1/P39_I177_S1_genotype.tsv
/misc/work/VDJbase/digby_dev_data/AIRR-seq/Human/IGH/samples/P39/P39_I178_S1/P39_I178_S1_genotype.tsv
/misc/work/VDJbase/digby_dev_data/AIRR-seq/Human/IGH/samples/P39/P39_I179_S1/P39_I179_S1_genotype.tsv
/misc/work/VDJbase/digby_dev_data/AIRR-seq/Human/IGH/samples/P39/P39_I180_S1/P39_I180_S1_genotype.tsv
/misc/work/VDJbase/digby_dev_data/AIRR-seq/Human/IGH/samples/P39/P39_I181_S1/P39_I181_S1_genotype.tsv
adding  allele IGHV3-21*01_g145a
/misc/work/VDJbase/digby_dev_data/AIRR-seq/Human/IGH/samples/P39/P39_I182_S1/P39_I182_S1_genotype.tsv
adding  allele IGHV4-4*08_c300t
/misc/work/VDJbase/digby_dev_data/AIRR-seq/Human/IGH/samples/P39/P39_I183_S1/P39_I183_S1_genotype.tsv
adding  allele IGHV4-34*01_g188c
/misc/work/VDJbase/digby_dev_data/AIRR-seq/Human/IGH/samples/P39/P39_I184_S1/P39_I184_S1_genotype.tsv
/misc/work/VDJbase/digby_dev_data/AIRR-seq/Human/IGH/samples/P39/P39_I185_S1/P39_I185_S1_genotype.tsv
/misc/work/VDJbase/digby_dev_data/AIRR-seq/Human/IGH/samples/P39/P39_I186_S1/P39_I186_S1_genotype.tsv
/misc/work/VDJbase/digby_dev_data/AIRR-seq/Human/IGH/samples/P39/P39_I187_S1/P39_I187_S1_genotype.tsv
/misc/work/VDJbase/digby_dev_data/AIRR-seq/Human/IGH/samples/P39/P39_I188_S1/P39_I188_S1_genotype.tsv
/misc/work/VDJbase/digby_dev_data/AIRR-seq/Human/IGH/samples/P39/P39_I189_S1/P39_I189_S1_genotype.tsv
/misc/work/VDJbase/digby_dev_data/AIRR-seq/Human/IGH/samples/P39/P39_I190_S1/P39_I190_S1_genotype.tsv
/misc/work/VDJbase/digby_dev_data/AIRR-seq/Human/IGH/samples/P39/P39_I191_S1/P39_I191_S1_genotype.tsv
/misc/work/VDJbase/digby_dev_data/AIRR-seq/Human/IGH/samples/P39/P39_I192_S1/P39_I192_S1_genotype.tsv
adding  allele IGHV3-30*18_g150a_t201c
/misc/work/VDJbase/digby_dev_data/AIRR-seq/Human/IGH/samples/P39/P39_I193_S1/P39_I193_S1_genotype.tsv
adding ambiguous allele IGHV1-69*04_09_t191c_g238a
adding  allele IGHV3-7*01_g303t
adding  allele IGHV4-61*10_t288c
/misc/work/VDJbase/digby_dev_data/AIRR-seq/Human/IGH/samples/P39/P39_I194_S1/P39_I194_S1_genotype.tsv
adding  allele IGHV1-69*05_c191t
/misc/work/VDJbase/digby_dev_data/AIRR-seq/Human/IGH/samples/P39/P39_I195_S1/P39_I195_S1_genotype.tsv
/misc/work/VDJbase/digby_dev_data/AIRR-seq/Human/IGH/samples/P39/P39_I196_S1/P39_I196_S1_genotype.tsv
/misc/work/VDJbase/digby_dev_data/AIRR-seq/Human/IGH/samples/P39/P39_I197_S1/P39_I197_S1_genotype.tsv
adding ambiguous allele IGHV3-23*01_04_t76a
/misc/work/VDJbase/digby_dev_data/AIRR-seq/Human/IGH/samples/P39/P39_I198_S1/P39_I198_S1_genotype.tsv
/misc/work/VDJbase/digby_dev_data/AIRR-seq/Human/IGH/samples/P39/P39_I199_S1/P39_I199_S1_genotype.tsv
/misc/work/VDJbase/digby_dev_data/AIRR-seq/Human/IGH/samples/P39/P39_I200_S1/P39_I200_S1_genotype.tsv
/misc/work/VDJbase/digby_dev_data/AIRR-seq/Human/IGH/samples/P39/P39_I201_S1/P39_I201_S1_genotype.tsv
/misc/work/VDJbase/digby_dev_data/AIRR-seq/Human/IGH/samples/P39/P39_I202_S1/P39_I202_S1_genotype.tsv
adding  allele IGHV4-61*10_t288c_g291a
/misc/work/VDJbase/digby_dev_data/AIRR-seq/Human/IGH/samples/P39/P39_I203_S1/P39_I203_S1_genotype.tsv
adding  allele IGHV4-59*12_t109c_a147g_t163a_a164g
/misc/work/VDJbase/digby_dev_data/AIRR-seq/Human/IGH/samples/P39/P39_I204_S1/P39_I204_S1_genotype.tsv
/misc/work/VDJbase/digby_dev_data/AIRR-seq/Human/IGH/samples/P39/P39_I205_S1/P39_I205_S1_genotype.tsv
/misc/work/VDJbase/digby_dev_data/AIRR-seq/Human/IGH/samples/P39/P39_I206_S1/P39_I206_S1_genotype.tsv
/misc/work/VDJbase/digby_dev_data/AIRR-seq/Human/IGH/samples/P39/P39_I207_S1/P39_I207_S1_genotype.tsv
adding  allele IGHV1-2*06_g164a
/misc/work/VDJbase/digby_dev_data/AIRR-seq/Human/IGH/samples/P39/P39_I208_S1/P39_I208_S1_genotype.tsv
/misc/work/VDJbase/digby_dev_data/AIRR-seq/Human/IGH/samples/P39/P39_I209_S1/P39_I209_S1_genotype.tsv
adding  allele IGHV7-4-1*02_g220c
/misc/work/VDJbase/digby_dev_data/AIRR-seq/Human/IGH/samples/P39/P39_I210_S1/P39_I210_S1_genotype.tsv
/misc/work/VDJbase/digby_dev_data/AIRR-seq/Human/IGH/samples/P39/P39_I211_S1/P39_I211_S1_genotype.tsv
/misc/work/VDJbase/digby_dev_data/AIRR-seq/Human/IGH/samples/P39/P39_I212_S1/P39_I212_S1_genotype.tsv
/misc/work/VDJbase/digby_dev_data/AIRR-seq/Human/IGH/samples/P39/P39_I213_S1/P39_I213_S1_genotype.tsv
/misc/work/VDJbase/digby_dev_data/AIRR-seq/Human/IGH/samples/P39/P39_I214_S1/P39_I214_S1_genotype.tsv
/misc/work/VDJbase/digby_dev_data/AIRR-seq/Human/IGH/samples/P39/P39_I215_S1/P39_I215_S1_genotype.tsv
/misc/work/VDJbase/digby_dev_data/AIRR-seq/Human/IGH/samples/P39/P39_I216_S1/P39_I216_S1_genotype.tsv
adding  allele IGHV4-30-2*01_c113a_c285t_c315g
/misc/work/VDJbase/digby_dev_data/AIRR-seq/Human/IGH/samples/P39/P39_I217_S1/P39_I217_S1_genotype.tsv
adding  allele IGHV3-30*04_c170g_a171g_c201t_a318c
/misc/work/VDJbase/digby_dev_data/AIRR-seq/Human/IGH/samples/P39/P39_I218_S1/P39_I218_S1_genotype.tsv
/misc/work/VDJbase/digby_dev_data/AIRR-seq/Human/IGH/samples/P39/P39_I219_S1/P39_I219_S1_genotype.tsv
/misc/work/VDJbase/digby_dev_data/AIRR-seq/Human/IGH/samples/P39/P39_I220_S1/P39_I220_S1_genotype.tsv
adding  allele IGHV1-24*01_c300t
/misc/work/VDJbase/digby_dev_data/AIRR-seq/Human/IGH/samples/P39/P39_I221_S1/P39_I221_S1_genotype.tsv
/misc/work/VDJbase/digby_dev_data/AIRR-seq/Human/IGH/samples/P39/P39_I222_S1/P39_I222_S1_genotype.tsv
adding ambiguous allele IGHV5-51*01_03_c314t
/misc/work/VDJbase/digby_dev_data/AIRR-seq/Human/IGH/samples/P39/P39_I223_S1/P39_I223_S1_genotype.tsv
adding  allele IGHV4-59*12_t109c_a147g_t163a_a164g_c300t
/misc/work/VDJbase/digby_dev_data/AIRR-seq/Human/IGH/samples/P39/P39_I224_S1/P39_I224_S1_genotype.tsv
adding ambiguous allele IGHV1-69*06_14_t184c
/misc/work/VDJbase/digby_dev_data/AIRR-seq/Human/IGH/samples/P39/P39_I225_S1/P39_I225_S1_genotype.tsv
/misc/work/VDJbase/digby_dev_data/AIRR-seq/Human/IGH/samples/P39/P39_I226_S1/P39_I226_S1_genotype.tsv
/misc/work/VDJbase/digby_dev_data/AIRR-seq/Human/IGH/samples/P39/P39_I227_S1/P39_I227_S1_genotype.tsv
adding  allele IGHV4-59*11_g273a
/misc/work/VDJbase/digby_dev_data/AIRR-seq/Human/IGH/samples/P39/P39_I228_S1/P39_I228_S1_genotype.tsv
/misc/work/VDJbase/digby_dev_data/AIRR-seq/Human/IGH/samples/P39/P39_I229_S1/P39_I229_S1_genotype.tsv
adding ambiguous allele IGHV3-53*01_02_g88t_a106g_g107a_a109t
/misc/work/VDJbase/digby_dev_data/AIRR-seq/Human/IGH/samples/P39/P39_I230_S1/P39_I230_S1_genotype.tsv
adding  allele IGHV3-30*18_t208g
/misc/work/VDJbase/digby_dev_data/AIRR-seq/Human/IGH/samples/P39/P39_I231_S1/P39_I231_S1_genotype.tsv
adding  allele IGHV3-30*02_t201c_t288c_a317g
adding ambiguous allele IGHV4-4*02_03_g291a
/misc/work/VDJbase/digby_dev_data/AIRR-seq/Human/IGH/samples/P39/P39_I232_S1/P39_I232_S1_genotype.tsv
/misc/work/VDJbase/digby_dev_data/AIRR-seq/Human/IGH/samples/P39/P39_I233_S1/P39_I233_S1_genotype.tsv
adding  allele IGHV3-13*05_a315g
/misc/work/VDJbase/digby_dev_data/AIRR-seq/Human/IGH/samples/P39/P39_I234_S1/P39_I234_S1_genotype.tsv
/misc/work/VDJbase/digby_dev_data/AIRR-seq/Human/IGH/samples/P39/P39_I235_S1/P39_I235_S1_genotype.tsv
/misc/work/VDJbase/digby_dev_data/AIRR-seq/Human/IGH/samples/P39/P39_I236_S1/P39_I236_S1_genotype.tsv
/misc/work/VDJbase/digby_dev_data/AIRR-seq/Human/IGH/samples/P39/P39_I237_S1/P39_I237_S1_genotype.tsv
adding ambiguous allele IGHV5-51*01_03_g107a
/misc/work/VDJbase/digby_dev_data/AIRR-seq/Human/IGH/samples/P39/P39_I238_S1/P39_I238_S1_genotype.tsv
/misc/work/VDJbase/digby_dev_data/AIRR-seq/Human/IGH/samples/P39/P39_I239_S1/P39_I239_S1_genotype.tsv
/misc/work/VDJbase/digby_dev_data/AIRR-seq/Human/IGH/samples/P39/P39_I240_S1/P39_I240_S1_genotype.tsv
/misc/work/VDJbase/digby_dev_data/AIRR-seq/Human/IGH/samples/P39/P39_I241_S1/P39_I241_S1_genotype.tsv
adding  allele IGHV3-69-1*01_a190t_c191a_t210a
/misc/work/VDJbase/digby_dev_data/AIRR-seq/Human/IGH/samples/P39/P39_I242_S1/P39_I242_S1_genotype.tsv
adding  allele IGHV3-9*04_t288c_a315g_a317g
adding  allele IGHV3-11*04_g184a_g240a_c246t_c287a
adding  allele IGHV3-20*04_c288t_g315a_g317a
adding  allele IGHV3-20*04_t279c_c300t_t301g
adding  allele IGHV3-20*04_t279c_c288t_c300t_t301g
adding  allele IGHV3-30*18_c75g
adding  allele IGHV3-53*04_c174t
adding  allele IGHV4-59*12_a147c_t165c_a196t_c207g_c228t_c249t_c285t
/misc/work/VDJbase/digby_dev_data/AIRR-seq/Human/IGH/samples/P39/P39_I243_S1/P39_I243_S1_genotype.tsv
adding  allele IGHV3-13*06_c300t_a315g
/misc/work/VDJbase/digby_dev_data/AIRR-seq/Human/IGH/samples/P39/P39_I244_S1/P39_I244_S1_genotype.tsv
/misc/work/VDJbase/digby_dev_data/AIRR-seq/Human/IGH/samples/P39/P39_I245_S1/P39_I245_S1_genotype.tsv
/misc/work/VDJbase/digby_dev_data/AIRR-seq/Human/IGH/samples/P39/P39_I246_S1/P39_I246_S1_genotype.tsv
/misc/work/VDJbase/digby_dev_data/AIRR-seq/Human/IGH/samples/P39/P39_I247_S1/P39_I247_S1_genotype.tsv
/misc/work/VDJbase/digby_dev_data/AIRR-seq/Human/IGH/samples/P39/P39_I248_S1/P39_I248_S1_genotype.tsv
adding  allele IGHV3-7*03_a258c_c279t_c288t_g301t_g315a_g317a
/misc/work/VDJbase/digby_dev_data/AIRR-seq/Human/IGH/samples/P39/P39_I249_S1/P39_I249_S1_genotype.tsv
adding  allele IGHV4-30-4*08_t285c_a291g_c300t_c315g
/misc/work/VDJbase/digby_dev_data/AIRR-seq/Human/IGH/samples/P39/P39_I250_S1/P39_I250_S1_genotype.tsv
/misc/work/VDJbase/digby_dev_data/AIRR-seq/Human/IGH/samples/P39/P39_I251_S1/P39_I251_S1_genotype.tsv
/misc/work/VDJbase/digby_dev_data/AIRR-seq/Human/IGH/samples/P39/P39_I252_S1/P39_I252_S1_genotype.tsv
/misc/work/VDJbase/digby_dev_data/AIRR-seq/Human/IGH/samples/P39/P39_I253_S1/P39_I253_S1_genotype.tsv
/misc/work/VDJbase/digby_dev_data/AIRR-seq/Human/IGH/samples/P39/P39_I254_S1/P39_I254_S1_genotype.tsv
/misc/work/VDJbase/digby_dev_data/AIRR-seq/Human/IGH/samples/P39/P39_I255_S1/P39_I255_S1_genotype.tsv
/misc/work/VDJbase/digby_dev_data/AIRR-seq/Human/IGH/samples/P39/P39_I256_S1/P39_I256_S1_genotype.tsv
/misc/work/VDJbase/digby_dev_data/AIRR-seq/Human/IGH/samples/P39/P39_I257_S1/P39_I257_S1_genotype.tsv
/misc/work/VDJbase/digby_dev_data/AIRR-seq/Human/IGH/samples/P39/P39_I258_S1/P39_I258_S1_genotype.tsv
adding  allele IGHV4-NL1*01_a291g
/misc/work/VDJbase/digby_dev_data/AIRR-seq/Human/IGH/samples/P39/P39_I259_S1/P39_I259_S1_genotype.tsv
/misc/work/VDJbase/digby_dev_data/AIRR-seq/Human/IGH/samples/P39/P39_I260_S1/P39_I260_S1_genotype.tsv
/misc/work/VDJbase/digby_dev_data/AIRR-seq/Human/IGH/samples/P39/P39_I261_S1/P39_I261_S1_genotype.tsv
adding  allele IGHV4-30-4*01_a193t
/misc/work/VDJbase/digby_dev_data/AIRR-seq/Human/IGH/samples/P39/P39_I262_S1/P39_I262_S1_genotype.tsv
/misc/work/VDJbase/digby_dev_data/AIRR-seq/Human/IGH/samples/P39/P39_I263_S1/P39_I263_S1_genotype.tsv
/misc/work/VDJbase/digby_dev_data/AIRR-seq/Human/IGH/samples/P39/P39_I264_S1/P39_I264_S1_genotype.tsv
/misc/work/VDJbase/digby_dev_data/AIRR-seq/Human/IGH/samples/P39/P39_I265_S1/P39_I265_S1_genotype.tsv
/misc/work/VDJbase/digby_dev_data/AIRR-seq/Human/IGH/samples/P39/P39_I266_S1/P39_I266_S1_genotype.tsv
/misc/work/VDJbase/digby_dev_data/AIRR-seq/Human/IGH/samples/P39/P39_I267_S1/P39_I267_S1_genotype.tsv
/misc/work/VDJbase/digby_dev_data/AIRR-seq/Human/IGH/samples/P39/P39_I268_S1/P39_I268_S1_genotype.tsv
/misc/work/VDJbase/digby_dev_data/AIRR-seq/Human/IGH/samples/P39/P39_I269_S1/P39_I269_S1_genotype.tsv
/misc/work/VDJbase/digby_dev_data/AIRR-seq/Human/IGH/samples/P39/P39_I270_S1/P39_I270_S1_genotype.tsv
/misc/work/VDJbase/digby_dev_data/AIRR-seq/Human/IGH/samples/P39/P39_I271_S1/P39_I271_S1_genotype.tsv
/misc/work/VDJbase/digby_dev_data/AIRR-seq/Human/IGH/samples/P39/P39_I272_S1/P39_I272_S1_genotype.tsv
/misc/work/VDJbase/digby_dev_data/AIRR-seq/Human/IGH/samples/P39/P39_I273_S1/P39_I273_S1_genotype.tsv
/misc/work/VDJbase/digby_dev_data/AIRR-seq/Human/IGH/samples/P39/P39_I274_S1/P39_I274_S1_genotype.tsv
/misc/work/VDJbase/digby_dev_data/AIRR-seq/Human/IGH/samples/P39/P39_I275_S1/P39_I275_S1_genotype.tsv
/misc/work/VDJbase/digby_dev_data/AIRR-seq/Human/IGH/samples/P39/P39_I276_S1/P39_I276_S1_genotype.tsv
/misc/work/VDJbase/digby_dev_data/AIRR-seq/Human/IGH/samples/P39/P39_I277_S1/P39_I277_S1_genotype.tsv
/misc/work/VDJbase/digby_dev_data/AIRR-seq/Human/IGH/samples/P39/P39_I278_S1/P39_I278_S1_genotype.tsv
/misc/work/VDJbase/digby_dev_data/AIRR-seq/Human/IGH/samples/P39/P39_I279_S1/P39_I279_S1_genotype.tsv
/misc/work/VDJbase/digby_dev_data/AIRR-seq/Human/IGH/samples/P39/P39_I280_S1/P39_I280_S1_genotype.tsv
/misc/work/VDJbase/digby_dev_data/AIRR-seq/Human/IGH/samples/P39/P39_I281_S1/P39_I281_S1_genotype.tsv
/misc/work/VDJbase/digby_dev_data/AIRR-seq/Human/IGH/samples/P39/P39_I282_S1/P39_I282_S1_genotype.tsv
/misc/work/VDJbase/digby_dev_data/AIRR-seq/Human/IGH/samples/P39/P39_I283_S1/P39_I283_S1_genotype.tsv
/misc/work/VDJbase/digby_dev_data/AIRR-seq/Human/IGH/samples/P39/P39_I284_S1/P39_I284_S1_genotype.tsv
/misc/work/VDJbase/digby_dev_data/AIRR-seq/Human/IGH/samples/P39/P39_I285_S1/P39_I285_S1_genotype.tsv
/misc/work/VDJbase/digby_dev_data/AIRR-seq/Human/IGH/samples/P39/P39_I286_S1/P39_I286_S1_genotype.tsv
/misc/work/VDJbase/digby_dev_data/AIRR-seq/Human/IGH/samples/P39/P39_I287_S1/P39_I287_S1_genotype.tsv
adding  allele IGHV1-2*02_g106a
adding  allele IGHV1-8*03_t75c
/misc/work/VDJbase/digby_dev_data/AIRR-seq/Human/IGH/samples/P39/P39_I288_S1/P39_I288_S1_genotype.tsv
/misc/work/VDJbase/digby_dev_data/AIRR-seq/Human/IGH/samples/P39/P39_I289_S1/P39_I289_S1_genotype.tsv
/misc/work/VDJbase/digby_dev_data/AIRR-seq/Human/IGH/samples/P39/P39_I290_S1/P39_I290_S1_genotype.tsv
/misc/work/VDJbase/digby_dev_data/AIRR-seq/Human/IGH/samples/P39/P39_I291_S1/P39_I291_S1_genotype.tsv
/misc/work/VDJbase/digby_dev_data/AIRR-seq/Human/IGH/samples/P39/P39_I292_S1/P39_I292_S1_genotype.tsv
/misc/work/VDJbase/digby_dev_data/AIRR-seq/Human/IGH/samples/P39/P39_I293_S1/P39_I293_S1_genotype.tsv
/misc/work/VDJbase/digby_dev_data/AIRR-seq/Human/IGH/samples/P39/P39_I294_S1/P39_I294_S1_genotype.tsv
/misc/work/VDJbase/digby_dev_data/AIRR-seq/Human/IGH/samples/P39/P39_I295_S1/P39_I295_S1_genotype.tsv
/misc/work/VDJbase/digby_dev_data/AIRR-seq/Human/IGH/samples/P39/P39_I296_S1/P39_I296_S1_genotype.tsv
/misc/work/VDJbase/digby_dev_data/AIRR-seq/Human/IGH/samples/P39/P39_I297_S1/P39_I297_S1_genotype.tsv
/misc/work/VDJbase/digby_dev_data/AIRR-seq/Human/IGH/samples/P39/P39_I298_S1/P39_I298_S1_genotype.tsv
/misc/work/VDJbase/digby_dev_data/AIRR-seq/Human/IGH/samples/P39/P39_I299_S1/P39_I299_S1_genotype.tsv
/misc/work/VDJbase/digby_dev_data/AIRR-seq/Human/IGH/samples/P39/P39_I300_S1/P39_I300_S1_genotype.tsv
/misc/work/VDJbase/digby_dev_data/AIRR-seq/Human/IGH/samples/P39/P39_I301_S1/P39_I301_S1_genotype.tsv
/misc/work/VDJbase/digby_dev_data/AIRR-seq/Human/IGH/samples/P39/P39_I302_S1/P39_I302_S1_genotype.tsv
/misc/work/VDJbase/digby_dev_data/AIRR-seq/Human/IGH/samples/P39/P39_I303_S1/P39_I303_S1_genotype.tsv
/misc/work/VDJbase/digby_dev_data/AIRR-seq/Human/IGH/samples/P39/P39_I304_S1/P39_I304_S1_genotype.tsv
/misc/work/VDJbase/digby_dev_data/AIRR-seq/Human/IGH/samples/P39/P39_I305_S1/P39_I305_S1_genotype.tsv
adding  allele IGHV4-39*07_c288t
/misc/work/VDJbase/digby_dev_data/AIRR-seq/Human/IGH/samples/P39/P39_I306_S1/P39_I306_S1_genotype.tsv
/misc/work/VDJbase/digby_dev_data/AIRR-seq/Human/IGH/samples/P39/P39_I307_S1/P39_I307_S1_genotype.tsv
/misc/work/VDJbase/digby_dev_data/AIRR-seq/Human/IGH/samples/P39/P39_I308_S1/P39_I308_S1_genotype.tsv
/misc/work/VDJbase/digby_dev_data/AIRR-seq/Human/IGH/samples/P39/P39_I309_S1/P39_I309_S1_genotype.tsv
/misc/work/VDJbase/digby_dev_data/AIRR-seq/Human/IGH/samples/P39/P39_I310_S1/P39_I310_S1_genotype.tsv
/misc/work/VDJbase/digby_dev_data/AIRR-seq/Human/IGH/samples/P39/P39_I311_S1/P39_I311_S1_genotype.tsv
/misc/work/VDJbase/digby_dev_data/AIRR-seq/Human/IGH/samples/P39/P39_I312_S1/P39_I312_S1_genotype.tsv
/misc/work/VDJbase/digby_dev_data/AIRR-seq/Human/IGH/samples/P39/P39_I313_S1/P39_I313_S1_genotype.tsv
/misc/work/VDJbase/digby_dev_data/AIRR-seq/Human/IGH/samples/P39/P39_I314_S1/P39_I314_S1_genotype.tsv
/misc/work/VDJbase/digby_dev_data/AIRR-seq/Human/IGH/samples/P39/P39_I315_S1/P39_I315_S1_genotype.tsv
/misc/work/VDJbase/digby_dev_data/AIRR-seq/Human/IGH/samples/P39/P39_I316_S1/P39_I316_S1_genotype.tsv
/misc/work/VDJbase/digby_dev_data/AIRR-seq/Human/IGH/samples/P39/P39_I317_S1/P39_I317_S1_genotype.tsv
/misc/work/VDJbase/digby_dev_data/AIRR-seq/Human/IGH/samples/P39/P39_I318_S1/P39_I318_S1_genotype.tsv
adding ambiguous allele IGHV5-51*01_03_g225a
/misc/work/VDJbase/digby_dev_data/AIRR-seq/Human/IGH/samples/P39/P39_I319_S1/P39_I319_S1_genotype.tsv
/misc/work/VDJbase/digby_dev_data/AIRR-seq/Human/IGH/samples/P39/P39_I320_S1/P39_I320_S1_genotype.tsv
/misc/work/VDJbase/digby_dev_data/AIRR-seq/Human/IGH/samples/P39/P39_I321_S1/P39_I321_S1_genotype.tsv
/misc/work/VDJbase/digby_dev_data/AIRR-seq/Human/IGH/samples/P39/P39_I322_S1/P39_I322_S1_genotype.tsv
/misc/work/VDJbase/digby_dev_data/AIRR-seq/Human/IGH/samples/P39/P39_I323_S1/P39_I323_S1_genotype.tsv
/misc/work/VDJbase/digby_dev_data/AIRR-seq/Human/IGH/samples/P39/P39_I324_S1/P39_I324_S1_genotype.tsv
/misc/work/VDJbase/digby_dev_data/AIRR-seq/Human/IGH/samples/P39/P39_I325_S1/P39_I325_S1_genotype.tsv
adding  allele IGHV4-39*07_a163g_g164a_t165a_t169a_t172c_g189a_t196a_c300t
/misc/work/VDJbase/digby_dev_data/AIRR-seq/Human/IGH/samples/P39/P39_I326_S1/P39_I326_S1_genotype.tsv
/misc/work/VDJbase/digby_dev_data/AIRR-seq/Human/IGH/samples/P39/P39_I327_S1/P39_I327_S1_genotype.tsv
/misc/work/VDJbase/digby_dev_data/AIRR-seq/Human/IGH/samples/P39/P39_I328_S1/P39_I328_S1_genotype.tsv
adding  allele IGHV1-18*01_g221a
adding  allele IGHV3-64D*09_g221t
adding  allele IGHV4-38-2*01_a237c_c300t
/misc/work/VDJbase/digby_dev_data/AIRR-seq/Human/IGH/samples/P39/P39_I329_S1/P39_I329_S1_genotype.tsv
/misc/work/VDJbase/digby_dev_data/AIRR-seq/Human/IGH/samples/P39/P39_I330_S1/P39_I330_S1_genotype.tsv
adding  allele IGHV4-34*01_a232g
adding similar allele IGHV4-39*07_c288t
/misc/work/VDJbase/digby_dev_data/AIRR-seq/Human/IGH/samples/P39/P39_I331_S1/P39_I331_S1_genotype.tsv
/misc/work/VDJbase/digby_dev_data/AIRR-seq/Human/IGH/samples/P39/P39_I332_S1/P39_I332_S1_genotype.tsv
/misc/work/VDJbase/digby_dev_data/AIRR-seq/Human/IGH/samples/P39/P39_I333_S1/P39_I333_S1_genotype.tsv
/misc/work/VDJbase/digby_dev_data/AIRR-seq/Human/IGH/samples/P39/P39_I334_S1/P39_I334_S1_genotype.tsv
/misc/work/VDJbase/digby_dev_data/AIRR-seq/Human/IGH/samples/P39/P39_I335_S1/P39_I335_S1_genotype.tsv
/misc/work/VDJbase/digby_dev_data/AIRR-seq/Human/IGH/samples/P39/P39_I336_S1/P39_I336_S1_genotype.tsv
/misc/work/VDJbase/digby_dev_data/AIRR-seq/Human/IGH/samples/P39/P39_I337_S1/P39_I337_S1_genotype.tsv
/misc/work/VDJbase/digby_dev_data/AIRR-seq/Human/IGH/samples/P39/P39_I338_S1/P39_I338_S1_genotype.tsv
adding  allele IGHV1-46*01_g267a
/misc/work/VDJbase/digby_dev_data/AIRR-seq/Human/IGH/samples/P39/P39_I339_S1/P39_I339_S1_genotype.tsv
adding  allele IGHV3-74*01_g247a
/misc/work/VDJbase/digby_dev_data/AIRR-seq/Human/IGH/samples/P39/P39_I340_S1/P39_I340_S1_genotype.tsv
/misc/work/VDJbase/digby_dev_data/AIRR-seq/Human/IGH/samples/P39/P39_I341_S1/P39_I341_S1_genotype.tsv
adding  allele IGHV4-59*01_g246t
/misc/work/VDJbase/digby_dev_data/AIRR-seq/Human/IGH/samples/P39/P39_I342_S1/P39_I342_S1_genotype.tsv
/misc/work/VDJbase/digby_dev_data/AIRR-seq/Human/IGH/samples/P39/P39_I343_S1/P39_I343_S1_genotype.tsv
adding  allele IGHV3-11*06_g303t
adding  allele IGHV4-4*08_t163c_a164g_a234g_c237a
/misc/work/VDJbase/digby_dev_data/AIRR-seq/Human/IGH/samples/P39/P39_I344_S1/P39_I344_S1_genotype.tsv
/misc/work/VDJbase/digby_dev_data/AIRR-seq/Human/IGH/samples/P39/P39_I345_S1/P39_I345_S1_genotype.tsv
/misc/work/VDJbase/digby_dev_data/AIRR-seq/Human/IGH/samples/P39/P39_I346_S1/P39_I346_S1_genotype.tsv
/misc/work/VDJbase/digby_dev_data/AIRR-seq/Human/IGH/samples/P39/P39_I347_S1/P39_I347_S1_genotype.tsv
/misc/work/VDJbase/digby_dev_data/AIRR-seq/Human/IGH/samples/P39/P39_I348_S1/P39_I348_S1_genotype.tsv
adding  allele IGHV4-30-4*01_c134a
adding  allele IGHV4-30-4*08_a107g
adding  allele IGHV4-31*03_a134c
/misc/work/VDJbase/digby_dev_data/AIRR-seq/Human/IGH/samples/P39/P39_I349_S1/P39_I349_S1_genotype.tsv
/misc/work/VDJbase/digby_dev_data/AIRR-seq/Human/IGH/samples/P39/P39_I350_S1/P39_I350_S1_genotype.tsv
adding ambiguous allele IGHV3-53*01_02_t105c
/misc/work/VDJbase/digby_dev_data/AIRR-seq/Human/IGH/samples/P39/P39_I351_S1/P39_I351_S1_genotype.tsv
adding  allele IGHV3-13*01_t189a
/misc/work/VDJbase/digby_dev_data/AIRR-seq/Human/IGH/samples/P39/P39_I352_S1/P39_I352_S1_genotype.tsv
/misc/work/VDJbase/digby_dev_data/AIRR-seq/Human/IGH/samples/P39/P39_I353_S1/P39_I353_S1_genotype.tsv
adding  allele IGHV3-13*06_g297a
/misc/work/VDJbase/digby_dev_data/AIRR-seq/Human/IGH/samples/P39/P39_I354_S1/P39_I354_S1_genotype.tsv
adding  allele IGHV1-2*04_a143g
/misc/work/VDJbase/digby_dev_data/AIRR-seq/Human/IGH/samples/P39/P39_I355_S1/P39_I355_S1_genotype.tsv
/misc/work/VDJbase/digby_dev_data/AIRR-seq/Human/IGH/samples/P39/P39_I356_S1/P39_I356_S1_genotype.tsv
/misc/work/VDJbase/digby_dev_data/AIRR-seq/Human/IGH/samples/P39/P39_I357_S1/P39_I357_S1_genotype.tsv
/misc/work/VDJbase/digby_dev_data/AIRR-seq/Human/IGH/samples/P39/P39_I358_S1/P39_I358_S1_genotype.tsv
/misc/work/VDJbase/digby_dev_data/AIRR-seq/Human/IGH/samples/P39/P39_I359_S1/P39_I359_S1_genotype.tsv
/misc/work/VDJbase/digby_dev_data/AIRR-seq/Human/IGH/samples/P39/P39_I360_S1/P39_I360_S1_genotype.tsv
/misc/work/VDJbase/digby_dev_data/AIRR-seq/Human/IGH/samples/P39/P39_I361_S1/P39_I361_S1_genotype.tsv
/misc/work/VDJbase/digby_dev_data/AIRR-seq/Human/IGH/samples/P39/P39_I362_S1/P39_I362_S1_genotype.tsv
adding ambiguous allele IGHV1-69*04_09_t191c
adding  allele IGHV3-15*07_t81a
/misc/work/VDJbase/digby_dev_data/AIRR-seq/Human/IGH/samples/P39/P39_I363_S1/P39_I363_S1_genotype.tsv
/misc/work/VDJbase/digby_dev_data/AIRR-seq/Human/IGH/samples/P39/P39_I364_S1/P39_I364_S1_genotype.tsv
/misc/work/VDJbase/digby_dev_data/AIRR-seq/Human/IGH/samples/P39/P39_I365_S1/P39_I365_S1_genotype.tsv
/misc/work/VDJbase/digby_dev_data/AIRR-seq/Human/IGH/samples/P39/P39_I366_S1/P39_I366_S1_genotype.tsv
/misc/work/VDJbase/digby_dev_data/AIRR-seq/Human/IGH/samples/P39/P39_I367_S1/P39_I367_S1_genotype.tsv
/misc/work/VDJbase/digby_dev_data/AIRR-seq/Human/IGH/samples/P39/P39_I368_S1/P39_I368_S1_genotype.tsv
/misc/work/VDJbase/digby_dev_data/AIRR-seq/Human/IGH/samples/P39/P39_I369_S1/P39_I369_S1_genotype.tsv
adding  allele IGHV4-31*03_g315c
/misc/work/VDJbase/digby_dev_data/AIRR-seq/Human/IGH/samples/P39/P39_I370_S1/P39_I370_S1_genotype.tsv
adding  allele IGHV2-70*01_a60g
/misc/work/VDJbase/digby_dev_data/AIRR-seq/Human/IGH/samples/P39/P39_I371_S1/P39_I371_S1_genotype.tsv
adding  allele IGHV1-18*01_c291g
adding  allele IGHV1-69*10_g107a
adding  allele IGHV3-33*08_g113c_c114t_c288t
adding ambiguous allele IGHV3-43D*04_05_g112a
adding  allele IGHV4-30-4*07_a88g
adding  allele IGHV4-NL1*01_a291g_c300t
/misc/work/VDJbase/digby_dev_data/AIRR-seq/Human/IGH/samples/P39/P39_I372_S1/P39_I372_S1_genotype.tsv
/misc/work/VDJbase/digby_dev_data/AIRR-seq/Human/IGH/samples/P39/P39_I373_S1/P39_I373_S1_genotype.tsv
/misc/work/VDJbase/digby_dev_data/AIRR-seq/Human/IGH/samples/P39/P39_I374_S1/P39_I374_S1_genotype.tsv
adding  allele IGHV4-31*03_g291a_g315c
adding  allele IGHV4-31*03_g291a
/misc/work/VDJbase/digby_dev_data/AIRR-seq/Human/IGH/samples/P39/P39_I375_S1/P39_I375_S1_genotype.tsv
/misc/work/VDJbase/digby_dev_data/AIRR-seq/Human/IGH/samples/P39/P39_I376_S1/P39_I376_S1_genotype.tsv
/misc/work/VDJbase/digby_dev_data/AIRR-seq/Human/IGH/samples/P39/P39_I377_S1/P39_I377_S1_genotype.tsv
adding  allele IGHV4-30-2*01_c290t
/misc/work/VDJbase/digby_dev_data/AIRR-seq/Human/IGH/samples/P39/P39_I378_S1/P39_I378_S1_genotype.tsv
/misc/work/VDJbase/digby_dev_data/AIRR-seq/Human/IGH/samples/P39/P39_I379_S1/P39_I379_S1_genotype.tsv
/misc/work/VDJbase/digby_dev_data/AIRR-seq/Human/IGH/samples/P39/P39_I380_S1/P39_I380_S1_genotype.tsv
/misc/work/VDJbase/digby_dev_data/AIRR-seq/Human/IGH/samples/P39/P39_I381_S1/P39_I381_S1_genotype.tsv
/misc/work/VDJbase/digby_dev_data/AIRR-seq/Human/IGH/samples/P39/P39_I382_S1/P39_I382_S1_genotype.tsv
/misc/work/VDJbase/digby_dev_data/AIRR-seq/Human/IGH/samples/P39/P39_I383_S1/P39_I383_S1_genotype.tsv
adding  allele IGHV3-15*01_g104c
adding  allele IGHV4-61*01_i04_g101c
/misc/work/VDJbase/digby_dev_data/AIRR-seq/Human/IGH/samples/P39/P39_I384_S1/P39_I384_S1_genotype.tsv
/misc/work/VDJbase/digby_dev_data/AIRR-seq/Human/IGH/samples/P39/P39_I385_S1/P39_I385_S1_genotype.tsv
/misc/work/VDJbase/digby_dev_data/AIRR-seq/Human/IGH/samples/P39/P39_I386_S1/P39_I386_S1_genotype.tsv
/misc/work/VDJbase/digby_dev_data/AIRR-seq/Human/IGH/samples/P39/P39_I387_S1/P39_I387_S1_genotype.tsv
/misc/work/VDJbase/digby_dev_data/AIRR-seq/Human/IGH/samples/P39/P39_I388_S1/P39_I388_S1_genotype.tsv
/misc/work/VDJbase/digby_dev_data/AIRR-seq/Human/IGH/samples/P39/P39_I389_S1/P39_I389_S1_genotype.tsv
/misc/work/VDJbase/digby_dev_data/AIRR-seq/Human/IGH/samples/P39/P39_I390_S1/P39_I390_S1_genotype.tsv
/misc/work/VDJbase/digby_dev_data/AIRR-seq/Human/IGH/samples/P39/P39_I391_S1/P39_I391_S1_genotype.tsv
/misc/work/VDJbase/digby_dev_data/AIRR-seq/Human/IGH/samples/P39/P39_I392_S1/P39_I392_S1_genotype.tsv
/misc/work/VDJbase/digby_dev_data/AIRR-seq/Human/IGH/samples/P39/P39_I393_S1/P39_I393_S1_genotype.tsv
/misc/work/VDJbase/digby_dev_data/AIRR-seq/Human/IGH/samples/P39/P39_I394_S1/P39_I394_S1_genotype.tsv
/misc/work/VDJbase/digby_dev_data/AIRR-seq/Human/IGH/samples/P39/P39_I395_S1/P39_I395_S1_genotype.tsv
/misc/work/VDJbase/digby_dev_data/AIRR-seq/Human/IGH/samples/P39/P39_I396_S1/P39_I396_S1_genotype.tsv
/misc/work/VDJbase/digby_dev_data/AIRR-seq/Human/IGH/samples/P39/P39_I397_S1/P39_I397_S1_genotype.tsv
/misc/work/VDJbase/digby_dev_data/AIRR-seq/Human/IGH/samples/P39/P39_I398_S1/P39_I398_S1_genotype.tsv
/misc/work/VDJbase/digby_dev_data/AIRR-seq/Human/IGH/samples/P39/P39_I399_S1/P39_I399_S1_genotype.tsv
adding  allele IGHV3-9*01_t194c_t279c_t288c_c300t_t301g_a315g_a317g
adding similar allele IGHV3-13*06_c300t_a315g
adding  allele IGHV4-NL1*01_t109c_c300t
/misc/work/VDJbase/digby_dev_data/AIRR-seq/Human/IGH/samples/P39/P39_I400_S1/P39_I400_S1_genotype.tsv
/misc/work/VDJbase/digby_dev_data/AIRR-seq/Human/IGH/samples/P39/P39_I401_S1/P39_I401_S1_genotype.tsv
/misc/work/VDJbase/digby_dev_data/AIRR-seq/Human/IGH/samples/P39/P39_I402_S1/P39_I402_S1_genotype.tsv
adding  allele IGHV4-61*02_c245a
/misc/work/VDJbase/digby_dev_data/AIRR-seq/Human/IGH/samples/P39/P39_I403_S1/P39_I403_S1_genotype.tsv
adding  allele IGHV4-4*09_c288t_a291g
adding  allele IGHV4-30-4*08_t228c_t285c_a291g_c300t_c315g
adding  allele IGHV4-61*01_i04_g88a_a106g_g107a_g129c_a147c_t165c
adding  allele IGHV4-61*02_g103a_g136c_c138a_c163t_g164a_t165c
/misc/work/VDJbase/digby_dev_data/AIRR-seq/Human/IGH/samples/P39/P39_I404_S1/P39_I404_S1_genotype.tsv
adding  allele IGHV3-30*20_g75c_g112a_c118a
/misc/work/VDJbase/digby_dev_data/AIRR-seq/Human/IGH/samples/P39/P39_I405_S1/P39_I405_S1_genotype.tsv
/misc/work/VDJbase/digby_dev_data/AIRR-seq/Human/IGH/samples/P39/P39_I406_S1/P39_I406_S1_genotype.tsv
/misc/work/VDJbase/digby_dev_data/AIRR-seq/Human/IGH/samples/P39/P39_I407_S1/P39_I407_S1_genotype.tsv
adding  allele IGHV1-2*02_a295g
/misc/work/VDJbase/digby_dev_data/AIRR-seq/Human/IGH/samples/P39/P39_I408_S1/P39_I408_S1_genotype.tsv
/misc/work/VDJbase/digby_dev_data/AIRR-seq/Human/IGH/samples/P39/P39_I409_S1/P39_I409_S1_genotype.tsv
adding  allele IGHV3-33*06_g113c_c114t
adding  allele IGHV3-33*06_g75c_g113c_c114t
/misc/work/VDJbase/digby_dev_data/AIRR-seq/Human/IGH/samples/P39/P39_I410_S1/P39_I410_S1_genotype.tsv
/misc/work/VDJbase/digby_dev_data/AIRR-seq/Human/IGH/samples/P39/P39_I411_S1/P39_I411_S1_genotype.tsv
adding ambiguous allele IGHV3-23*01_04_g239t
adding  allele IGHV4-38-2*02_g246a
/misc/work/VDJbase/digby_dev_data/AIRR-seq/Human/IGH/samples/P39/P39_I412_S1/P39_I412_S1_genotype.tsv
/misc/work/VDJbase/digby_dev_data/AIRR-seq/Human/IGH/samples/P39/P39_I413_S1/P39_I413_S1_genotype.tsv
adding  allele IGHV4-30-2*01_c285t
/misc/work/VDJbase/digby_dev_data/AIRR-seq/Human/IGH/samples/P39/P39_I414_S1/P39_I414_S1_genotype.tsv
/misc/work/VDJbase/digby_dev_data/AIRR-seq/Human/IGH/samples/P39/P39_I415_S1/P39_I415_S1_genotype.tsv
/misc/work/VDJbase/digby_dev_data/AIRR-seq/Human/IGH/samples/P39/P39_I416_S1/P39_I416_S1_genotype.tsv
/misc/work/VDJbase/digby_dev_data/AIRR-seq/Human/IGH/samples/P39/P39_I417_S1/P39_I417_S1_genotype.tsv
/misc/work/VDJbase/digby_dev_data/AIRR-seq/Human/IGH/samples/P39/P39_I418_S1/P39_I418_S1_genotype.tsv
adding  allele IGHV3-30*18_t167c
/misc/work/VDJbase/digby_dev_data/AIRR-seq/Human/IGH/samples/P39/P39_I419_S1/P39_I419_S1_genotype.tsv
/misc/work/VDJbase/digby_dev_data/AIRR-seq/Human/IGH/samples/P39/P39_I420_S1/P39_I420_S1_genotype.tsv
/misc/work/VDJbase/digby_dev_data/AIRR-seq/Human/IGH/samples/P39/P39_I421_S1/P39_I421_S1_genotype.tsv
/misc/work/VDJbase/digby_dev_data/AIRR-seq/Human/IGH/samples/P39/P39_I422_S1/P39_I422_S1_genotype.tsv
/misc/work/VDJbase/digby_dev_data/AIRR-seq/Human/IGH/samples/P39/P39_I423_S1/P39_I423_S1_genotype.tsv
/misc/work/VDJbase/digby_dev_data/AIRR-seq/Human/IGH/samples/P39/P39_I424_S1/P39_I424_S1_genotype.tsv
/misc/work/VDJbase/digby_dev_data/AIRR-seq/Human/IGH/samples/P39/P39_I425_S1/P39_I425_S1_genotype.tsv
/misc/work/VDJbase/digby_dev_data/AIRR-seq/Human/IGH/samples/P39/P39_I426_S1/P39_I426_S1_genotype.tsv
/misc/work/VDJbase/digby_dev_data/AIRR-seq/Human/IGH/samples/P39/P39_I427_S1/P39_I427_S1_genotype.tsv
/misc/work/VDJbase/digby_dev_data/AIRR-seq/Human/IGH/samples/P39/P39_I428_S1/P39_I428_S1_genotype.tsv
/misc/work/VDJbase/digby_dev_data/AIRR-seq/Human/IGH/samples/P39/P39_I429_S1/P39_I429_S1_genotype.tsv
/misc/work/VDJbase/digby_dev_data/AIRR-seq/Human/IGH/samples/P39/P39_I430_S1/P39_I430_S1_genotype.tsv
/misc/work/VDJbase/digby_dev_data/AIRR-seq/Human/IGH/samples/P39/P39_I431_S1/P39_I431_S1_genotype.tsv
adding  allele IGHV3-30*02_g170a
/misc/work/VDJbase/digby_dev_data/AIRR-seq/Human/IGH/samples/P39/P39_I432_S1/P39_I432_S1_genotype.tsv
/misc/work/VDJbase/digby_dev_data/AIRR-seq/Human/IGH/samples/P39/P39_I433_S1/P39_I433_S1_genotype.tsv
/misc/work/VDJbase/digby_dev_data/AIRR-seq/Human/IGH/samples/P39/P39_I434_S1/P39_I434_S1_genotype.tsv
/misc/work/VDJbase/digby_dev_data/AIRR-seq/Human/IGH/samples/P39/P39_I435_S1/P39_I435_S1_genotype.tsv
/misc/work/VDJbase/digby_dev_data/AIRR-seq/Human/IGH/samples/P39/P39_I436_S1/P39_I436_S1_genotype.tsv
/misc/work/VDJbase/digby_dev_data/AIRR-seq/Human/IGH/samples/P39/P39_I437_S1/P39_I437_S1_genotype.tsv
/misc/work/VDJbase/digby_dev_data/AIRR-seq/Human/IGH/samples/P39/P39_I438_S1/P39_I438_S1_genotype.tsv
/misc/work/VDJbase/digby_dev_data/AIRR-seq/Human/IGH/samples/P39/P39_I439_S1/P39_I439_S1_genotype.tsv
adding  allele IGHV3-66*01_c276t
/misc/work/VDJbase/digby_dev_data/AIRR-seq/Human/IGH/samples/P39/P39_I440_S1/P39_I440_S1_genotype.tsv
adding ambiguous allele IGHV5-10-1*01_03_c297t
adding ambiguous allele IGHV5-10-1*01_03_a118g_c297t
/misc/work/VDJbase/digby_dev_data/AIRR-seq/Human/IGH/samples/P39/P39_I441_S1/P39_I441_S1_genotype.tsv
/misc/work/VDJbase/digby_dev_data/AIRR-seq/Human/IGH/samples/P39/P39_I442_S1/P39_I442_S1_genotype.tsv
/misc/work/VDJbase/digby_dev_data/AIRR-seq/Human/IGH/samples/P39/P39_I443_S1/P39_I443_S1_genotype.tsv
/misc/work/VDJbase/digby_dev_data/AIRR-seq/Human/IGH/samples/P39/P39_I444_S1/P39_I444_S1_genotype.tsv
/misc/work/VDJbase/digby_dev_data/AIRR-seq/Human/IGH/samples/P39/P39_I445_S1/P39_I445_S1_genotype.tsv
/misc/work/VDJbase/digby_dev_data/AIRR-seq/Human/IGH/samples/P39/P39_I446_S1/P39_I446_S1_genotype.tsv
/misc/work/VDJbase/digby_dev_data/AIRR-seq/Human/IGH/samples/P39/P39_I447_S1/P39_I447_S1_genotype.tsv
/misc/work/VDJbase/digby_dev_data/AIRR-seq/Human/IGH/samples/P39/P39_I448_S1/P39_I448_S1_genotype.tsv
/misc/work/VDJbase/digby_dev_data/AIRR-seq/Human/IGH/samples/P39/P39_I449_S1/P39_I449_S1_genotype.tsv
/misc/work/VDJbase/digby_dev_data/AIRR-seq/Human/IGH/samples/P39/P39_I450_S1/P39_I450_S1_genotype.tsv
/misc/work/VDJbase/digby_dev_data/AIRR-seq/Human/IGH/samples/P39/P39_I451_S1/P39_I451_S1_genotype.tsv
/misc/work/VDJbase/digby_dev_data/AIRR-seq/Human/IGH/samples/P39/P39_I452_S1/P39_I452_S1_genotype.tsv
/misc/work/VDJbase/digby_dev_data/AIRR-seq/Human/IGH/samples/P39/P39_I453_S1/P39_I453_S1_genotype.tsv
/misc/work/VDJbase/digby_dev_data/AIRR-seq/Human/IGH/samples/P39/P39_I454_S1/P39_I454_S1_genotype.tsv
/misc/work/VDJbase/digby_dev_data/AIRR-seq/Human/IGH/samples/P39/P39_I455_S1/P39_I455_S1_genotype.tsv
/misc/work/VDJbase/digby_dev_data/AIRR-seq/Human/IGH/samples/P39/P39_I456_S1/P39_I456_S1_genotype.tsv
/misc/work/VDJbase/digby_dev_data/AIRR-seq/Human/IGH/samples/P39/P39_I457_S1/P39_I457_S1_genotype.tsv
/misc/work/VDJbase/digby_dev_data/AIRR-seq/Human/IGH/samples/P39/P39_I458_S1/P39_I458_S1_genotype.tsv
adding  allele IGHV4-31*03_a113c_c129g_a134c_c135a_t249c
/misc/work/VDJbase/digby_dev_data/AIRR-seq/Human/IGH/samples/P39/P39_I459_S1/P39_I459_S1_genotype.tsv
/misc/work/VDJbase/digby_dev_data/AIRR-seq/Human/IGH/samples/P39/P39_I460_S1/P39_I460_S1_genotype.tsv
/misc/work/VDJbase/digby_dev_data/AIRR-seq/Human/IGH/samples/P39/P39_I461_S1/P39_I461_S1_genotype.tsv
/misc/work/VDJbase/digby_dev_data/AIRR-seq/Human/IGH/samples/P39/P39_I462_S1/P39_I462_S1_genotype.tsv
/misc/work/VDJbase/digby_dev_data/AIRR-seq/Human/IGH/samples/P39/P39_I463_S1/P39_I463_S1_genotype.tsv
/misc/work/VDJbase/digby_dev_data/AIRR-seq/Human/IGH/samples/P39/P39_I464_S1/P39_I464_S1_genotype.tsv
/misc/work/VDJbase/digby_dev_data/AIRR-seq/Human/IGH/samples/P39/P39_I465_S1/P39_I465_S1_genotype.tsv
/misc/work/VDJbase/digby_dev_data/AIRR-seq/Human/IGH/samples/P39/P39_I466_S1/P39_I466_S1_genotype.tsv
/misc/work/VDJbase/digby_dev_data/AIRR-seq/Human/IGH/samples/P39/P39_I467_S1/P39_I467_S1_genotype.tsv
/misc/work/VDJbase/digby_dev_data/AIRR-seq/Human/IGH/samples/P39/P39_I468_S1/P39_I468_S1_genotype.tsv
/misc/work/VDJbase/digby_dev_data/AIRR-seq/Human/IGH/samples/P39/P39_I469_S1/P39_I469_S1_genotype.tsv
/misc/work/VDJbase/digby_dev_data/AIRR-seq/Human/IGH/samples/P39/P39_I470_S1/P39_I470_S1_genotype.tsv
/misc/work/VDJbase/digby_dev_data/AIRR-seq/Human/IGH/samples/P39/P39_I471_S1/P39_I471_S1_genotype.tsv
/misc/work/VDJbase/digby_dev_data/AIRR-seq/Human/IGH/samples/P39/P39_I472_S1/P39_I472_S1_genotype.tsv
/misc/work/VDJbase/digby_dev_data/AIRR-seq/Human/IGH/samples/P39/P39_I473_S1/P39_I473_S1_genotype.tsv
/misc/work/VDJbase/digby_dev_data/AIRR-seq/Human/IGH/samples/P39/P39_I474_S1/P39_I474_S1_genotype.tsv
/misc/work/VDJbase/digby_dev_data/AIRR-seq/Human/IGH/samples/P39/P39_I475_S1/P39_I475_S1_genotype.tsv
/misc/work/VDJbase/digby_dev_data/AIRR-seq/Human/IGH/samples/P39/P39_I476_S1/P39_I476_S1_genotype.tsv
/misc/work/VDJbase/digby_dev_data/AIRR-seq/Human/IGH/samples/P39/P39_I477_S1/P39_I477_S1_genotype.tsv
/misc/work/VDJbase/digby_dev_data/AIRR-seq/Human/IGH/samples/P39/P39_I478_S1/P39_I478_S1_genotype.tsv
/misc/work/VDJbase/digby_dev_data/AIRR-seq/Human/IGH/samples/P39/P39_I479_S1/P39_I479_S1_genotype.tsv
/misc/work/VDJbase/digby_dev_data/AIRR-seq/Human/IGH/samples/P39/P39_I480_S1/P39_I480_S1_genotype.tsv
/misc/work/VDJbase/digby_dev_data/AIRR-seq/Human/IGH/samples/P39/P39_I481_S1/P39_I481_S1_genotype.tsv
/misc/work/VDJbase/digby_dev_data/AIRR-seq/Human/IGH/samples/P39/P39_I482_S1/P39_I482_S1_genotype.tsv
/misc/work/VDJbase/digby_dev_data/AIRR-seq/Human/IGH/samples/P39/P39_I483_S1/P39_I483_S1_genotype.tsv
/misc/work/VDJbase/digby_dev_data/AIRR-seq/Human/IGH/samples/P39/P39_I484_S1/P39_I484_S1_genotype.tsv
/misc/work/VDJbase/digby_dev_data/AIRR-seq/Human/IGH/samples/P39/P39_I485_S1/P39_I485_S1_genotype.tsv
/misc/work/VDJbase/digby_dev_data/AIRR-seq/Human/IGH/samples/P39/P39_I486_S1/P39_I486_S1_genotype.tsv
/misc/work/VDJbase/digby_dev_data/AIRR-seq/Human/IGH/samples/P39/P39_I487_S1/P39_I487_S1_genotype.tsv
/misc/work/VDJbase/digby_dev_data/AIRR-seq/Human/IGH/samples/P39/P39_I488_S1/P39_I488_S1_genotype.tsv
/misc/work/VDJbase/digby_dev_data/AIRR-seq/Human/IGH/samples/P39/P39_I489_S1/P39_I489_S1_genotype.tsv
/misc/work/VDJbase/digby_dev_data/AIRR-seq/Human/IGH/samples/P39/P39_I490_S1/P39_I490_S1_genotype.tsv
/misc/work/VDJbase/digby_dev_data/AIRR-seq/Human/IGH/samples/P39/P39_I491_S1/P39_I491_S1_genotype.tsv
adding ambiguous allele IGHV1-69*01_12_13_g252a
/misc/work/VDJbase/digby_dev_data/AIRR-seq/Human/IGH/samples/P39/P39_I492_S1/P39_I492_S1_genotype.tsv
/misc/work/VDJbase/digby_dev_data/AIRR-seq/Human/IGH/samples/P39/P39_I493_S1/P39_I493_S1_genotype.tsv
/misc/work/VDJbase/digby_dev_data/AIRR-seq/Human/IGH/samples/P39/P39_I494_S1/P39_I494_S1_genotype.tsv
/misc/work/VDJbase/digby_dev_data/AIRR-seq/Human/IGH/samples/P39/P39_I495_S1/P39_I495_S1_genotype.tsv
/misc/work/VDJbase/digby_dev_data/AIRR-seq/Human/IGH/samples/P39/P39_I496_S1/P39_I496_S1_genotype.tsv
/misc/work/VDJbase/digby_dev_data/AIRR-seq/Human/IGH/samples/P39/P39_I497_S1/P39_I497_S1_genotype.tsv
/misc/work/VDJbase/digby_dev_data/AIRR-seq/Human/IGH/samples/P39/P39_I498_S1/P39_I498_S1_genotype.tsv
/misc/work/VDJbase/digby_dev_data/AIRR-seq/Human/IGH/samples/P39/P39_I499_S1/P39_I499_S1_genotype.tsv
/misc/work/VDJbase/digby_dev_data/AIRR-seq/Human/IGH/samples/P39/P39_I500_S1/P39_I500_S1_genotype.tsv
/misc/work/VDJbase/digby_dev_data/AIRR-seq/Human/IGH/samples/P39/P39_I501_S1/P39_I501_S1_genotype.tsv
adding  allele IGHV1-24*01_g147a
/misc/work/VDJbase/digby_dev_data/AIRR-seq/Human/IGH/samples/P39/P39_I502_S1/P39_I502_S1_genotype.tsv
/misc/work/VDJbase/digby_dev_data/AIRR-seq/Human/IGH/samples/P39/P39_I503_S1/P39_I503_S1_genotype.tsv
/misc/work/VDJbase/digby_dev_data/AIRR-seq/Human/IGH/samples/P39/P39_I504_S1/P39_I504_S1_genotype.tsv
/misc/work/VDJbase/digby_dev_data/AIRR-seq/Human/IGH/samples/P39/P39_I505_S1/P39_I505_S1_genotype.tsv
/misc/work/VDJbase/digby_dev_data/AIRR-seq/Human/IGH/samples/P39/P39_I506_S1/P39_I506_S1_genotype.tsv
/misc/work/VDJbase/digby_dev_data/AIRR-seq/Human/IGH/samples/P39/P39_I507_S1/P39_I507_S1_genotype.tsv
/misc/work/VDJbase/digby_dev_data/AIRR-seq/Human/IGH/samples/P39/P39_I508_S1/P39_I508_S1_genotype.tsv
/misc/work/VDJbase/digby_dev_data/AIRR-seq/Human/IGH/samples/P39/P39_I509_S1/P39_I509_S1_genotype.tsv
/misc/work/VDJbase/digby_dev_data/AIRR-seq/Human/IGH/samples/P39/P39_I510_S1/P39_I510_S1_genotype.tsv
/misc/work/VDJbase/digby_dev_data/AIRR-seq/Human/IGH/samples/P39/P39_I511_S1/P39_I511_S1_genotype.tsv
/misc/work/VDJbase/digby_dev_data/AIRR-seq/Human/IGH/samples/P39/P39_I512_S1/P39_I512_S1_genotype.tsv
adding  allele IGHV4-59*01_a131g
/misc/work/VDJbase/digby_dev_data/AIRR-seq/Human/IGH/samples/P39/P39_I513_S1/P39_I513_S1_genotype.tsv
/misc/work/VDJbase/digby_dev_data/AIRR-seq/Human/IGH/samples/P39/P39_I514_S1/P39_I514_S1_genotype.tsv
/misc/work/VDJbase/digby_dev_data/AIRR-seq/Human/IGH/samples/P39/P39_I515_S1/P39_I515_S1_genotype.tsv
/misc/work/VDJbase/digby_dev_data/AIRR-seq/Human/IGH/samples/P39/P39_I516_S1/P39_I516_S1_genotype.tsv
/misc/work/VDJbase/digby_dev_data/AIRR-seq/Human/IGH/samples/P39/P39_I517_S1/P39_I517_S1_genotype.tsv
/misc/work/VDJbase/digby_dev_data/AIRR-seq/Human/IGH/samples/P39/P39_I518_S1/P39_I518_S1_genotype.tsv
/misc/work/VDJbase/digby_dev_data/AIRR-seq/Human/IGH/samples/P39/P39_I519_S1/P39_I519_S1_genotype.tsv
/misc/work/VDJbase/digby_dev_data/AIRR-seq/Human/IGH/samples/P39/P39_I520_S1/P39_I520_S1_genotype.tsv
/misc/work/VDJbase/digby_dev_data/AIRR-seq/Human/IGH/samples/P39/P39_I521_S1/P39_I521_S1_genotype.tsv
/misc/work/VDJbase/digby_dev_data/AIRR-seq/Human/IGH/samples/P39/P39_I522_S1/P39_I522_S1_genotype.tsv
/misc/work/VDJbase/digby_dev_data/AIRR-seq/Human/IGH/samples/P39/P39_I523_S1/P39_I523_S1_genotype.tsv
/misc/work/VDJbase/digby_dev_data/AIRR-seq/Human/IGH/samples/P39/P39_I524_S1/P39_I524_S1_genotype.tsv
/misc/work/VDJbase/digby_dev_data/AIRR-seq/Human/IGH/samples/P39/P39_I525_S1/P39_I525_S1_genotype.tsv
/misc/work/VDJbase/digby_dev_data/AIRR-seq/Human/IGH/samples/P39/P39_I526_S1/P39_I526_S1_genotype.tsv
/misc/work/VDJbase/digby_dev_data/AIRR-seq/Human/IGH/samples/P39/P39_I527_S1/P39_I527_S1_genotype.tsv
/misc/work/VDJbase/digby_dev_data/AIRR-seq/Human/IGH/samples/P39/P39_I528_S1/P39_I528_S1_genotype.tsv
/misc/work/VDJbase/digby_dev_data/AIRR-seq/Human/IGH/samples/P39/P39_I529_S1/P39_I529_S1_genotype.tsv
/misc/work/VDJbase/digby_dev_data/AIRR-seq/Human/IGH/samples/P39/P39_I530_S1/P39_I530_S1_genotype.tsv
/misc/work/VDJbase/digby_dev_data/AIRR-seq/Human/IGH/samples/P39/P39_I531_S1/P39_I531_S1_genotype.tsv
/misc/work/VDJbase/digby_dev_data/AIRR-seq/Human/IGH/samples/P39/P39_I532_S1/P39_I532_S1_genotype.tsv
adding  allele IGHV1-24*01_g297a
/misc/work/VDJbase/digby_dev_data/AIRR-seq/Human/IGH/samples/P39/P39_I533_S1/P39_I533_S1_genotype.tsv
/misc/work/VDJbase/digby_dev_data/AIRR-seq/Human/IGH/samples/P39/P39_I534_S1/P39_I534_S1_genotype.tsv
/misc/work/VDJbase/digby_dev_data/AIRR-seq/Human/IGH/samples/P39/P39_I535_S1/P39_I535_S1_genotype.tsv
/misc/work/VDJbase/digby_dev_data/AIRR-seq/Human/IGH/samples/P39/P39_I536_S1/P39_I536_S1_genotype.tsv
/misc/work/VDJbase/digby_dev_data/AIRR-seq/Human/IGH/samples/P39/P39_I537_S1/P39_I537_S1_genotype.tsv
adding  allele IGHV3-30*04_c170g_a171g
/misc/work/VDJbase/digby_dev_data/AIRR-seq/Human/IGH/samples/P39/P39_I538_S1/P39_I538_S1_genotype.tsv
adding  allele IGHV1-69*10_g240a
/misc/work/VDJbase/digby_dev_data/AIRR-seq/Human/IGH/samples/P39/P39_I539_S1/P39_I539_S1_genotype.tsv
/misc/work/VDJbase/digby_dev_data/AIRR-seq/Human/IGH/samples/P39/P39_I540_S1/P39_I540_S1_genotype.tsv
/misc/work/VDJbase/digby_dev_data/AIRR-seq/Human/IGH/samples/P39/P39_I541_S1/P39_I541_S1_genotype.tsv
adding  allele IGHV3-48*03_a119g
/misc/work/VDJbase/digby_dev_data/AIRR-seq/Human/IGH/samples/P39/P39_I542_S1/P39_I542_S1_genotype.tsv
/misc/work/VDJbase/digby_dev_data/AIRR-seq/Human/IGH/samples/P39/P39_I543_S1/P39_I543_S1_genotype.tsv
/misc/work/VDJbase/digby_dev_data/AIRR-seq/Human/IGH/samples/P39/P39_I544_S1/P39_I544_S1_genotype.tsv
/misc/work/VDJbase/digby_dev_data/AIRR-seq/Human/IGH/samples/P39/P39_I545_S1/P39_I545_S1_genotype.tsv
/misc/work/VDJbase/digby_dev_data/AIRR-seq/Human/IGH/samples/P39/P39_I546_S1/P39_I546_S1_genotype.tsv
adding  allele IGHV1-18*01_t81a_a190g
/misc/work/VDJbase/digby_dev_data/AIRR-seq/Human/IGH/samples/P39/P39_I547_S1/P39_I547_S1_genotype.tsv
/misc/work/VDJbase/digby_dev_data/AIRR-seq/Human/IGH/samples/P39/P39_I548_S1/P39_I548_S1_genotype.tsv
/misc/work/VDJbase/digby_dev_data/AIRR-seq/Human/IGH/samples/P39/P39_I549_S1/P39_I549_S1_genotype.tsv
/misc/work/VDJbase/digby_dev_data/AIRR-seq/Human/IGH/samples/P39/P39_I550_S1/P39_I550_S1_genotype.tsv
/misc/work/VDJbase/digby_dev_data/AIRR-seq/Human/IGH/samples/P39/P39_I551_S1/P39_I551_S1_genotype.tsv
/misc/work/VDJbase/digby_dev_data/AIRR-seq/Human/IGH/samples/P39/P39_I552_S1/P39_I552_S1_genotype.tsv
/misc/work/VDJbase/digby_dev_data/AIRR-seq/Human/IGH/samples/P39/P39_I553_S1/P39_I553_S1_genotype.tsv
/misc/work/VDJbase/digby_dev_data/AIRR-seq/Human/IGH/samples/P39/P39_I554_S1/P39_I554_S1_genotype.tsv
/misc/work/VDJbase/digby_dev_data/AIRR-seq/Human/IGH/samples/P39/P39_I555_S1/P39_I555_S1_genotype.tsv
/misc/work/VDJbase/digby_dev_data/AIRR-seq/Human/IGH/samples/P39/P39_I556_S1/P39_I556_S1_genotype.tsv
/misc/work/VDJbase/digby_dev_data/AIRR-seq/Human/IGH/samples/P39/P39_I557_S1/P39_I557_S1_genotype.tsv
/misc/work/VDJbase/digby_dev_data/AIRR-seq/Human/IGH/samples/P39/P39_I558_S1/P39_I558_S1_genotype.tsv
/misc/work/VDJbase/digby_dev_data/AIRR-seq/Human/IGH/samples/P39/P39_I559_S1/P39_I559_S1_genotype.tsv
/misc/work/VDJbase/digby_dev_data/AIRR-seq/Human/IGH/samples/P39/P39_I560_S1/P39_I560_S1_genotype.tsv
/misc/work/VDJbase/digby_dev_data/AIRR-seq/Human/IGH/samples/P39/P39_I561_S1/P39_I561_S1_genotype.tsv
adding  allele IGHV4-4*09_a234g_a291g
/misc/work/VDJbase/digby_dev_data/AIRR-seq/Human/IGH/samples/P39/P39_I562_S1/P39_I562_S1_genotype.tsv
/misc/work/VDJbase/digby_dev_data/AIRR-seq/Human/IGH/samples/P39/P39_I563_S1/P39_I563_S1_genotype.tsv
/misc/work/VDJbase/digby_dev_data/AIRR-seq/Human/IGH/samples/P39/P39_I564_S1/P39_I564_S1_genotype.tsv
/misc/work/VDJbase/digby_dev_data/AIRR-seq/Human/IGH/samples/P39/P39_I565_S1/P39_I565_S1_genotype.tsv
/misc/work/VDJbase/digby_dev_data/AIRR-seq/Human/IGH/samples/P39/P39_I566_S1/P39_I566_S1_genotype.tsv
/misc/work/VDJbase/digby_dev_data/AIRR-seq/Human/IGH/samples/P39/P39_I567_S1/P39_I567_S1_genotype.tsv
/misc/work/VDJbase/digby_dev_data/AIRR-seq/Human/IGH/samples/P39/P39_I568_S1/P39_I568_S1_genotype.tsv
/misc/work/VDJbase/digby_dev_data/AIRR-seq/Human/IGH/samples/P39/P39_I569_S1/P39_I569_S1_genotype.tsv
adding  allele IGHV4-59*11_t172a_a173c
/misc/work/VDJbase/digby_dev_data/AIRR-seq/Human/IGH/samples/P39/P39_I570_S1/P39_I570_S1_genotype.tsv
/misc/work/VDJbase/digby_dev_data/AIRR-seq/Human/IGH/samples/P39/P39_I571_S1/P39_I571_S1_genotype.tsv
adding  allele IGHV4-61*10_c93t
/misc/work/VDJbase/digby_dev_data/AIRR-seq/Human/IGH/samples/P39/P39_I572_S1/P39_I572_S1_genotype.tsv
/misc/work/VDJbase/digby_dev_data/AIRR-seq/Human/IGH/samples/P39/P39_I573_S1/P39_I573_S1_genotype.tsv
/misc/work/VDJbase/digby_dev_data/AIRR-seq/Human/IGH/samples/P39/P39_I574_S1/P39_I574_S1_genotype.tsv
adding similar allele IGHV4-59*12_t109c_c300t
/misc/work/VDJbase/digby_dev_data/AIRR-seq/Human/IGH/samples/P39/P39_I575_S1/P39_I575_S1_genotype.tsv
/misc/work/VDJbase/digby_dev_data/AIRR-seq/Human/IGH/samples/P39/P39_I576_S1/P39_I576_S1_genotype.tsv
/misc/work/VDJbase/digby_dev_data/AIRR-seq/Human/IGH/samples/P39/P39_I577_S1/P39_I577_S1_genotype.tsv
adding  allele IGHV4-59*11_a147g_t163a_a164g_t288c_g291a
/misc/work/VDJbase/digby_dev_data/AIRR-seq/Human/IGH/samples/P39/P39_I578_S1/P39_I578_S1_genotype.tsv
adding  allele IGHV3-48*02_c201t
/misc/work/VDJbase/digby_dev_data/AIRR-seq/Human/IGH/samples/P39/P39_I579_S1/P39_I579_S1_genotype.tsv
/misc/work/VDJbase/digby_dev_data/AIRR-seq/Human/IGH/samples/P39/P39_I580_S1/P39_I580_S1_genotype.tsv
adding  allele IGHV1-69*02_a163g
/misc/work/VDJbase/digby_dev_data/AIRR-seq/Human/IGH/samples/P39/P39_I581_S1/P39_I581_S1_genotype.tsv
/misc/work/VDJbase/digby_dev_data/AIRR-seq/Human/IGH/samples/P39/P39_I582_S1/P39_I582_S1_genotype.tsv
/misc/work/VDJbase/digby_dev_data/AIRR-seq/Human/IGH/samples/P39/P39_I583_S1/P39_I583_S1_genotype.tsv
/misc/work/VDJbase/digby_dev_data/AIRR-seq/Human/IGH/samples/P39/P39_I584_S1/P39_I584_S1_genotype.tsv
/misc/work/VDJbase/digby_dev_data/AIRR-seq/Human/IGH/samples/P39/P39_I585_S1/P39_I585_S1_genotype.tsv
/misc/work/VDJbase/digby_dev_data/AIRR-seq/Human/IGH/samples/P39/P39_I586_S1/P39_I586_S1_genotype.tsv
/misc/work/VDJbase/digby_dev_data/AIRR-seq/Human/IGH/samples/P39/P39_I587_S1/P39_I587_S1_genotype.tsv
/misc/work/VDJbase/digby_dev_data/AIRR-seq/Human/IGH/samples/P39/P39_I588_S1/P39_I588_S1_genotype.tsv
/misc/work/VDJbase/digby_dev_data/AIRR-seq/Human/IGH/samples/P39/P39_I589_S1/P39_I589_S1_genotype.tsv
adding  allele IGHV3-11*04_g240a_c246t
adding ambiguous allele IGHV3-53*01_02_g303a_g317a
adding  allele IGHV4-4*08_c136g_a138c_t163c_a164g_c207g_c300t
/misc/work/VDJbase/digby_dev_data/AIRR-seq/Human/IGH/samples/P39/P39_I590_S1/P39_I590_S1_genotype.tsv
adding  allele IGHV3-66*01_t267g
/misc/work/VDJbase/digby_dev_data/AIRR-seq/Human/IGH/samples/P39/P39_I591_S1/P39_I591_S1_genotype.tsv
adding  allele IGHV3-7*03_c246t_g247t_t256a_a258g_g303a_g317a
adding similar allele IGHV4-4*09_c165t_a234g_a291g
/misc/work/VDJbase/digby_dev_data/AIRR-seq/Human/IGH/samples/P39/P39_I592_S1/P39_I592_S1_genotype.tsv
/misc/work/VDJbase/digby_dev_data/AIRR-seq/Human/IGH/samples/P39/P39_I593_S1/P39_I593_S1_genotype.tsv
adding  allele IGHV4-59*01_t85c_a88t_t105c_g107a_a113t_a138c_a143g_g162c_a173c_g189a_a190c_g191a_a193t_a215g_a225c_a234g_a240g_g252c
status: Processing haplotypes
status: Analyzing allele appearances
status: Calculating gene frequencies
status: Calculating patterns
status: Creating confidence reports
samples/P39/P39_I1_S1/P39_I1_S1_gene-IGHD2-8-01_02_haplotype.tsv
samples/P39/P39_I2_S1/P39_I2_S1_gene-IGHD2-21-01_02_haplotype.tsv
samples/P39/P39_I3_S1/P39_I3_S1_gene-IGHJ6-02_03_haplotype.tsv
samples/P39/P39_I3_S1/P39_I3_S1_gene-IGHD2-8-01_02_haplotype.tsv
samples/P39/P39_I4_S1/P39_I4_S1_gene-IGHD2-8-01_02_haplotype.tsv
samples/P39/P39_I4_S1/P39_I4_S1_gene-IGHJ6-02_03_haplotype.tsv
samples/P39/P39_I5_S1/P39_I5_S1_gene-IGHJ6-02_03_haplotype.tsv
samples/P39/P39_I6_S1/P39_I6_S1_gene-IGHD2-8-01_02_haplotype.tsv
samples/P39/P39_I7_S1/P39_I7_S1_gene-IGHD2-8-01_02_haplotype.tsv
samples/P39/P39_I7_S1/P39_I7_S1_gene-IGHD2-21-01_02_haplotype.tsv
samples/P39/P39_I8_S1/P39_I8_S1_gene-IGHD2-8-01_02_haplotype.tsv
samples/P39/P39_I9_S1/P39_I9_S1_gene-IGHD2-21-01_02_haplotype.tsv
samples/P39/P39_I9_S1/P39_I9_S1_gene-IGHD2-8-01_02_haplotype.tsv
samples/P39/P39_I10_S1/P39_I10_S1_gene-IGHJ6-02_03_haplotype.tsv
samples/P39/P39_I11_S1/P39_I11_S1_gene-IGHD2-21-01_02_haplotype.tsv
either/or format in IGHV4-4*08_09 ignored
samples/P39/P39_I11_S1/P39_I11_S1_gene-IGHD2-8-01_02_haplotype.tsv
either/or format in IGHV4-4*08_09 ignored
samples/P39/P39_I12_S1/P39_I12_S1_gene-IGHD2-21-01_02_haplotype.tsv
samples/P39/P39_I12_S1/P39_I12_S1_gene-IGHJ6-02_03_haplotype.tsv
samples/P39/P39_I12_S1/P39_I12_S1_gene-IGHD2-8-01_02_haplotype.tsv
samples/P39/P39_I13_S1/P39_I13_S1_gene-IGHJ6-02_03_haplotype.tsv
samples/P39/P39_I13_S1/P39_I13_S1_gene-IGHD2-8-01_02_haplotype.tsv
samples/P39/P39_I14_S1/P39_I14_S1_gene-IGHJ6-02_03_haplotype.tsv
samples/P39/P39_I14_S1/P39_I14_S1_gene-IGHD2-8-01_02_haplotype.tsv
samples/P39/P39_I15_S1/P39_I15_S1_gene-IGHD2-8-01_02_haplotype.tsv
samples/P39/P39_I15_S1/P39_I15_S1_gene-IGHD2-21-01_02_haplotype.tsv
samples/P39/P39_I16_S1/P39_I16_S1_gene-IGHD2-8-01_02_haplotype.tsv
samples/P39/P39_I16_S1/P39_I16_S1_gene-IGHD2-21-01_02_haplotype.tsv
samples/P39/P39_I17_S1/P39_I17_S1_gene-IGHD2-8-01_02_haplotype.tsv
samples/P39/P39_I17_S1/P39_I17_S1_gene-IGHD2-21-01_02_haplotype.tsv
samples/P39/P39_I18_S1/P39_I18_S1_gene-IGHD2-8-01_02_haplotype.tsv
samples/P39/P39_I18_S1/P39_I18_S1_gene-IGHJ6-02_03_haplotype.tsv
samples/P39/P39_I19_S1/P39_I19_S1_gene-IGHD2-21-01_02_haplotype.tsv
samples/P39/P39_I22_S1/P39_I22_S1_gene-IGHD2-21-01_02_haplotype.tsv
samples/P39/P39_I22_S1/P39_I22_S1_gene-IGHJ6-02_03_haplotype.tsv
samples/P39/P39_I23_S1/P39_I23_S1_gene-IGHD2-21-01_02_haplotype.tsv
samples/P39/P39_I23_S1/P39_I23_S1_gene-IGHD2-8-01_02_haplotype.tsv
samples/P39/P39_I23_S1/P39_I23_S1_gene-IGHJ6-02_03_haplotype.tsv
samples/P39/P39_I24_S1/P39_I24_S1_gene-IGHD2-21-01_02_haplotype.tsv
samples/P39/P39_I25_S1/P39_I25_S1_gene-IGHD2-21-01_02_haplotype.tsv
samples/P39/P39_I25_S1/P39_I25_S1_gene-IGHD2-8-01_02_haplotype.tsv
samples/P39/P39_I26_S1/P39_I26_S1_gene-IGHD2-21-01_02_haplotype.tsv
samples/P39/P39_I31_S1/P39_I31_S1_gene-IGHD2-8-01_02_haplotype.tsv
samples/P39/P39_I32_S1/P39_I32_S1_gene-IGHJ6-02_03_haplotype.tsv
samples/P39/P39_I32_S1/P39_I32_S1_gene-IGHD2-8-01_02_haplotype.tsv
samples/P39/P39_I33_S1/P39_I33_S1_gene-IGHD2-8-01_02_haplotype.tsv
samples/P39/P39_I33_S1/P39_I33_S1_gene-IGHD2-21-01_02_haplotype.tsv
samples/P39/P39_I34_S1/P39_I34_S1_gene-IGHD2-8-01_02_haplotype.tsv
samples/P39/P39_I34_S1/P39_I34_S1_gene-IGHJ6-02_03_haplotype.tsv
samples/P39/P39_I36_S1/P39_I36_S1_gene-IGHD2-8-01_02_haplotype.tsv
samples/P39/P39_I36_S1/P39_I36_S1_gene-IGHJ6-02_03_haplotype.tsv
samples/P39/P39_I37_S1/P39_I37_S1_gene-IGHJ6-02_03_haplotype.tsv
samples/P39/P39_I37_S1/P39_I37_S1_gene-IGHD2-21-01_02_haplotype.tsv
samples/P39/P39_I37_S1/P39_I37_S1_gene-IGHD2-8-01_02_haplotype.tsv
samples/P39/P39_I39_S1/P39_I39_S1_gene-IGHD2-8-01_02_haplotype.tsv
samples/P39/P39_I40_S1/P39_I40_S1_gene-IGHD2-8-01_02_haplotype.tsv
samples/P39/P39_I43_S1/P39_I43_S1_gene-IGHD2-8-01_02_haplotype.tsv
samples/P39/P39_I44_S1/P39_I44_S1_gene-IGHD2-8-01_02_haplotype.tsv
samples/P39/P39_I46_S1/P39_I46_S1_gene-IGHD2-21-01_02_haplotype.tsv
samples/P39/P39_I47_S1/P39_I47_S1_gene-IGHD2-8-01_02_haplotype.tsv
samples/P39/P39_I48_S1/P39_I48_S1_gene-IGHD2-8-01_02_haplotype.tsv
samples/P39/P39_I48_S1/P39_I48_S1_gene-IGHJ6-02_03_haplotype.tsv
samples/P39/P39_I50_S1/P39_I50_S1_gene-IGHD2-8-01_02_haplotype.tsv
samples/P39/P39_I50_S1/P39_I50_S1_gene-IGHJ6-02_03_haplotype.tsv
samples/P39/P39_I52_S1/P39_I52_S1_gene-IGHD2-8-01_02_haplotype.tsv
samples/P39/P39_I52_S1/P39_I52_S1_gene-IGHJ6-02_03_haplotype.tsv
samples/P39/P39_I54_S1/P39_I54_S1_gene-IGHD2-8-01_02_haplotype.tsv
samples/P39/P39_I55_S1/P39_I55_S1_gene-IGHD2-21-01_02_haplotype.tsv
samples/P39/P39_I56_S1/P39_I56_S1_gene-IGHD2-8-01_02_haplotype.tsv
samples/P39/P39_I56_S1/P39_I56_S1_gene-IGHJ6-02_03_haplotype.tsv
samples/P39/P39_I57_S1/P39_I57_S1_gene-IGHD2-21-01_02_haplotype.tsv
samples/P39/P39_I59_S1/P39_I59_S1_gene-IGHD2-8-01_02_haplotype.tsv
samples/P39/P39_I60_S1/P39_I60_S1_gene-IGHJ6-02_03_haplotype.tsv
samples/P39/P39_I60_S1/P39_I60_S1_gene-IGHD2-8-01_02_haplotype.tsv
samples/P39/P39_I60_S1/P39_I60_S1_gene-IGHD2-21-01_02_haplotype.tsv
samples/P39/P39_I62_S1/P39_I62_S1_gene-IGHD2-21-01_02_haplotype.tsv
samples/P39/P39_I65_S1/P39_I65_S1_gene-IGHD2-8-01_02_haplotype.tsv
samples/P39/P39_I66_S1/P39_I66_S1_gene-IGHD2-8-01_02_haplotype.tsv
either/or format in IGHV4-4*08_09 ignored
samples/P39/P39_I69_S1/P39_I69_S1_gene-IGHD2-8-01_02_haplotype.tsv
samples/P39/P39_I70_S1/P39_I70_S1_gene-IGHD2-21-01_02_haplotype.tsv
either/or format in IGHV3-66*02_03 ignored
samples/P39/P39_I70_S1/P39_I70_S1_gene-IGHD2-8-01_02_haplotype.tsv
either/or format in IGHV3-66*02_03 ignored
samples/P39/P39_I70_S1/P39_I70_S1_gene-IGHJ6-02_03_haplotype.tsv
samples/P39/P39_I74_S1/P39_I74_S1_gene-IGHD2-8-01_02_haplotype.tsv
samples/P39/P39_I75_S1/P39_I75_S1_gene-IGHD2-21-01_02_haplotype.tsv
samples/P39/P39_I76_S1/P39_I76_S1_gene-IGHJ6-02_03_haplotype.tsv
samples/P39/P39_I76_S1/P39_I76_S1_gene-IGHD2-21-01_02_haplotype.tsv
samples/P39/P39_I77_S1/P39_I77_S1_gene-IGHJ6-02_03_haplotype.tsv
samples/P39/P39_I77_S1/P39_I77_S1_gene-IGHD2-21-01_02_haplotype.tsv
samples/P39/P39_I78_S1/P39_I78_S1_gene-IGHJ6-02_03_haplotype.tsv
samples/P39/P39_I78_S1/P39_I78_S1_gene-IGHD2-8-01_02_haplotype.tsv
samples/P39/P39_I79_S1/P39_I79_S1_gene-IGHJ6-02_03_haplotype.tsv
samples/P39/P39_I80_S1/P39_I80_S1_gene-IGHD2-8-01_02_haplotype.tsv
samples/P39/P39_I81_S1/P39_I81_S1_gene-IGHD2-21-01_02_haplotype.tsv
samples/P39/P39_I81_S1/P39_I81_S1_gene-IGHJ6-02_03_haplotype.tsv
samples/P39/P39_I82_S1/P39_I82_S1_gene-IGHD2-8-01_02_haplotype.tsv
samples/P39/P39_I82_S1/P39_I82_S1_gene-IGHD2-21-01_02_haplotype.tsv
samples/P39/P39_I83_S1/P39_I83_S1_gene-IGHD2-8-01_02_haplotype.tsv
samples/P39/P39_I84_S1/P39_I84_S1_gene-IGHD2-21-01_02_haplotype.tsv
samples/P39/P39_I85_S1/P39_I85_S1_gene-IGHD2-8-01_02_haplotype.tsv
samples/P39/P39_I86_S1/P39_I86_S1_gene-IGHD2-8-01_02_haplotype.tsv
samples/P39/P39_I87_S1/P39_I87_S1_gene-IGHJ6-02_03_haplotype.tsv
samples/P39/P39_I88_S1/P39_I88_S1_gene-IGHD2-8-01_02_haplotype.tsv
samples/P39/P39_I88_S1/P39_I88_S1_gene-IGHJ6-02_03_haplotype.tsv
samples/P39/P39_I91_S1/P39_I91_S1_gene-IGHJ6-02_03_haplotype.tsv
samples/P39/P39_I92_S1/P39_I92_S1_gene-IGHD2-21-01_02_haplotype.tsv
samples/P39/P39_I93_S1/P39_I93_S1_gene-IGHD2-8-01_02_haplotype.tsv
samples/P39/P39_I93_S1/P39_I93_S1_gene-IGHD2-21-01_02_haplotype.tsv
samples/P39/P39_I94_S1/P39_I94_S1_gene-IGHD2-21-01_02_haplotype.tsv
samples/P39/P39_I94_S1/P39_I94_S1_gene-IGHD2-8-01_02_haplotype.tsv
samples/P39/P39_I96_S1/P39_I96_S1_gene-IGHD2-8-01_02_haplotype.tsv
samples/P39/P39_I97_S1/P39_I97_S1_gene-IGHD2-8-01_02_haplotype.tsv
samples/P39/P39_I98_S1/P39_I98_S1_gene-IGHD2-8-01_02_haplotype.tsv
samples/P39/P39_I99_S1/P39_I99_S1_gene-IGHD2-8-01_02_haplotype.tsv
samples/P39/P39_I100_S1/P39_I100_S1_gene-IGHD2-8-01_02_haplotype.tsv
either/or format in IGHV3-66*01_02 ignored
samples/P39/P39_I101_S1/P39_I101_S1_gene-IGHJ6-02_03_haplotype.tsv
samples/P39/P39_I102_S1/P39_I102_S1_gene-IGHJ6-02_03_haplotype.tsv
samples/P39/P39_I102_S1/P39_I102_S1_gene-IGHD2-21-01_02_haplotype.tsv
samples/P39/P39_I102_S1/P39_I102_S1_gene-IGHD2-8-01_02_haplotype.tsv
samples/P39/P39_I103_S1/P39_I103_S1_gene-IGHJ6-02_03_haplotype.tsv
samples/P39/P39_I103_S1/P39_I103_S1_gene-IGHD2-21-01_02_haplotype.tsv
either/or format in IGHV4-4*08_09 ignored
samples/P39/P39_I104_S1/P39_I104_S1_gene-IGHJ6-02_03_haplotype.tsv
samples/P39/P39_I107_S1/P39_I107_S1_gene-IGHD2-21-01_02_haplotype.tsv
samples/P39/P39_I109_S1/P39_I109_S1_gene-IGHD2-8-01_02_haplotype.tsv
samples/P39/P39_I110_S1/P39_I110_S1_gene-IGHD2-8-01_02_haplotype.tsv
samples/P39/P39_I110_S1/P39_I110_S1_gene-IGHD2-21-01_02_haplotype.tsv
samples/P39/P39_I110_S1/P39_I110_S1_gene-IGHJ6-02_03_haplotype.tsv
samples/P39/P39_I111_S1/P39_I111_S1_gene-IGHD2-8-01_02_haplotype.tsv
samples/P39/P39_I111_S1/P39_I111_S1_gene-IGHD2-21-01_02_haplotype.tsv
either/or format in IGHV3-66*02_03 ignored
samples/P39/P39_I112_S1/P39_I112_S1_gene-IGHD2-21-01_02_haplotype.tsv
samples/P39/P39_I112_S1/P39_I112_S1_gene-IGHD2-8-01_02_haplotype.tsv
samples/P39/P39_I113_S1/P39_I113_S1_gene-IGHD2-8-01_02_haplotype.tsv
samples/P39/P39_I116_S1/P39_I116_S1_gene-IGHD2-8-01_02_haplotype.tsv
samples/P39/P39_I117_S1/P39_I117_S1_gene-IGHD2-8-01_02_haplotype.tsv
samples/P39/P39_I118_S1/P39_I118_S1_gene-IGHJ6-02_03_haplotype.tsv
samples/P39/P39_I118_S1/P39_I118_S1_gene-IGHD2-21-01_02_haplotype.tsv
samples/P39/P39_I118_S1/P39_I118_S1_gene-IGHD2-8-01_02_haplotype.tsv
samples/P39/P39_I119_S1/P39_I119_S1_gene-IGHD2-8-01_02_haplotype.tsv
samples/P39/P39_I120_S1/P39_I120_S1_gene-IGHD2-21-01_02_haplotype.tsv
samples/P39/P39_I122_S1/P39_I122_S1_gene-IGHD2-21-01_02_haplotype.tsv
samples/P39/P39_I123_S1/P39_I123_S1_gene-IGHD2-8-01_02_haplotype.tsv
samples/P39/P39_I123_S1/P39_I123_S1_gene-IGHD2-21-01_02_haplotype.tsv
samples/P39/P39_I124_S1/P39_I124_S1_gene-IGHJ6-02_03_haplotype.tsv
samples/P39/P39_I125_S1/P39_I125_S1_gene-IGHJ6-02_03_haplotype.tsv
samples/P39/P39_I126_S1/P39_I126_S1_gene-IGHD2-8-01_02_haplotype.tsv
samples/P39/P39_I126_S1/P39_I126_S1_gene-IGHD2-21-01_02_haplotype.tsv
samples/P39/P39_I127_S1/P39_I127_S1_gene-IGHD2-8-01_02_haplotype.tsv
samples/P39/P39_I128_S1/P39_I128_S1_gene-IGHJ6-02_03_haplotype.tsv
samples/P39/P39_I129_S1/P39_I129_S1_gene-IGHD2-8-01_02_haplotype.tsv
samples/P39/P39_I129_S1/P39_I129_S1_gene-IGHD2-21-01_02_haplotype.tsv
samples/P39/P39_I130_S1/P39_I130_S1_gene-IGHD2-8-01_02_haplotype.tsv
samples/P39/P39_I132_S1/P39_I132_S1_gene-IGHJ6-02_03_haplotype.tsv
samples/P39/P39_I134_S1/P39_I134_S1_gene-IGHD2-8-01_02_haplotype.tsv
samples/P39/P39_I135_S1/P39_I135_S1_gene-IGHD2-8-01_02_haplotype.tsv
samples/P39/P39_I135_S1/P39_I135_S1_gene-IGHD2-21-01_02_haplotype.tsv
samples/P39/P39_I136_S1/P39_I136_S1_gene-IGHJ6-02_03_haplotype.tsv
samples/P39/P39_I137_S1/P39_I137_S1_gene-IGHD2-8-01_02_haplotype.tsv
samples/P39/P39_I137_S1/P39_I137_S1_gene-IGHJ6-02_03_haplotype.tsv
samples/P39/P39_I139_S1/P39_I139_S1_gene-IGHD2-21-01_02_haplotype.tsv
samples/P39/P39_I140_S1/P39_I140_S1_gene-IGHJ6-02_03_haplotype.tsv
samples/P39/P39_I141_S1/P39_I141_S1_gene-IGHD2-8-01_02_haplotype.tsv
samples/P39/P39_I141_S1/P39_I141_S1_gene-IGHD2-21-01_02_haplotype.tsv
samples/P39/P39_I142_S1/P39_I142_S1_gene-IGHJ6-02_03_haplotype.tsv
samples/P39/P39_I142_S1/P39_I142_S1_gene-IGHD2-8-01_02_haplotype.tsv
samples/P39/P39_I143_S1/P39_I143_S1_gene-IGHD2-21-01_02_haplotype.tsv
samples/P39/P39_I143_S1/P39_I143_S1_gene-IGHD2-8-01_02_haplotype.tsv
samples/P39/P39_I144_S1/P39_I144_S1_gene-IGHD2-8-01_02_haplotype.tsv
samples/P39/P39_I145_S1/P39_I145_S1_gene-IGHD2-8-01_02_haplotype.tsv
samples/P39/P39_I146_S1/P39_I146_S1_gene-IGHJ6-02_03_haplotype.tsv
samples/P39/P39_I147_S1/P39_I147_S1_gene-IGHJ6-02_03_haplotype.tsv
samples/P39/P39_I147_S1/P39_I147_S1_gene-IGHD2-21-01_02_haplotype.tsv
samples/P39/P39_I147_S1/P39_I147_S1_gene-IGHD2-8-01_02_haplotype.tsv
samples/P39/P39_I148_S1/P39_I148_S1_gene-IGHD2-8-01_02_haplotype.tsv
samples/P39/P39_I148_S1/P39_I148_S1_gene-IGHD2-21-01_02_haplotype.tsv
samples/P39/P39_I149_S1/P39_I149_S1_gene-IGHD2-8-01_02_haplotype.tsv
samples/P39/P39_I150_S1/P39_I150_S1_gene-IGHD2-21-01_02_haplotype.tsv
either/or format in IGHV4-4*08_09 ignored
samples/P39/P39_I150_S1/P39_I150_S1_gene-IGHD2-8-01_02_haplotype.tsv
either/or format in IGHV3-13*01_06 ignored
either/or format in IGHV4-4*08_09 ignored
samples/P39/P39_I150_S1/P39_I150_S1_gene-IGHJ6-02_03_haplotype.tsv
samples/P39/P39_I152_S1/P39_I152_S1_gene-IGHD2-8-01_02_haplotype.tsv
samples/P39/P39_I152_S1/P39_I152_S1_gene-IGHD2-21-01_02_haplotype.tsv
samples/P39/P39_I153_S1/P39_I153_S1_gene-IGHD2-21-01_02_haplotype.tsv
samples/P39/P39_I153_S1/P39_I153_S1_gene-IGHD2-8-01_02_haplotype.tsv
samples/P39/P39_I154_S1/P39_I154_S1_gene-IGHD2-8-01_02_haplotype.tsv
samples/P39/P39_I154_S1/P39_I154_S1_gene-IGHD2-21-01_02_haplotype.tsv
samples/P39/P39_I155_S1/P39_I155_S1_gene-IGHJ6-02_03_haplotype.tsv
samples/P39/P39_I155_S1/P39_I155_S1_gene-IGHD2-8-01_02_haplotype.tsv
samples/P39/P39_I156_S1/P39_I156_S1_gene-IGHD2-8-01_02_haplotype.tsv
samples/P39/P39_I156_S1/P39_I156_S1_gene-IGHD2-21-01_02_haplotype.tsv
samples/P39/P39_I157_S1/P39_I157_S1_gene-IGHD2-8-01_02_haplotype.tsv
samples/P39/P39_I158_S1/P39_I158_S1_gene-IGHJ6-02_03_haplotype.tsv
samples/P39/P39_I158_S1/P39_I158_S1_gene-IGHD2-21-01_02_haplotype.tsv
samples/P39/P39_I160_S1/P39_I160_S1_gene-IGHJ6-02_03_haplotype.tsv
samples/P39/P39_I162_S1/P39_I162_S1_gene-IGHD2-8-01_02_haplotype.tsv
samples/P39/P39_I163_S1/P39_I163_S1_gene-IGHD2-8-01_02_haplotype.tsv
samples/P39/P39_I164_S1/P39_I164_S1_gene-IGHD2-21-01_02_haplotype.tsv
samples/P39/P39_I166_S1/P39_I166_S1_gene-IGHD2-21-01_02_haplotype.tsv
samples/P39/P39_I166_S1/P39_I166_S1_gene-IGHD2-8-01_02_haplotype.tsv
samples/P39/P39_I167_S1/P39_I167_S1_gene-IGHD2-8-01_02_haplotype.tsv
samples/P39/P39_I167_S1/P39_I167_S1_gene-IGHD2-21-01_02_haplotype.tsv
samples/P39/P39_I168_S1/P39_I168_S1_gene-IGHJ6-02_03_haplotype.tsv
samples/P39/P39_I170_S1/P39_I170_S1_gene-IGHD2-8-01_02_haplotype.tsv
samples/P39/P39_I171_S1/P39_I171_S1_gene-IGHD2-21-01_02_haplotype.tsv
samples/P39/P39_I171_S1/P39_I171_S1_gene-IGHD2-8-01_02_haplotype.tsv
samples/P39/P39_I173_S1/P39_I173_S1_gene-IGHD2-21-01_02_haplotype.tsv
samples/P39/P39_I173_S1/P39_I173_S1_gene-IGHJ6-02_03_haplotype.tsv
either/or format in IGHV1-45*02_03 ignored
samples/P39/P39_I173_S1/P39_I173_S1_gene-IGHD2-8-01_02_haplotype.tsv
samples/P39/P39_I174_S1/P39_I174_S1_gene-IGHD2-21-01_02_haplotype.tsv
samples/P39/P39_I174_S1/P39_I174_S1_gene-IGHJ6-02_03_haplotype.tsv
samples/P39/P39_I176_S1/P39_I176_S1_gene-IGHJ6-02_03_haplotype.tsv
samples/P39/P39_I178_S1/P39_I178_S1_gene-IGHJ6-02_03_haplotype.tsv
samples/P39/P39_I179_S1/P39_I179_S1_gene-IGHJ6-02_03_haplotype.tsv
samples/P39/P39_I180_S1/P39_I180_S1_gene-IGHJ6-02_03_haplotype.tsv
samples/P39/P39_I180_S1/P39_I180_S1_gene-IGHD2-21-01_02_haplotype.tsv
samples/P39/P39_I181_S1/P39_I181_S1_gene-IGHJ6-02_03_haplotype.tsv
samples/P39/P39_I181_S1/P39_I181_S1_gene-IGHD2-8-01_02_haplotype.tsv
samples/P39/P39_I182_S1/P39_I182_S1_gene-IGHD2-21-01_02_haplotype.tsv
samples/P39/P39_I182_S1/P39_I182_S1_gene-IGHD2-8-01_02_haplotype.tsv
samples/P39/P39_I183_S1/P39_I183_S1_gene-IGHD2-21-01_02_haplotype.tsv
samples/P39/P39_I184_S1/P39_I184_S1_gene-IGHD2-21-01_02_haplotype.tsv
samples/P39/P39_I184_S1/P39_I184_S1_gene-IGHJ6-02_03_haplotype.tsv
samples/P39/P39_I185_S1/P39_I185_S1_gene-IGHD2-21-01_02_haplotype.tsv
samples/P39/P39_I186_S1/P39_I186_S1_gene-IGHD2-8-01_02_haplotype.tsv
samples/P39/P39_I186_S1/P39_I186_S1_gene-IGHJ6-02_03_haplotype.tsv
either/or format in IGHV4-4*08_09 ignored
samples/P39/P39_I186_S1/P39_I186_S1_gene-IGHD2-21-01_02_haplotype.tsv
either/or format in IGHV4-4*08_09 ignored
samples/P39/P39_I187_S1/P39_I187_S1_gene-IGHD2-8-01_02_haplotype.tsv
samples/P39/P39_I187_S1/P39_I187_S1_gene-IGHD2-21-01_02_haplotype.tsv
samples/P39/P39_I187_S1/P39_I187_S1_gene-IGHJ6-02_03_haplotype.tsv
samples/P39/P39_I188_S1/P39_I188_S1_gene-IGHD2-8-01_02_haplotype.tsv
samples/P39/P39_I189_S1/P39_I189_S1_gene-IGHJ6-02_03_haplotype.tsv
samples/P39/P39_I189_S1/P39_I189_S1_gene-IGHD2-21-01_02_haplotype.tsv
samples/P39/P39_I190_S1/P39_I190_S1_gene-IGHJ6-02_03_haplotype.tsv
samples/P39/P39_I191_S1/P39_I191_S1_gene-IGHD2-21-01_02_haplotype.tsv
samples/P39/P39_I192_S1/P39_I192_S1_gene-IGHD2-21-01_02_haplotype.tsv
samples/P39/P39_I193_S1/P39_I193_S1_gene-IGHD2-21-01_02_haplotype.tsv
samples/P39/P39_I193_S1/P39_I193_S1_gene-IGHJ6-02_03_haplotype.tsv
samples/P39/P39_I194_S1/P39_I194_S1_gene-IGHD2-21-01_02_haplotype.tsv
samples/P39/P39_I196_S1/P39_I196_S1_gene-IGHD2-8-01_02_haplotype.tsv
samples/P39/P39_I196_S1/P39_I196_S1_gene-IGHJ6-02_03_haplotype.tsv
either/or format in IGHV4-4*08_09 ignored
samples/P39/P39_I197_S1/P39_I197_S1_gene-IGHJ6-02_03_haplotype.tsv
samples/P39/P39_I197_S1/P39_I197_S1_gene-IGHD2-21-01_02_haplotype.tsv
samples/P39/P39_I197_S1/P39_I197_S1_gene-IGHD2-8-01_02_haplotype.tsv
samples/P39/P39_I198_S1/P39_I198_S1_gene-IGHJ6-02_03_haplotype.tsv
samples/P39/P39_I199_S1/P39_I199_S1_gene-IGHJ6-02_03_haplotype.tsv
samples/P39/P39_I199_S1/P39_I199_S1_gene-IGHD2-21-01_02_haplotype.tsv
samples/P39/P39_I201_S1/P39_I201_S1_gene-IGHJ6-02_03_haplotype.tsv
samples/P39/P39_I201_S1/P39_I201_S1_gene-IGHD2-8-01_02_haplotype.tsv
samples/P39/P39_I203_S1/P39_I203_S1_gene-IGHD2-21-01_02_haplotype.tsv
samples/P39/P39_I203_S1/P39_I203_S1_gene-IGHD2-8-01_02_haplotype.tsv
samples/P39/P39_I204_S1/P39_I204_S1_gene-IGHD2-8-01_02_haplotype.tsv
samples/P39/P39_I205_S1/P39_I205_S1_gene-IGHD2-21-01_02_haplotype.tsv
samples/P39/P39_I205_S1/P39_I205_S1_gene-IGHJ6-02_03_haplotype.tsv
samples/P39/P39_I206_S1/P39_I206_S1_gene-IGHD2-8-01_02_haplotype.tsv
samples/P39/P39_I206_S1/P39_I206_S1_gene-IGHJ6-02_03_haplotype.tsv
samples/P39/P39_I207_S1/P39_I207_S1_gene-IGHD2-21-01_02_haplotype.tsv
samples/P39/P39_I207_S1/P39_I207_S1_gene-IGHD2-8-01_02_haplotype.tsv
samples/P39/P39_I208_S1/P39_I208_S1_gene-IGHD2-8-01_02_haplotype.tsv
samples/P39/P39_I209_S1/P39_I209_S1_gene-IGHD2-8-01_02_haplotype.tsv
samples/P39/P39_I211_S1/P39_I211_S1_gene-IGHD2-21-01_02_haplotype.tsv
samples/P39/P39_I212_S1/P39_I212_S1_gene-IGHD2-8-01_02_haplotype.tsv
samples/P39/P39_I212_S1/P39_I212_S1_gene-IGHD2-21-01_02_haplotype.tsv
samples/P39/P39_I213_S1/P39_I213_S1_gene-IGHD2-8-01_02_haplotype.tsv
either/or format in IGHV4-4*08_09 ignored
samples/P39/P39_I213_S1/P39_I213_S1_gene-IGHJ6-02_03_haplotype.tsv
either/or format in IGHV4-4*08_09 ignored
samples/P39/P39_I213_S1/P39_I213_S1_gene-IGHD2-21-01_02_haplotype.tsv
either/or format in IGHV4-4*08_09 ignored
samples/P39/P39_I214_S1/P39_I214_S1_gene-IGHJ6-02_03_haplotype.tsv
samples/P39/P39_I215_S1/P39_I215_S1_gene-IGHJ6-02_03_haplotype.tsv
samples/P39/P39_I216_S1/P39_I216_S1_gene-IGHD2-21-01_02_haplotype.tsv
samples/P39/P39_I217_S1/P39_I217_S1_gene-IGHD2-8-01_02_haplotype.tsv
samples/P39/P39_I217_S1/P39_I217_S1_gene-IGHD2-21-01_02_haplotype.tsv
samples/P39/P39_I217_S1/P39_I217_S1_gene-IGHJ6-02_03_haplotype.tsv
samples/P39/P39_I218_S1/P39_I218_S1_gene-IGHJ6-02_03_haplotype.tsv
samples/P39/P39_I218_S1/P39_I218_S1_gene-IGHD2-8-01_02_haplotype.tsv
samples/P39/P39_I218_S1/P39_I218_S1_gene-IGHD2-21-01_02_haplotype.tsv
samples/P39/P39_I219_S1/P39_I219_S1_gene-IGHD2-8-01_02_haplotype.tsv
samples/P39/P39_I219_S1/P39_I219_S1_gene-IGHD2-21-01_02_haplotype.tsv
either/or format in IGHV4-28*01_07_03 ignored
samples/P39/P39_I219_S1/P39_I219_S1_gene-IGHJ6-02_03_haplotype.tsv
either/or format in IGHV4-28*01_07_03 ignored
samples/P39/P39_I221_S1/P39_I221_S1_gene-IGHJ6-02_03_haplotype.tsv
samples/P39/P39_I221_S1/P39_I221_S1_gene-IGHD2-21-01_02_haplotype.tsv
samples/P39/P39_I222_S1/P39_I222_S1_gene-IGHD2-21-01_02_haplotype.tsv
samples/P39/P39_I222_S1/P39_I222_S1_gene-IGHD2-8-01_02_haplotype.tsv
samples/P39/P39_I223_S1/P39_I223_S1_gene-IGHD2-21-01_02_haplotype.tsv
samples/P39/P39_I223_S1/P39_I223_S1_gene-IGHJ6-02_03_haplotype.tsv
samples/P39/P39_I225_S1/P39_I225_S1_gene-IGHD2-21-01_02_haplotype.tsv
samples/P39/P39_I225_S1/P39_I225_S1_gene-IGHD2-8-01_02_haplotype.tsv
samples/P39/P39_I225_S1/P39_I225_S1_gene-IGHJ6-02_03_haplotype.tsv
samples/P39/P39_I226_S1/P39_I226_S1_gene-IGHJ6-02_03_haplotype.tsv
samples/P39/P39_I226_S1/P39_I226_S1_gene-IGHD2-8-01_02_haplotype.tsv
samples/P39/P39_I227_S1/P39_I227_S1_gene-IGHD2-21-01_02_haplotype.tsv
samples/P39/P39_I227_S1/P39_I227_S1_gene-IGHJ6-02_03_haplotype.tsv
samples/P39/P39_I228_S1/P39_I228_S1_gene-IGHD2-8-01_02_haplotype.tsv
samples/P39/P39_I229_S1/P39_I229_S1_gene-IGHJ6-02_03_haplotype.tsv
samples/P39/P39_I230_S1/P39_I230_S1_gene-IGHD2-21-01_02_haplotype.tsv
samples/P39/P39_I230_S1/P39_I230_S1_gene-IGHD2-8-01_02_haplotype.tsv
samples/P39/P39_I230_S1/P39_I230_S1_gene-IGHJ6-02_03_haplotype.tsv
samples/P39/P39_I231_S1/P39_I231_S1_gene-IGHJ6-02_03_haplotype.tsv
samples/P39/P39_I231_S1/P39_I231_S1_gene-IGHD2-21-01_02_haplotype.tsv
samples/P39/P39_I231_S1/P39_I231_S1_gene-IGHD2-8-01_02_haplotype.tsv
samples/P39/P39_I232_S1/P39_I232_S1_gene-IGHD2-21-01_02_haplotype.tsv
samples/P39/P39_I232_S1/P39_I232_S1_gene-IGHJ6-02_03_haplotype.tsv
samples/P39/P39_I234_S1/P39_I234_S1_gene-IGHD2-8-01_02_haplotype.tsv
either/or format in IGHV3-66*02_03 ignored
samples/P39/P39_I235_S1/P39_I235_S1_gene-IGHD2-8-01_02_haplotype.tsv
samples/P39/P39_I237_S1/P39_I237_S1_gene-IGHD2-21-01_02_haplotype.tsv
samples/P39/P39_I237_S1/P39_I237_S1_gene-IGHJ6-02_03_haplotype.tsv
samples/P39/P39_I239_S1/P39_I239_S1_gene-IGHD2-21-01_02_haplotype.tsv
samples/P39/P39_I242_S1/P39_I242_S1_gene-IGHD2-8-01_02_haplotype.tsv
samples/P39/P39_I242_S1/P39_I242_S1_gene-IGHJ6-02_03_haplotype.tsv
samples/P39/P39_I242_S1/P39_I242_S1_gene-IGHD2-21-01_02_haplotype.tsv
samples/P39/P39_I245_S1/P39_I245_S1_gene-IGHD2-21-01_02_haplotype.tsv
samples/P39/P39_I245_S1/P39_I245_S1_gene-IGHJ6-02_03_haplotype.tsv
samples/P39/P39_I246_S1/P39_I246_S1_gene-IGHJ6-02_03_haplotype.tsv
samples/P39/P39_I246_S1/P39_I246_S1_gene-IGHD2-8-01_02_haplotype.tsv
samples/P39/P39_I247_S1/P39_I247_S1_gene-IGHJ6-02_03_haplotype.tsv
samples/P39/P39_I248_S1/P39_I248_S1_gene-IGHD2-8-01_02_haplotype.tsv
samples/P39/P39_I248_S1/P39_I248_S1_gene-IGHJ6-02_03_haplotype.tsv
samples/P39/P39_I249_S1/P39_I249_S1_gene-IGHJ6-02_03_haplotype.tsv
either/or format in IGHV3-13*01_06 ignored
samples/P39/P39_I249_S1/P39_I249_S1_gene-IGHD2-21-01_02_haplotype.tsv
samples/P39/P39_I250_S1/P39_I250_S1_gene-IGHD2-8-01_02_haplotype.tsv
samples/P39/P39_I251_S1/P39_I251_S1_gene-IGHJ6-02_03_haplotype.tsv
samples/P39/P39_I252_S1/P39_I252_S1_gene-IGHD2-8-01_02_haplotype.tsv
samples/P39/P39_I252_S1/P39_I252_S1_gene-IGHD2-21-01_02_haplotype.tsv
samples/P39/P39_I254_S1/P39_I254_S1_gene-IGHD2-21-01_02_haplotype.tsv
samples/P39/P39_I255_S1/P39_I255_S1_gene-IGHD2-21-01_02_haplotype.tsv
samples/P39/P39_I255_S1/P39_I255_S1_gene-IGHD2-8-01_02_haplotype.tsv
samples/P39/P39_I256_S1/P39_I256_S1_gene-IGHD2-8-01_02_haplotype.tsv
samples/P39/P39_I256_S1/P39_I256_S1_gene-IGHJ6-02_03_haplotype.tsv
samples/P39/P39_I258_S1/P39_I258_S1_gene-IGHD2-21-01_02_haplotype.tsv
samples/P39/P39_I259_S1/P39_I259_S1_gene-IGHD2-8-01_02_haplotype.tsv
samples/P39/P39_I260_S1/P39_I260_S1_gene-IGHD2-21-01_02_haplotype.tsv
samples/P39/P39_I260_S1/P39_I260_S1_gene-IGHD2-8-01_02_haplotype.tsv
samples/P39/P39_I262_S1/P39_I262_S1_gene-IGHJ6-02_03_haplotype.tsv
samples/P39/P39_I262_S1/P39_I262_S1_gene-IGHD2-8-01_02_haplotype.tsv
samples/P39/P39_I263_S1/P39_I263_S1_gene-IGHD2-8-01_02_haplotype.tsv
samples/P39/P39_I264_S1/P39_I264_S1_gene-IGHD2-8-01_02_haplotype.tsv
samples/P39/P39_I266_S1/P39_I266_S1_gene-IGHD2-8-01_02_haplotype.tsv
samples/P39/P39_I269_S1/P39_I269_S1_gene-IGHJ6-02_03_haplotype.tsv
samples/P39/P39_I270_S1/P39_I270_S1_gene-IGHD2-8-01_02_haplotype.tsv
samples/P39/P39_I271_S1/P39_I271_S1_gene-IGHJ6-02_03_haplotype.tsv
samples/P39/P39_I271_S1/P39_I271_S1_gene-IGHD2-8-01_02_haplotype.tsv
samples/P39/P39_I271_S1/P39_I271_S1_gene-IGHD2-21-01_02_haplotype.tsv
samples/P39/P39_I273_S1/P39_I273_S1_gene-IGHJ6-02_03_haplotype.tsv
samples/P39/P39_I274_S1/P39_I274_S1_gene-IGHJ6-02_03_haplotype.tsv
samples/P39/P39_I274_S1/P39_I274_S1_gene-IGHD2-8-01_02_haplotype.tsv
samples/P39/P39_I275_S1/P39_I275_S1_gene-IGHJ6-02_03_haplotype.tsv
samples/P39/P39_I275_S1/P39_I275_S1_gene-IGHD2-21-01_02_haplotype.tsv
samples/P39/P39_I275_S1/P39_I275_S1_gene-IGHD2-8-01_02_haplotype.tsv
samples/P39/P39_I276_S1/P39_I276_S1_gene-IGHD2-21-01_02_haplotype.tsv
samples/P39/P39_I279_S1/P39_I279_S1_gene-IGHD2-8-01_02_haplotype.tsv
samples/P39/P39_I281_S1/P39_I281_S1_gene-IGHD2-8-01_02_haplotype.tsv
samples/P39/P39_I281_S1/P39_I281_S1_gene-IGHD2-21-01_02_haplotype.tsv
samples/P39/P39_I283_S1/P39_I283_S1_gene-IGHJ6-02_03_haplotype.tsv
samples/P39/P39_I283_S1/P39_I283_S1_gene-IGHD2-8-01_02_haplotype.tsv
samples/P39/P39_I286_S1/P39_I286_S1_gene-IGHD2-8-01_02_haplotype.tsv
samples/P39/P39_I288_S1/P39_I288_S1_gene-IGHD2-8-01_02_haplotype.tsv
samples/P39/P39_I289_S1/P39_I289_S1_gene-IGHJ6-02_03_haplotype.tsv
samples/P39/P39_I290_S1/P39_I290_S1_gene-IGHD2-8-01_02_haplotype.tsv
samples/P39/P39_I291_S1/P39_I291_S1_gene-IGHD2-21-01_02_haplotype.tsv
samples/P39/P39_I291_S1/P39_I291_S1_gene-IGHD2-8-01_02_haplotype.tsv
samples/P39/P39_I291_S1/P39_I291_S1_gene-IGHJ6-02_03_haplotype.tsv
samples/P39/P39_I292_S1/P39_I292_S1_gene-IGHD2-8-01_02_haplotype.tsv
samples/P39/P39_I292_S1/P39_I292_S1_gene-IGHJ6-02_03_haplotype.tsv
samples/P39/P39_I293_S1/P39_I293_S1_gene-IGHD2-8-01_02_haplotype.tsv
samples/P39/P39_I294_S1/P39_I294_S1_gene-IGHD2-8-01_02_haplotype.tsv
either/or format in IGHV4-4*08_09 ignored
samples/P39/P39_I295_S1/P39_I295_S1_gene-IGHD2-8-01_02_haplotype.tsv
samples/P39/P39_I297_S1/P39_I297_S1_gene-IGHJ6-02_03_haplotype.tsv
samples/P39/P39_I297_S1/P39_I297_S1_gene-IGHD2-21-01_02_haplotype.tsv
samples/P39/P39_I298_S1/P39_I298_S1_gene-IGHJ6-02_03_haplotype.tsv
samples/P39/P39_I298_S1/P39_I298_S1_gene-IGHD2-21-01_02_haplotype.tsv
samples/P39/P39_I299_S1/P39_I299_S1_gene-IGHJ6-02_03_haplotype.tsv
samples/P39/P39_I302_S1/P39_I302_S1_gene-IGHJ6-02_03_haplotype.tsv
samples/P39/P39_I303_S1/P39_I303_S1_gene-IGHD2-21-01_02_haplotype.tsv
samples/P39/P39_I304_S1/P39_I304_S1_gene-IGHJ6-02_03_haplotype.tsv
samples/P39/P39_I306_S1/P39_I306_S1_gene-IGHD2-21-01_02_haplotype.tsv
samples/P39/P39_I306_S1/P39_I306_S1_gene-IGHD2-8-01_02_haplotype.tsv
samples/P39/P39_I307_S1/P39_I307_S1_gene-IGHD2-21-01_02_haplotype.tsv
samples/P39/P39_I307_S1/P39_I307_S1_gene-IGHD2-8-01_02_haplotype.tsv
samples/P39/P39_I308_S1/P39_I308_S1_gene-IGHD2-21-01_02_haplotype.tsv
samples/P39/P39_I308_S1/P39_I308_S1_gene-IGHJ6-02_03_haplotype.tsv
samples/P39/P39_I309_S1/P39_I309_S1_gene-IGHD2-21-01_02_haplotype.tsv
either/or format in IGHV3-66*02_03 ignored
samples/P39/P39_I309_S1/P39_I309_S1_gene-IGHJ6-02_03_haplotype.tsv
samples/P39/P39_I310_S1/P39_I310_S1_gene-IGHJ6-02_03_haplotype.tsv
either/or format in IGHV3-13*01_06 ignored
samples/P39/P39_I310_S1/P39_I310_S1_gene-IGHD2-21-01_02_haplotype.tsv
samples/P39/P39_I311_S1/P39_I311_S1_gene-IGHD2-21-01_02_haplotype.tsv
either/or format in IGHV3-66*02_03 ignored
samples/P39/P39_I311_S1/P39_I311_S1_gene-IGHJ6-02_03_haplotype.tsv
samples/P39/P39_I314_S1/P39_I314_S1_gene-IGHD2-21-01_02_haplotype.tsv
samples/P39/P39_I315_S1/P39_I315_S1_gene-IGHD2-8-01_02_haplotype.tsv
samples/P39/P39_I316_S1/P39_I316_S1_gene-IGHD2-8-01_02_haplotype.tsv
samples/P39/P39_I320_S1/P39_I320_S1_gene-IGHD2-8-01_02_haplotype.tsv
samples/P39/P39_I322_S1/P39_I322_S1_gene-IGHJ6-02_03_haplotype.tsv
either/or format in IGHV3-66*02_03 ignored
samples/P39/P39_I323_S1/P39_I323_S1_gene-IGHD2-21-01_02_haplotype.tsv
samples/P39/P39_I324_S1/P39_I324_S1_gene-IGHJ6-02_03_haplotype.tsv
samples/P39/P39_I326_S1/P39_I326_S1_gene-IGHD2-8-01_02_haplotype.tsv
samples/P39/P39_I326_S1/P39_I326_S1_gene-IGHD2-21-01_02_haplotype.tsv
samples/P39/P39_I329_S1/P39_I329_S1_gene-IGHD2-8-01_02_haplotype.tsv
samples/P39/P39_I332_S1/P39_I332_S1_gene-IGHD2-8-01_02_haplotype.tsv
samples/P39/P39_I333_S1/P39_I333_S1_gene-IGHJ6-02_03_haplotype.tsv
samples/P39/P39_I334_S1/P39_I334_S1_gene-IGHD2-8-01_02_haplotype.tsv
samples/P39/P39_I335_S1/P39_I335_S1_gene-IGHD2-21-01_02_haplotype.tsv
samples/P39/P39_I336_S1/P39_I336_S1_gene-IGHD2-8-01_02_haplotype.tsv
samples/P39/P39_I338_S1/P39_I338_S1_gene-IGHJ6-02_03_haplotype.tsv
samples/P39/P39_I338_S1/P39_I338_S1_gene-IGHD2-8-01_02_haplotype.tsv
samples/P39/P39_I339_S1/P39_I339_S1_gene-IGHD2-21-01_02_haplotype.tsv
samples/P39/P39_I341_S1/P39_I341_S1_gene-IGHD2-21-01_02_haplotype.tsv
samples/P39/P39_I341_S1/P39_I341_S1_gene-IGHJ6-02_03_haplotype.tsv
samples/P39/P39_I342_S1/P39_I342_S1_gene-IGHD2-21-01_02_haplotype.tsv
samples/P39/P39_I342_S1/P39_I342_S1_gene-IGHJ6-02_03_haplotype.tsv
samples/P39/P39_I342_S1/P39_I342_S1_gene-IGHD2-8-01_02_haplotype.tsv
samples/P39/P39_I343_S1/P39_I343_S1_gene-IGHD2-8-01_02_haplotype.tsv
samples/P39/P39_I343_S1/P39_I343_S1_gene-IGHJ6-02_03_haplotype.tsv
samples/P39/P39_I344_S1/P39_I344_S1_gene-IGHD2-21-01_02_haplotype.tsv
samples/P39/P39_I344_S1/P39_I344_S1_gene-IGHJ6-02_03_haplotype.tsv
samples/P39/P39_I345_S1/P39_I345_S1_gene-IGHD2-8-01_02_haplotype.tsv
samples/P39/P39_I346_S1/P39_I346_S1_gene-IGHD2-8-01_02_haplotype.tsv
samples/P39/P39_I347_S1/P39_I347_S1_gene-IGHD2-8-01_02_haplotype.tsv
either/or format in IGHV4-4*08_09 ignored
samples/P39/P39_I347_S1/P39_I347_S1_gene-IGHD2-21-01_02_haplotype.tsv
samples/P39/P39_I348_S1/P39_I348_S1_gene-IGHD2-8-01_02_haplotype.tsv
samples/P39/P39_I350_S1/P39_I350_S1_gene-IGHD2-21-01_02_haplotype.tsv
samples/P39/P39_I350_S1/P39_I350_S1_gene-IGHD2-8-01_02_haplotype.tsv
samples/P39/P39_I351_S1/P39_I351_S1_gene-IGHJ6-02_03_haplotype.tsv
samples/P39/P39_I351_S1/P39_I351_S1_gene-IGHD2-21-01_02_haplotype.tsv
samples/P39/P39_I352_S1/P39_I352_S1_gene-IGHD2-8-01_02_haplotype.tsv
samples/P39/P39_I353_S1/P39_I353_S1_gene-IGHD2-8-01_02_haplotype.tsv
either/or format in IGHV3-66*02_03 ignored
samples/P39/P39_I355_S1/P39_I355_S1_gene-IGHD2-8-01_02_haplotype.tsv
samples/P39/P39_I356_S1/P39_I356_S1_gene-IGHD2-8-01_02_haplotype.tsv
samples/P39/P39_I356_S1/P39_I356_S1_gene-IGHJ6-02_03_haplotype.tsv
samples/P39/P39_I356_S1/P39_I356_S1_gene-IGHD2-21-01_02_haplotype.tsv
samples/P39/P39_I357_S1/P39_I357_S1_gene-IGHD2-8-01_02_haplotype.tsv
samples/P39/P39_I357_S1/P39_I357_S1_gene-IGHD2-21-01_02_haplotype.tsv
samples/P39/P39_I357_S1/P39_I357_S1_gene-IGHJ6-02_03_haplotype.tsv
samples/P39/P39_I358_S1/P39_I358_S1_gene-IGHD2-8-01_02_haplotype.tsv
samples/P39/P39_I359_S1/P39_I359_S1_gene-IGHJ6-02_03_haplotype.tsv
samples/P39/P39_I359_S1/P39_I359_S1_gene-IGHD2-8-01_02_haplotype.tsv
samples/P39/P39_I360_S1/P39_I360_S1_gene-IGHJ6-02_03_haplotype.tsv
samples/P39/P39_I361_S1/P39_I361_S1_gene-IGHD2-8-01_02_haplotype.tsv
samples/P39/P39_I361_S1/P39_I361_S1_gene-IGHJ6-02_03_haplotype.tsv
samples/P39/P39_I362_S1/P39_I362_S1_gene-IGHD2-8-01_02_haplotype.tsv
samples/P39/P39_I362_S1/P39_I362_S1_gene-IGHD2-21-01_02_haplotype.tsv
samples/P39/P39_I363_S1/P39_I363_S1_gene-IGHJ6-02_03_haplotype.tsv
samples/P39/P39_I364_S1/P39_I364_S1_gene-IGHD2-8-01_02_haplotype.tsv
samples/P39/P39_I365_S1/P39_I365_S1_gene-IGHD2-8-01_02_haplotype.tsv
samples/P39/P39_I366_S1/P39_I366_S1_gene-IGHD2-8-01_02_haplotype.tsv
samples/P39/P39_I367_S1/P39_I367_S1_gene-IGHJ6-02_03_haplotype.tsv
samples/P39/P39_I367_S1/P39_I367_S1_gene-IGHD2-8-01_02_haplotype.tsv
samples/P39/P39_I367_S1/P39_I367_S1_gene-IGHD2-21-01_02_haplotype.tsv
samples/P39/P39_I369_S1/P39_I369_S1_gene-IGHD2-8-01_02_haplotype.tsv
samples/P39/P39_I370_S1/P39_I370_S1_gene-IGHD2-8-01_02_haplotype.tsv
either/or format in IGHV4-4*08_09 ignored
samples/P39/P39_I370_S1/P39_I370_S1_gene-IGHJ6-02_03_haplotype.tsv
either/or format in IGHV4-4*08_09 ignored
samples/P39/P39_I371_S1/P39_I371_S1_gene-IGHD2-8-01_02_haplotype.tsv
samples/P39/P39_I372_S1/P39_I372_S1_gene-IGHD2-8-01_02_haplotype.tsv
samples/P39/P39_I373_S1/P39_I373_S1_gene-IGHD2-8-01_02_haplotype.tsv
samples/P39/P39_I373_S1/P39_I373_S1_gene-IGHJ6-02_03_haplotype.tsv
samples/P39/P39_I374_S1/P39_I374_S1_gene-IGHD2-8-01_02_haplotype.tsv
samples/P39/P39_I374_S1/P39_I374_S1_gene-IGHD2-21-01_02_haplotype.tsv
samples/P39/P39_I375_S1/P39_I375_S1_gene-IGHD2-21-01_02_haplotype.tsv
samples/P39/P39_I375_S1/P39_I375_S1_gene-IGHJ6-02_03_haplotype.tsv
samples/P39/P39_I376_S1/P39_I376_S1_gene-IGHJ6-02_03_haplotype.tsv
samples/P39/P39_I376_S1/P39_I376_S1_gene-IGHD2-21-01_02_haplotype.tsv
samples/P39/P39_I377_S1/P39_I377_S1_gene-IGHJ6-02_03_haplotype.tsv
samples/P39/P39_I378_S1/P39_I378_S1_gene-IGHD2-8-01_02_haplotype.tsv
samples/P39/P39_I378_S1/P39_I378_S1_gene-IGHD2-21-01_02_haplotype.tsv
samples/P39/P39_I378_S1/P39_I378_S1_gene-IGHJ6-02_03_haplotype.tsv
samples/P39/P39_I379_S1/P39_I379_S1_gene-IGHD2-21-01_02_haplotype.tsv
samples/P39/P39_I379_S1/P39_I379_S1_gene-IGHJ6-02_03_haplotype.tsv
samples/P39/P39_I379_S1/P39_I379_S1_gene-IGHD2-8-01_02_haplotype.tsv
samples/P39/P39_I380_S1/P39_I380_S1_gene-IGHD2-8-01_02_haplotype.tsv
samples/P39/P39_I381_S1/P39_I381_S1_gene-IGHD2-8-01_02_haplotype.tsv
samples/P39/P39_I382_S1/P39_I382_S1_gene-IGHD2-8-01_02_haplotype.tsv
samples/P39/P39_I384_S1/P39_I384_S1_gene-IGHD2-8-01_02_haplotype.tsv
samples/P39/P39_I386_S1/P39_I386_S1_gene-IGHD2-8-01_02_haplotype.tsv
samples/P39/P39_I386_S1/P39_I386_S1_gene-IGHD2-21-01_02_haplotype.tsv
samples/P39/P39_I387_S1/P39_I387_S1_gene-IGHD2-8-01_02_haplotype.tsv
samples/P39/P39_I387_S1/P39_I387_S1_gene-IGHJ6-02_03_haplotype.tsv
samples/P39/P39_I388_S1/P39_I388_S1_gene-IGHJ6-02_03_haplotype.tsv
samples/P39/P39_I388_S1/P39_I388_S1_gene-IGHD2-8-01_02_haplotype.tsv
samples/P39/P39_I389_S1/P39_I389_S1_gene-IGHJ6-02_03_haplotype.tsv
samples/P39/P39_I390_S1/P39_I390_S1_gene-IGHD2-8-01_02_haplotype.tsv
samples/P39/P39_I391_S1/P39_I391_S1_gene-IGHD2-8-01_02_haplotype.tsv
samples/P39/P39_I392_S1/P39_I392_S1_gene-IGHD2-21-01_02_haplotype.tsv
samples/P39/P39_I393_S1/P39_I393_S1_gene-IGHD2-8-01_02_haplotype.tsv
samples/P39/P39_I393_S1/P39_I393_S1_gene-IGHD2-21-01_02_haplotype.tsv
samples/P39/P39_I395_S1/P39_I395_S1_gene-IGHJ6-02_03_haplotype.tsv
samples/P39/P39_I395_S1/P39_I395_S1_gene-IGHD2-8-01_02_haplotype.tsv
samples/P39/P39_I396_S1/P39_I396_S1_gene-IGHD2-21-01_02_haplotype.tsv
samples/P39/P39_I397_S1/P39_I397_S1_gene-IGHD2-21-01_02_haplotype.tsv
samples/P39/P39_I398_S1/P39_I398_S1_gene-IGHD2-8-01_02_haplotype.tsv
samples/P39/P39_I398_S1/P39_I398_S1_gene-IGHD2-21-01_02_haplotype.tsv
samples/P39/P39_I399_S1/P39_I399_S1_gene-IGHD2-21-01_02_haplotype.tsv
samples/P39/P39_I399_S1/P39_I399_S1_gene-IGHD2-8-01_02_haplotype.tsv
samples/P39/P39_I400_S1/P39_I400_S1_gene-IGHJ6-02_03_haplotype.tsv
samples/P39/P39_I402_S1/P39_I402_S1_gene-IGHD2-8-01_02_haplotype.tsv
samples/P39/P39_I405_S1/P39_I405_S1_gene-IGHD2-21-01_02_haplotype.tsv
either/or format in IGHV4-4*08_09 ignored
samples/P39/P39_I405_S1/P39_I405_S1_gene-IGHJ6-02_03_haplotype.tsv
either/or format in IGHV4-4*08_09 ignored
samples/P39/P39_I406_S1/P39_I406_S1_gene-IGHD2-8-01_02_haplotype.tsv
samples/P39/P39_I408_S1/P39_I408_S1_gene-IGHJ6-02_03_haplotype.tsv
samples/P39/P39_I408_S1/P39_I408_S1_gene-IGHD2-21-01_02_haplotype.tsv
samples/P39/P39_I408_S1/P39_I408_S1_gene-IGHD2-8-01_02_haplotype.tsv
either/or format in IGHV3-66*02_03 ignored
samples/P39/P39_I409_S1/P39_I409_S1_gene-IGHD2-8-01_02_haplotype.tsv
samples/P39/P39_I410_S1/P39_I410_S1_gene-IGHD2-21-01_02_haplotype.tsv
samples/P39/P39_I410_S1/P39_I410_S1_gene-IGHJ6-02_03_haplotype.tsv
samples/P39/P39_I412_S1/P39_I412_S1_gene-IGHD2-8-01_02_haplotype.tsv
samples/P39/P39_I413_S1/P39_I413_S1_gene-IGHJ6-02_03_haplotype.tsv
either/or format in IGHV3-66*02_03 ignored
samples/P39/P39_I415_S1/P39_I415_S1_gene-IGHD2-8-01_02_haplotype.tsv
samples/P39/P39_I416_S1/P39_I416_S1_gene-IGHD2-21-01_02_haplotype.tsv
samples/P39/P39_I416_S1/P39_I416_S1_gene-IGHD2-8-01_02_haplotype.tsv
samples/P39/P39_I417_S1/P39_I417_S1_gene-IGHJ6-02_03_haplotype.tsv
samples/P39/P39_I417_S1/P39_I417_S1_gene-IGHD2-8-01_02_haplotype.tsv
samples/P39/P39_I419_S1/P39_I419_S1_gene-IGHD2-8-01_02_haplotype.tsv
samples/P39/P39_I420_S1/P39_I420_S1_gene-IGHD2-21-01_02_haplotype.tsv
samples/P39/P39_I420_S1/P39_I420_S1_gene-IGHJ6-02_03_haplotype.tsv
samples/P39/P39_I421_S1/P39_I421_S1_gene-IGHJ6-02_03_haplotype.tsv
samples/P39/P39_I422_S1/P39_I422_S1_gene-IGHD2-8-01_02_haplotype.tsv
samples/P39/P39_I422_S1/P39_I422_S1_gene-IGHD2-21-01_02_haplotype.tsv
samples/P39/P39_I423_S1/P39_I423_S1_gene-IGHD2-8-01_02_haplotype.tsv
samples/P39/P39_I424_S1/P39_I424_S1_gene-IGHJ6-02_03_haplotype.tsv
samples/P39/P39_I424_S1/P39_I424_S1_gene-IGHD2-8-01_02_haplotype.tsv
samples/P39/P39_I426_S1/P39_I426_S1_gene-IGHD2-8-01_02_haplotype.tsv
samples/P39/P39_I427_S1/P39_I427_S1_gene-IGHJ6-02_03_haplotype.tsv
samples/P39/P39_I429_S1/P39_I429_S1_gene-IGHJ6-02_03_haplotype.tsv
samples/P39/P39_I430_S1/P39_I430_S1_gene-IGHD2-8-01_02_haplotype.tsv
samples/P39/P39_I430_S1/P39_I430_S1_gene-IGHD2-21-01_02_haplotype.tsv
samples/P39/P39_I431_S1/P39_I431_S1_gene-IGHD2-8-01_02_haplotype.tsv
samples/P39/P39_I432_S1/P39_I432_S1_gene-IGHD2-8-01_02_haplotype.tsv
samples/P39/P39_I432_S1/P39_I432_S1_gene-IGHJ6-02_03_haplotype.tsv
samples/P39/P39_I433_S1/P39_I433_S1_gene-IGHD2-8-01_02_haplotype.tsv
samples/P39/P39_I434_S1/P39_I434_S1_gene-IGHJ6-02_03_haplotype.tsv
samples/P39/P39_I434_S1/P39_I434_S1_gene-IGHD2-8-01_02_haplotype.tsv
samples/P39/P39_I435_S1/P39_I435_S1_gene-IGHD2-8-01_02_haplotype.tsv
samples/P39/P39_I435_S1/P39_I435_S1_gene-IGHJ6-02_03_haplotype.tsv
samples/P39/P39_I436_S1/P39_I436_S1_gene-IGHJ6-02_03_haplotype.tsv
samples/P39/P39_I436_S1/P39_I436_S1_gene-IGHD2-21-01_02_haplotype.tsv
samples/P39/P39_I436_S1/P39_I436_S1_gene-IGHD2-8-01_02_haplotype.tsv
samples/P39/P39_I438_S1/P39_I438_S1_gene-IGHD2-21-01_02_haplotype.tsv
samples/P39/P39_I438_S1/P39_I438_S1_gene-IGHJ6-02_03_haplotype.tsv
samples/P39/P39_I439_S1/P39_I439_S1_gene-IGHD2-21-01_02_haplotype.tsv
samples/P39/P39_I439_S1/P39_I439_S1_gene-IGHD2-8-01_02_haplotype.tsv
either/or format in IGHV2-26*01_04 ignored
samples/P39/P39_I443_S1/P39_I443_S1_gene-IGHD2-8-01_02_haplotype.tsv
samples/P39/P39_I444_S1/P39_I444_S1_gene-IGHJ6-02_03_haplotype.tsv
samples/P39/P39_I447_S1/P39_I447_S1_gene-IGHD2-8-01_02_haplotype.tsv
samples/P39/P39_I448_S1/P39_I448_S1_gene-IGHD2-8-01_02_haplotype.tsv
samples/P39/P39_I449_S1/P39_I449_S1_gene-IGHD2-21-01_02_haplotype.tsv
samples/P39/P39_I449_S1/P39_I449_S1_gene-IGHD2-8-01_02_haplotype.tsv
samples/P39/P39_I450_S1/P39_I450_S1_gene-IGHD2-21-01_02_haplotype.tsv
samples/P39/P39_I450_S1/P39_I450_S1_gene-IGHJ6-02_03_haplotype.tsv
samples/P39/P39_I451_S1/P39_I451_S1_gene-IGHD2-21-01_02_haplotype.tsv
samples/P39/P39_I451_S1/P39_I451_S1_gene-IGHJ6-02_03_haplotype.tsv
samples/P39/P39_I451_S1/P39_I451_S1_gene-IGHD2-8-01_02_haplotype.tsv
samples/P39/P39_I453_S1/P39_I453_S1_gene-IGHD2-21-01_02_haplotype.tsv
samples/P39/P39_I453_S1/P39_I453_S1_gene-IGHJ6-02_03_haplotype.tsv
samples/P39/P39_I454_S1/P39_I454_S1_gene-IGHD2-8-01_02_haplotype.tsv
samples/P39/P39_I454_S1/P39_I454_S1_gene-IGHD2-21-01_02_haplotype.tsv
samples/P39/P39_I456_S1/P39_I456_S1_gene-IGHD2-8-01_02_haplotype.tsv
samples/P39/P39_I456_S1/P39_I456_S1_gene-IGHJ6-02_03_haplotype.tsv
either/or format in IGHV3-66*02_03 ignored
samples/P39/P39_I456_S1/P39_I456_S1_gene-IGHD2-21-01_02_haplotype.tsv
either/or format in IGHV3-66*02_03 ignored
samples/P39/P39_I459_S1/P39_I459_S1_gene-IGHJ6-02_03_haplotype.tsv
samples/P39/P39_I459_S1/P39_I459_S1_gene-IGHD2-21-01_02_haplotype.tsv
samples/P39/P39_I460_S1/P39_I460_S1_gene-IGHJ6-02_03_haplotype.tsv
samples/P39/P39_I460_S1/P39_I460_S1_gene-IGHD2-21-01_02_haplotype.tsv
samples/P39/P39_I462_S1/P39_I462_S1_gene-IGHD2-8-01_02_haplotype.tsv
samples/P39/P39_I462_S1/P39_I462_S1_gene-IGHD2-21-01_02_haplotype.tsv
samples/P39/P39_I463_S1/P39_I463_S1_gene-IGHJ6-02_03_haplotype.tsv
samples/P39/P39_I464_S1/P39_I464_S1_gene-IGHD2-8-01_02_haplotype.tsv
samples/P39/P39_I466_S1/P39_I466_S1_gene-IGHD2-21-01_02_haplotype.tsv
samples/P39/P39_I466_S1/P39_I466_S1_gene-IGHJ6-02_03_haplotype.tsv
either/or format in IGHV4-4*08_09 ignored
samples/P39/P39_I467_S1/P39_I467_S1_gene-IGHD2-8-01_02_haplotype.tsv
samples/P39/P39_I468_S1/P39_I468_S1_gene-IGHJ6-02_03_haplotype.tsv
samples/P39/P39_I469_S1/P39_I469_S1_gene-IGHD2-8-01_02_haplotype.tsv
samples/P39/P39_I470_S1/P39_I470_S1_gene-IGHD2-8-01_02_haplotype.tsv
samples/P39/P39_I471_S1/P39_I471_S1_gene-IGHD2-8-01_02_haplotype.tsv
samples/P39/P39_I472_S1/P39_I472_S1_gene-IGHD2-8-01_02_haplotype.tsv
samples/P39/P39_I472_S1/P39_I472_S1_gene-IGHJ6-02_03_haplotype.tsv
samples/P39/P39_I472_S1/P39_I472_S1_gene-IGHD2-21-01_02_haplotype.tsv
samples/P39/P39_I473_S1/P39_I473_S1_gene-IGHD2-8-01_02_haplotype.tsv
samples/P39/P39_I474_S1/P39_I474_S1_gene-IGHD2-8-01_02_haplotype.tsv
samples/P39/P39_I475_S1/P39_I475_S1_gene-IGHD2-8-01_02_haplotype.tsv
samples/P39/P39_I476_S1/P39_I476_S1_gene-IGHD2-8-01_02_haplotype.tsv
samples/P39/P39_I476_S1/P39_I476_S1_gene-IGHJ6-02_03_haplotype.tsv
samples/P39/P39_I477_S1/P39_I477_S1_gene-IGHD2-8-01_02_haplotype.tsv
samples/P39/P39_I478_S1/P39_I478_S1_gene-IGHD2-8-01_02_haplotype.tsv
samples/P39/P39_I479_S1/P39_I479_S1_gene-IGHD2-21-01_02_haplotype.tsv
samples/P39/P39_I479_S1/P39_I479_S1_gene-IGHD2-8-01_02_haplotype.tsv
samples/P39/P39_I481_S1/P39_I481_S1_gene-IGHD2-8-01_02_haplotype.tsv
samples/P39/P39_I483_S1/P39_I483_S1_gene-IGHD2-8-01_02_haplotype.tsv
samples/P39/P39_I483_S1/P39_I483_S1_gene-IGHD2-21-01_02_haplotype.tsv
samples/P39/P39_I483_S1/P39_I483_S1_gene-IGHJ6-02_03_haplotype.tsv
samples/P39/P39_I484_S1/P39_I484_S1_gene-IGHD2-8-01_02_haplotype.tsv
samples/P39/P39_I485_S1/P39_I485_S1_gene-IGHD2-8-01_02_haplotype.tsv
samples/P39/P39_I486_S1/P39_I486_S1_gene-IGHJ6-02_03_haplotype.tsv
samples/P39/P39_I486_S1/P39_I486_S1_gene-IGHD2-21-01_02_haplotype.tsv
samples/P39/P39_I487_S1/P39_I487_S1_gene-IGHD2-8-01_02_haplotype.tsv
samples/P39/P39_I489_S1/P39_I489_S1_gene-IGHD2-21-01_02_haplotype.tsv
samples/P39/P39_I490_S1/P39_I490_S1_gene-IGHD2-8-01_02_haplotype.tsv
samples/P39/P39_I490_S1/P39_I490_S1_gene-IGHD2-21-01_02_haplotype.tsv
samples/P39/P39_I491_S1/P39_I491_S1_gene-IGHD2-8-01_02_haplotype.tsv
samples/P39/P39_I492_S1/P39_I492_S1_gene-IGHJ6-02_03_haplotype.tsv
samples/P39/P39_I492_S1/P39_I492_S1_gene-IGHD2-8-01_02_haplotype.tsv
samples/P39/P39_I493_S1/P39_I493_S1_gene-IGHJ6-02_03_haplotype.tsv
samples/P39/P39_I494_S1/P39_I494_S1_gene-IGHD2-21-01_02_haplotype.tsv
samples/P39/P39_I494_S1/P39_I494_S1_gene-IGHD2-8-01_02_haplotype.tsv
samples/P39/P39_I494_S1/P39_I494_S1_gene-IGHJ6-02_03_haplotype.tsv
samples/P39/P39_I496_S1/P39_I496_S1_gene-IGHD2-8-01_02_haplotype.tsv
samples/P39/P39_I497_S1/P39_I497_S1_gene-IGHJ6-02_03_haplotype.tsv
samples/P39/P39_I498_S1/P39_I498_S1_gene-IGHD2-8-01_02_haplotype.tsv
samples/P39/P39_I499_S1/P39_I499_S1_gene-IGHJ6-02_03_haplotype.tsv
samples/P39/P39_I499_S1/P39_I499_S1_gene-IGHD2-8-01_02_haplotype.tsv
samples/P39/P39_I502_S1/P39_I502_S1_gene-IGHD2-8-01_02_haplotype.tsv
samples/P39/P39_I504_S1/P39_I504_S1_gene-IGHD2-8-01_02_haplotype.tsv
samples/P39/P39_I505_S1/P39_I505_S1_gene-IGHJ6-02_03_haplotype.tsv
samples/P39/P39_I506_S1/P39_I506_S1_gene-IGHD2-8-01_02_haplotype.tsv
samples/P39/P39_I506_S1/P39_I506_S1_gene-IGHD2-21-01_02_haplotype.tsv
samples/P39/P39_I507_S1/P39_I507_S1_gene-IGHD2-8-01_02_haplotype.tsv
samples/P39/P39_I510_S1/P39_I510_S1_gene-IGHD2-8-01_02_haplotype.tsv
samples/P39/P39_I512_S1/P39_I512_S1_gene-IGHJ6-02_03_haplotype.tsv
samples/P39/P39_I512_S1/P39_I512_S1_gene-IGHD2-21-01_02_haplotype.tsv
samples/P39/P39_I513_S1/P39_I513_S1_gene-IGHD2-8-01_02_haplotype.tsv
samples/P39/P39_I514_S1/P39_I514_S1_gene-IGHD2-8-01_02_haplotype.tsv
samples/P39/P39_I515_S1/P39_I515_S1_gene-IGHD2-21-01_02_haplotype.tsv
samples/P39/P39_I515_S1/P39_I515_S1_gene-IGHD2-8-01_02_haplotype.tsv
samples/P39/P39_I516_S1/P39_I516_S1_gene-IGHD2-8-01_02_haplotype.tsv
samples/P39/P39_I517_S1/P39_I517_S1_gene-IGHJ6-02_03_haplotype.tsv
samples/P39/P39_I519_S1/P39_I519_S1_gene-IGHJ6-02_03_haplotype.tsv
samples/P39/P39_I519_S1/P39_I519_S1_gene-IGHD2-21-01_02_haplotype.tsv
samples/P39/P39_I520_S1/P39_I520_S1_gene-IGHD2-8-01_02_haplotype.tsv
samples/P39/P39_I520_S1/P39_I520_S1_gene-IGHJ6-02_03_haplotype.tsv
samples/P39/P39_I520_S1/P39_I520_S1_gene-IGHD2-21-01_02_haplotype.tsv
samples/P39/P39_I521_S1/P39_I521_S1_gene-IGHD2-21-01_02_haplotype.tsv
samples/P39/P39_I521_S1/P39_I521_S1_gene-IGHD2-8-01_02_haplotype.tsv
samples/P39/P39_I522_S1/P39_I522_S1_gene-IGHJ6-02_03_haplotype.tsv
samples/P39/P39_I523_S1/P39_I523_S1_gene-IGHD2-21-01_02_haplotype.tsv
samples/P39/P39_I523_S1/P39_I523_S1_gene-IGHD2-8-01_02_haplotype.tsv
samples/P39/P39_I525_S1/P39_I525_S1_gene-IGHD2-8-01_02_haplotype.tsv
samples/P39/P39_I526_S1/P39_I526_S1_gene-IGHD2-21-01_02_haplotype.tsv
samples/P39/P39_I526_S1/P39_I526_S1_gene-IGHJ6-02_03_haplotype.tsv
samples/P39/P39_I528_S1/P39_I528_S1_gene-IGHD2-8-01_02_haplotype.tsv
samples/P39/P39_I530_S1/P39_I530_S1_gene-IGHD2-8-01_02_haplotype.tsv
samples/P39/P39_I532_S1/P39_I532_S1_gene-IGHD2-21-01_02_haplotype.tsv
samples/P39/P39_I533_S1/P39_I533_S1_gene-IGHD2-8-01_02_haplotype.tsv
samples/P39/P39_I534_S1/P39_I534_S1_gene-IGHD2-21-01_02_haplotype.tsv
either/or format in IGHV3-13*01_06 ignored
samples/P39/P39_I534_S1/P39_I534_S1_gene-IGHD2-8-01_02_haplotype.tsv
samples/P39/P39_I537_S1/P39_I537_S1_gene-IGHD2-21-01_02_haplotype.tsv
samples/P39/P39_I537_S1/P39_I537_S1_gene-IGHJ6-02_03_haplotype.tsv
samples/P39/P39_I538_S1/P39_I538_S1_gene-IGHD2-8-01_02_haplotype.tsv
samples/P39/P39_I538_S1/P39_I538_S1_gene-IGHD2-21-01_02_haplotype.tsv
samples/P39/P39_I539_S1/P39_I539_S1_gene-IGHJ6-02_03_haplotype.tsv
samples/P39/P39_I540_S1/P39_I540_S1_gene-IGHJ6-02_03_haplotype.tsv
samples/P39/P39_I543_S1/P39_I543_S1_gene-IGHD2-21-01_02_haplotype.tsv
samples/P39/P39_I543_S1/P39_I543_S1_gene-IGHD2-8-01_02_haplotype.tsv
samples/P39/P39_I543_S1/P39_I543_S1_gene-IGHJ6-02_03_haplotype.tsv
samples/P39/P39_I544_S1/P39_I544_S1_gene-IGHJ6-02_03_haplotype.tsv
samples/P39/P39_I545_S1/P39_I545_S1_gene-IGHD2-21-01_02_haplotype.tsv
samples/P39/P39_I545_S1/P39_I545_S1_gene-IGHJ6-02_03_haplotype.tsv
samples/P39/P39_I546_S1/P39_I546_S1_gene-IGHJ6-02_03_haplotype.tsv
samples/P39/P39_I546_S1/P39_I546_S1_gene-IGHD2-8-01_02_haplotype.tsv
samples/P39/P39_I546_S1/P39_I546_S1_gene-IGHD2-21-01_02_haplotype.tsv
samples/P39/P39_I547_S1/P39_I547_S1_gene-IGHD2-8-01_02_haplotype.tsv
samples/P39/P39_I548_S1/P39_I548_S1_gene-IGHD2-8-01_02_haplotype.tsv
samples/P39/P39_I549_S1/P39_I549_S1_gene-IGHD2-8-01_02_haplotype.tsv
samples/P39/P39_I549_S1/P39_I549_S1_gene-IGHD2-21-01_02_haplotype.tsv
samples/P39/P39_I550_S1/P39_I550_S1_gene-IGHD2-21-01_02_haplotype.tsv
samples/P39/P39_I550_S1/P39_I550_S1_gene-IGHD2-8-01_02_haplotype.tsv
samples/P39/P39_I551_S1/P39_I551_S1_gene-IGHD2-8-01_02_haplotype.tsv
samples/P39/P39_I551_S1/P39_I551_S1_gene-IGHD2-21-01_02_haplotype.tsv
samples/P39/P39_I552_S1/P39_I552_S1_gene-IGHD2-8-01_02_haplotype.tsv
samples/P39/P39_I553_S1/P39_I553_S1_gene-IGHD2-8-01_02_haplotype.tsv
samples/P39/P39_I555_S1/P39_I555_S1_gene-IGHD2-8-01_02_haplotype.tsv
samples/P39/P39_I557_S1/P39_I557_S1_gene-IGHD2-8-01_02_haplotype.tsv
samples/P39/P39_I558_S1/P39_I558_S1_gene-IGHD2-21-01_02_haplotype.tsv
samples/P39/P39_I558_S1/P39_I558_S1_gene-IGHJ6-02_03_haplotype.tsv
samples/P39/P39_I558_S1/P39_I558_S1_gene-IGHD2-8-01_02_haplotype.tsv
samples/P39/P39_I559_S1/P39_I559_S1_gene-IGHD2-8-01_02_haplotype.tsv
samples/P39/P39_I560_S1/P39_I560_S1_gene-IGHD2-8-01_02_haplotype.tsv
samples/P39/P39_I561_S1/P39_I561_S1_gene-IGHJ6-02_03_haplotype.tsv
samples/P39/P39_I562_S1/P39_I562_S1_gene-IGHD2-8-01_02_haplotype.tsv
samples/P39/P39_I565_S1/P39_I565_S1_gene-IGHD2-21-01_02_haplotype.tsv
samples/P39/P39_I565_S1/P39_I565_S1_gene-IGHD2-8-01_02_haplotype.tsv
samples/P39/P39_I566_S1/P39_I566_S1_gene-IGHJ6-02_03_haplotype.tsv
either/or format in IGHV1-3*01_05_02 ignored
samples/P39/P39_I567_S1/P39_I567_S1_gene-IGHD2-8-01_02_haplotype.tsv
samples/P39/P39_I568_S1/P39_I568_S1_gene-IGHJ6-02_03_haplotype.tsv
samples/P39/P39_I569_S1/P39_I569_S1_gene-IGHD2-21-01_02_haplotype.tsv
either/or format in IGHV4-28*01_07_03 ignored
samples/P39/P39_I569_S1/P39_I569_S1_gene-IGHJ6-02_03_haplotype.tsv
samples/P39/P39_I570_S1/P39_I570_S1_gene-IGHD2-8-01_02_haplotype.tsv
samples/P39/P39_I571_S1/P39_I571_S1_gene-IGHJ6-02_03_haplotype.tsv
samples/P39/P39_I572_S1/P39_I572_S1_gene-IGHD2-21-01_02_haplotype.tsv
samples/P39/P39_I572_S1/P39_I572_S1_gene-IGHD2-8-01_02_haplotype.tsv
samples/P39/P39_I572_S1/P39_I572_S1_gene-IGHJ6-02_03_haplotype.tsv
samples/P39/P39_I573_S1/P39_I573_S1_gene-IGHD2-21-01_02_haplotype.tsv
samples/P39/P39_I573_S1/P39_I573_S1_gene-IGHD2-8-01_02_haplotype.tsv
either/or format in IGHV4-4*08_09 ignored
samples/P39/P39_I574_S1/P39_I574_S1_gene-IGHD2-21-01_02_haplotype.tsv
samples/P39/P39_I574_S1/P39_I574_S1_gene-IGHD2-8-01_02_haplotype.tsv
samples/P39/P39_I575_S1/P39_I575_S1_gene-IGHD2-21-01_02_haplotype.tsv
samples/P39/P39_I575_S1/P39_I575_S1_gene-IGHJ6-02_03_haplotype.tsv
samples/P39/P39_I578_S1/P39_I578_S1_gene-IGHD2-21-01_02_haplotype.tsv
samples/P39/P39_I578_S1/P39_I578_S1_gene-IGHD2-8-01_02_haplotype.tsv
samples/P39/P39_I579_S1/P39_I579_S1_gene-IGHJ6-02_03_haplotype.tsv
samples/P39/P39_I580_S1/P39_I580_S1_gene-IGHD2-8-01_02_haplotype.tsv
samples/P39/P39_I583_S1/P39_I583_S1_gene-IGHJ6-02_03_haplotype.tsv
samples/P39/P39_I583_S1/P39_I583_S1_gene-IGHD2-21-01_02_haplotype.tsv
samples/P39/P39_I585_S1/P39_I585_S1_gene-IGHJ6-02_03_haplotype.tsv
samples/P39/P39_I587_S1/P39_I587_S1_gene-IGHD2-21-01_02_haplotype.tsv
samples/P39/P39_I587_S1/P39_I587_S1_gene-IGHD2-8-01_02_haplotype.tsv
samples/P39/P39_I587_S1/P39_I587_S1_gene-IGHJ6-02_03_haplotype.tsv
samples/P39/P39_I589_S1/P39_I589_S1_gene-IGHJ6-02_03_haplotype.tsv
samples/P39/P39_I589_S1/P39_I589_S1_gene-IGHD2-8-01_02_haplotype.tsv
samples/P39/P39_I592_S1/P39_I592_S1_gene-IGHD2-8-01_02_haplotype.tsv
samples/P39/P39_I592_S1/P39_I592_S1_gene-IGHJ6-02_03_haplotype.tsv
samples/P39/P39_I593_S1/P39_I593_S1_gene-IGHD2-21-01_02_haplotype.tsv
samples/P39/P39_I593_S1/P39_I593_S1_gene-IGHD2-8-01_02_haplotype.tsv
either/or format in IGHV4-4*08_09 ignored
